Client Detail,,License Detail,,,,,,,Year 1,,,,Year 2,,,,Year 3,,,,,,,,,,,User Ddetail,,,,,,,,,,,,,
Brand,Billing Detail,Player Name,CMS Version ,ID,Screen,Physical,License,Status,IV 1,Period 1,Start 1,End 1,IV 2,Period2,Start 2,End 2,IV 3,Period 3,Start 3,End 3,IV 4,Period 4,Start 4,End 4,Active ,Exp,Alert,Registered Account,Password,Player SKU,Note,Note 2,Account Link,,,,,,,,
BTO,BIg Tree Outdoor,ZippyWall,4.0.8+build-auto v.5.5.0 MSI 5.5.0 14.2.0,125,,5400x1920,CS Play,1 Online/Offline,QT156 / IX24-19,12,10/6/2024,10/6/2025,QT423 / IX25-65,12,10/6/2025,10/6/2026,QT-000949,12,10/6/2026,9/6/2027,,,,,9/6/2027,380.00,NO,faezan.ajlan@bigtree.com.my,#N/A,CMP0023,,,CS Play (cityscreen.cloud),,,,,,,,
KLIATV,Rimbun Hybrid TV Sdn Bhd,Z_CIX_OfficeTest,#N/A,#N/A,,#N/A,CS Play,6 Not Tracked,,11,1/7/2025,30/6/2026,,,,,,,,,,,,,30/6/2026,36.00,NO,cms@klia-tv.com.my,,,,,,,,,,,,,
Mitsubishi,Team Moxim Sdn Bhd,"Yee Fatt Automobile, Segamat - SC 01",4.4.0+build-auto v.5.9.1,125,,1980x1080,CS SignHub,1 Online/Offline,IX25-0146,13,1/8/2025,1/9/2026,,,,,,Yes,,,,,,,1/9/2026,99.00,NO,,,,,,,,,,,,,,
Maxis,Maxis Broadband Sdn Bhd,1Borneo MC-BM 1 - SF,4.3.0+build-auto v.5.8.0 MSI 5.7.0,326,,1080x1920,CS SignHub,1 Online/Offline,IX25-0028,36,1/4/2025,1/4/2028,,,,,,,,,,,,,1/4/2028,677.00,NO,,,,,,,,,,,,,,
Maxis,Maxis Broadband Sdn Bhd,1Borneo MC-BM 2 - Demo TV,4.0.7+build-auto v.5.3.4 MSI 5.3.4,327,,1920x1080,CS SignHub,1 Online/Offline,IX25-0028,36,1/4/2025,1/4/2028,,,,,,,,,,,,,1/4/2028,677.00,NO,,,,,,,,,,,,,,
Maxis,Maxis Broadband Sdn Bhd,1Borneo MC-BM 3 - MIRA,4.5.0+build-auto v.5.9.2,328,,,CS SignHub,1 Online/Offline,IX25-0028,36,1/4/2025,1/4/2028,,,,,,,,,,,,,1/4/2028,677.00,NO,,,,,,,,,,,,,,
Maxis,Maxis Broadband Sdn Bhd,AEON AU2 MEPLite-EN 01 - Brandwall-P1,,646,,7680x2160,CS SignHub,1 Online/Offline,IX25-0330,36,17/11/2025,17/11/2028,,,,,,,,,,,,,17/11/2028,907.00,NO,,,,,,,,,,,,,,
Maxis,Maxis Broadband Sdn Bhd,AEON AU2 MEPLite-EN 02 - DS01,,647,,1920x540,CS SignHub,1 Online/Offline,IX25-0330,36,17/11/2025,17/11/2028,,,,,,,,,,,,,17/11/2028,907.00,NO,,,,,,,,,,,,,,
Maxis,Maxis Broadband Sdn Bhd,AEON AU2 MEPLite-EN 03 - DS02,,648,,1920x540,CS SignHub,1 Online/Offline,IX25-0330,36,17/11/2025,17/11/2028,,,,,,,,,,,,,17/11/2028,907.00,NO,,,,,,,,,,,,,,
Maxis,Maxis Broadband Sdn Bhd,AEON Bandaraya Melaka MEP-EN 1 - SF,4.3.0+build-auto v.5.8.0 MSI 5.7.0,522,,1080x1920,CS SignHub,1 Online/Offline,IX25-0028,36,1/4/2025,1/4/2028,,,,,,,,,,,,,1/4/2028,677.00,NO,,,,,,,,,,,,,,
Maxis,Maxis Broadband Sdn Bhd,AEON Bandaraya Melaka MEP-EN 2 - P2 (Postpaid),"4.3.0+build-auto	v.5.8.0 MSI 5.7.0",523,,1920x1080,CS SignHub,1 Online/Offline,IX25-0028,36,1/4/2025,1/4/2028,,,,,,,,,,,,,1/4/2028,677.00,NO,,,,,,,,,,,,,,
Maxis,Maxis Broadband Sdn Bhd,AEON Big Kepong MEP-EN 1 - P2 (1st Left),"4.3.0+build-auto	v.5.8.0 MSI 5.7.0",270,,,CS SignHub,1 Online/Offline,IX25-0028,36,1/4/2025,1/4/2028,,,,,,,,,,,,,1/4/2028,677.00,NO,,,,,,,,,,,,,,
Maxis,Maxis Broadband Sdn Bhd,AEON Big Kepong MEP-EN 2 - Hotlink,"4.3.0+build-auto	v.5.8.0 MSI 5.7.0",269,,,CS SignHub,1 Online/Offline,IX25-0028,36,1/4/2025,1/4/2028,,,,,,,,,,,,,1/4/2028,677.00,NO,,,,,,,,,,,,,,
Maxis,Maxis Broadband Sdn Bhd,AEON Big Kepong MEP-EN 3 - SF,"	4.3.0+build-auto	v.5.8.0 MSI 5.7.0",271,,,CS SignHub,1 Online/Offline,IX25-0028,36,1/4/2025,1/4/2028,,,,,,,,,,,,,1/4/2028,677.00,NO,,,,,,,,,,,,,,
Maxis,Maxis Broadband Sdn Bhd,AEON Bkt Mertajam MC-EN 1- SF,,317,,,CS SignHub,1 Online/Offline,IX25-0028,36,1/4/2025,1/4/2028,,,,,,,,,,,,,1/4/2028,677.00,NO,,,,,,,,,,,,,,
Maxis,Maxis Broadband Sdn Bhd,AEON Bkt Mertajam MC-EN 2 - P3 (Hotlink),,318,,,CS SignHub,1 Online/Offline,IX25-0028,36,1/4/2025,1/4/2028,,,,,,,,,,,,,1/4/2028,677.00,NO,,,,,,,,,,,,,,
Maxis,Maxis Broadband Sdn Bhd,AEON Bkt Mertajam MC-EN 3 - Demo TV,,319,,,CS SignHub,1 Online/Offline,IX25-0028,36,1/4/2025,1/4/2028,,,,,,,,,,,,,1/4/2028,677.00,NO,,,,,,,,,,,,,,
unknown,unknown,unknown,,1,,n/a,CS Play,5 Unknown,n/a,0,2/5/2025,2/5/2025,,,,,,,,,,,,,2/5/2025,-388.00,NO,xxxxxxx,#N/A,-empty-,,,Wastah,,,,,,,,
unknown,unknown,unknown,,2,,n/a,CS Play,5 Unknown,n/a,0,2/5/2025,2/5/2025,,,,,,,,,,,,,2/5/2025,-388.00,NO,xxxxxxx,#N/A,-empty-,,,Wastah,,,,,,,,
unknown,unknown,unknown,,3,,n/a,CS Play,5 Unknown,n/a,0,2/5/2025,2/5/2025,,,,,,,,,,,,,2/5/2025,-388.00,NO,xxxxxxx,#N/A,-empty-,,,Wastah,,,,,,,,
unknown,unknown,unknown,,4,,n/a,CS Play,5 Unknown,n/a,0,2/5/2025,2/5/2025,,,,,,,,,,,,,2/5/2025,-388.00,NO,xxxxxxx,#N/A,-empty-,,,Scala,,,,,,,,
unknown,unknown,unknown,,5,,n/a,CS Play,5 Unknown,n/a,0,2/5/2025,2/5/2025,,,,,,,,,,,,,2/5/2025,-388.00,NO,xxxxxxx,#N/A,-empty-,,,Scala,,,,,,,,
unknown,unknown,unknown,,6,,n/a,CS Play,5 Unknown,n/a,0,2/5/2025,2/5/2025,,,,,,,,,,,,,2/5/2025,-388.00,NO,xxxxxxx,#N/A,-empty-,,,Scala,,,,,,,,
unknown,unknown,unknown,,7,,n/a,CS Play,5 Unknown,n/a,0,2/5/2025,2/5/2025,,,,,,,,,,,,,2/5/2025,-388.00,NO,xxxxxxx,#N/A,-empty-,,,Scala,,,,,,,,
unknown,unknown,unknown,,8,,n/a,CS Play,5 Unknown,n/a,0,2/5/2025,2/5/2025,,,,,,,,,,,,,2/5/2025,-388.00,NO,xxxxxxx,#N/A,-empty-,,,Scala,,,,,,,,
unknown,unknown,unknown,,9,,n/a,CS Play,5 Unknown,n/a,0,2/5/2025,2/5/2025,,,,,,,,,,,,,2/5/2025,-388.00,NO,xxxxxxx,#N/A,-empty-,,,Scala,,,,,,,,
unknown,unknown,unknown,,10,,n/a,CS Play,5 Unknown,n/a,0,2/5/2025,2/5/2025,,,,,,,,,,,,,2/5/2025,-388.00,NO,xxxxxxx,#N/A,-empty-,,,Scala,,,,,,,,
unknown,unknown,unknown,,11,,n/a,CS Play,5 Unknown,n/a,0,2/5/2025,2/5/2025,,,,,,,,,,,,,2/5/2025,-388.00,NO,xxxxxxx,#N/A,-empty-,,,Scala,,,,,,,,
unknown,unknown,unknown,,12,,n/a,CS Play,5 Unknown,n/a,0,2/5/2025,2/5/2025,,,,,,,,,,,,,2/5/2025,-388.00,NO,xxxxxxx,#N/A,-empty-,,,Scala,,,,,,,,
unknown,unknown,unknown,,13,,n/a,CS Play,5 Unknown,n/a,0,2/5/2025,2/5/2025,,,,,,,,,,,,,2/5/2025,-388.00,NO,xxxxxxx,#N/A,-empty-,,,Scala,,,,,,,,
unknown,unknown,unknown,,15,,n/a,CS Play,5 Unknown,n/a,0,2/5/2025,2/5/2025,,,,,,,,,,,,,2/5/2025,-388.00,NO,xxxxxxx,#N/A,-empty-,,,Scala,,,,,,,,
unknown,unknown,unknown,,16,,n/a,CS Play,5 Unknown,n/a,0,2/5/2025,2/5/2025,,,,,,,,,,,,,2/5/2025,-388.00,NO,xxxxxxx,#N/A,-empty-,,,Scala,,,,,,,,
unknown,unknown,unknown,,18,,n/a,CS Play,5 Unknown,n/a,0,2/5/2025,2/5/2025,,,,,,,,,,,,,2/5/2025,-388.00,NO,xxxxxxx,#N/A,-empty-,,,Scala,,,,,,,,
unknown,unknown,unknown,,19,,n/a,CS Play,5 Unknown,n/a,0,2/5/2025,2/5/2025,,,,,,,,,,,,,2/5/2025,-388.00,NO,xxxxxxx,#N/A,-empty-,,,Scala,,,,,,,,
unknown,unknown,unknown,,1,1,n/a,CS SignHub,5 Unknown,n/a,0,2/5/2025,2/5/2025,,,,,,,,,,,,,2/5/2025,-388.00,NO,xxxxxxx,#N/A,-empty-,,,Scala,,,,,,,,
Seni Jaya,Vision OOH,Unit2_Unit5,4.3.0+build-auto,178,4,1152x576,CS Play,1 Online/Offline,"IX24-55, PR92",17,1/7/2024,31/12/2025,IX25-351,12,1/1/2026,31/12/2026,,,,,,,,,31/12/2026,220.00,NO,edgarlim+csplay@aims-research.com,#N/A,CMP0063,,,CS Play (cityscreen.cloud),,,,,,,,
Seni Jaya,Vision OOH,Unit1,4.3.0+build-auto,179,1,288x576,CS Play,1 Online/Offline,"IX24-55, PR92",17,1/7/2024,31/12/2025,IX25-351,12,1/1/2026,31/12/2026,,,,,,,,,31/12/2026,220.00,NO,edgarlim+csplay@aims-research.com,#N/A,CMP0062,,,CS Play (cityscreen.cloud),,,,,,,,
TM,TM Technology Services,Unifi KLCC,,,1,n/a,Intuiface I/active,3 Archive,IX53-23,24,12/7/2023,12/7/2025,,,,,,,,,,,,,12/7/2025,-317.00,NO,lexus@click-ix.com,#N/A,tbc 6,Lift & Learn - PR0094 13/2/25 - 11/7/25,,Share & Deploy | My Intuiface,,,,,,,,
TM,TM Technology Services,Unifi KLCC,,,1,n/a,Intuiface I/active,3 Archive,IX53-23,24,12/7/2023,12/7/2025,,,,,,,,,,,,,12/7/2025,-317.00,NO,lexus@click-ix.com,#N/A,tbc 5,"Lift & Learn - PR0094 13/2/25 - 11/7/25
Tied to Lexus' Intuiface Composer",,Share & Deploy | My Intuiface,,,,,,,,
Q-Tech Vietnam,Q-Tech Vietnam,"U Silk City, Hanoi Vietnam",,54,,1920x1080,CS SignHub,4 Test,n/a,15,9/1/2024,2/5/2025,,,,,,,,,,,,,2/5/2025,-388.00,NO,bryant_m@q-techvietnam.com,#N/A,-empty-,,,Scala,,,,,,,,
Maxis,Maxis Broadband Sdn Bhd,AEON Bkt Mertajam MC-EN 4 - P2 (Postpaid),,321,,,CS SignHub,1 Online/Offline,IX25-0028,36,1/4/2025,1/4/2028,,,,,,,,,,,,,1/4/2028,677.00,NO,,,,,,,,,,,,,,
Maxis,Maxis Broadband Sdn Bhd,AEON Bkt Mertajam MC-EN 5 - MIRA,,320,,,CS SignHub,1 Online/Offline,IX25-0028,36,1/4/2025,1/4/2028,,,,,,,,,,,,,1/4/2028,677.00,NO,,,,,,,,,,,,,,
Maxis,Maxis Broadband Sdn Bhd,AEON Bkt Mertajam MC-EN 6 - P1 (Back),,322,,,CS SignHub,1 Online/Offline,IX25-0028,36,1/4/2025,1/4/2028,,,,,,,,,,,,,1/4/2028,677.00,NO,,,,,,,,,,,,,,
Maxis,Maxis Broadband Sdn Bhd,"AEON Bukit Indah, JB MEP-EN 1 - P2 (Postpaid)",,561,,,CS SignHub,1 Online/Offline,IX25-0028,36,1/4/2025,1/4/2028,,,,,,,,,,,,,1/4/2028,677.00,NO,,,,,,,,,,,,,,
Maxis,Maxis Broadband Sdn Bhd,"AEON Bukit Indah, JB MEP-EN 2 - SF",,560,,,CS SignHub,1 Online/Offline,IX25-0028,36,1/4/2025,1/4/2028,,,,,,,,,,,,,1/4/2028,677.00,NO,,,,,,,,,,,,,,
Maxis,Maxis Broadband Sdn Bhd,AEON Bukit Tinggi MEP-EN 1 - SF,,372,,,CS SignHub,1 Online/Offline,IX25-0028,36,1/4/2025,1/4/2028,,,,,,,,,,,,,1/4/2028,677.00,NO,,,,,,,,,,,,,,
Loreal,Acrylic Signature Trading ,TRXWatson_LorealSerumBar,unknown 90/3.2.0,17,1,1280x800,CS SignHub,1 Online/Offline,XI24-76,12,16/11/2024,16/11/2025,,,,,IX25-280,12,16/11/2025,16/11/2026,,,,,16/11/2026,175.00,NO,signhub@click-ix.com,#N/A,Built-In Android,red one : never installed,,CS SignHub (cityscreen.cloud),,,,,,,,
Loreal,Acrylic Signature Trading ,TRXWatson_LorealHair,unknown 91/3.2.1,20,1,1920x1080,CS SignHub,6 Not Tracked,"IX24-0007,QT118",12,22/1/2024,22/1/2025,,,,,IX25-280,12,16/11/2025,16/11/2026,,,,,16/11/2026,175.00,NO,signhub@click-ix.com,#N/A,-empty-,,,Scala,,,,,,,,
Loreal,Acrylic Signature Trading ,TRXGuardian_MaybellineMakeUpSt,unknown 90/3.2.0,25,1,1920x1080,CS SignHub,1 Online/Offline,XI24-76,12,16/11/2024,16/11/2025,,,,,IX25-280,12,16/11/2025,16/11/2026,,,,,16/11/2026,175.00,NO,signhub@click-ix.com,#N/A,Built-In Android,"43"" vertical",,CS SignHub (cityscreen.cloud),,,,,,,,
Maybelline,Acrylic Signature Trading ,TRXGuardian_MaybellineLips,unknown 90/3.2.0,22,1,1280x800,CS SignHub,1 Online/Offline,XI24-76/IX25-0147,12,16/11/2025,16/11/2026,,,,,,,,,,,,,16/11/2026,175.00,NO,signhub@click-ix.com,#N/A,Built-In Android,,,CS SignHub (cityscreen.cloud),,,,,,,,
Maybelline,Acrylic Signature Trading ,TRXGuardian_MaybellineFace,unknown 90/3.2.0,28,1,1280x800,CS SignHub,1 Online/Offline,XI24-76/IX25-0147,12,16/11/2025,16/11/2026,,,,,,,,,,,,,16/11/2026,175.00,NO,signhub@click-ix.com,#N/A,Built-In Android,,,CS SignHub (cityscreen.cloud),,,,,,,,
Maybelline,Acrylic Signature Trading ,TRXGuardian_MaybellineEyes,unknown 90/3.2.0,23,1,1280x800,CS SignHub,1 Online/Offline,XI24-76/IX25-0147,12,16/11/2025,16/11/2026,,,,,,,,,,,,,16/11/2026,175.00,NO,signhub@click-ix.com,#N/A,Built-In Android,,,CS SignHub (cityscreen.cloud),,,,,,,,
Loreal,Acrylic Signature Trading ,TRXGuardian_Maybelline43V,unknown 90/3.2.0,24,1,1080x1920,CS SignHub,1 Online/Offline,XI24-76/IX25-0280,12,16/11/2024,16/11/2025,,,,,IX25-280,12,16/11/2025,16/11/2026,,,,,16/11/2026,175.00,NO,signhub@click-ix.com,#N/A,Built-In Android,"43"" horizontal",,CS SignHub (cityscreen.cloud),,,,,,,,
Colgate,Acrylic Signature Trading ,TRXGuardian_ColgateToothpaste,unknown 90/3.2.0,26,1,1920x1080,CS SignHub,1 Online/Offline,QT93/IX81-23,12,14/11/2023,14/11/2024,IX24-83,12,14/11/2024,14/11/2025,IX25-280,12,16/11/2025,16/11/2026,,,,,16/11/2026,175.00,NO,signhub@click-ix.com,#N/A,Built-In Android,"21"" horizontal","IX81-23, QT93",CS SignHub (cityscreen.cloud),,,,,,,,
Colgate,Acrylic Signature Trading ,TRXGuardian_ColgateToothbrush,unknown 90/3.2.0,27,1,1920x1080,CS SignHub,1 Online/Offline,QT93/IX81-23,12,14/11/2023,14/11/2024,IX24-83,12,14/11/2024,14/11/2025,IX25-280,12,16/11/2025,16/11/2026,,,,,16/11/2026,175.00,NO,signhub@click-ix.com,#N/A,Built-In Android,"21"" horizontal","IX81-23, QT93",CS SignHub (cityscreen.cloud),,,,,,,,
Maxis,Maxis Broadband Sdn Bhd,AEON Bukit Tinggi MEP-EN 2 - Hotlink,,373,,,CS SignHub,1 Online/Offline,IX25-0028,36,1/4/2025,1/4/2028,,,,,,,,,,,,,1/4/2028,677.00,NO,,,,,,,,,,,,,,
Maxis,Maxis Broadband Sdn Bhd,AEON Bukit Tinggi MEP-EN 3 - P2 (Postpaid),,374,,,CS SignHub,1 Online/Offline,IX25-0028,36,1/4/2025,1/4/2028,,,,,,,,,,,,,1/4/2028,677.00,NO,,,,,,,,,,,,,,
Maxis,Maxis Broadband Sdn Bhd,AEON Bukit Tinggi MEP-EN 4 - P1 (Back),,375,,,CS SignHub,1 Online/Offline,IX25-0028,36,1/4/2025,1/4/2028,,,,,,,,,,,,,1/4/2028,677.00,NO,,,,,,,,,,,,,,
Maxis,Maxis Broadband Sdn Bhd,AEON Cheras Selatan MEP-BM 1 - P1,,213,,,CS SignHub,1 Online/Offline,IX25-0028,36,1/4/2025,1/4/2028,,,,,,,,,,,,,1/4/2028,677.00,NO,,,,,,,,,,,,,,
Maxis,Maxis Broadband Sdn Bhd,AEON Cheras Selatan MEP-BM 2 - Demo TV,,214,,,CS SignHub,1 Online/Offline,IX25-0028,36,1/4/2025,1/4/2028,,,,,,,,,,,,,1/4/2028,677.00,NO,,,,,,,,,,,,,,
Maxis,Maxis Broadband Sdn Bhd,AEON Cheras Selatan MEP-BM 3 - Hotlink,,215,,,CS SignHub,1 Online/Offline,IX25-0028,36,1/4/2025,1/4/2028,,,,,,,,,,,,,1/4/2028,677.00,NO,,,,,,,,,,,,,,
Maxis,Maxis Broadband Sdn Bhd,AEON Kinta City MC-EN 1 - MIRA,,360,,,CS SignHub,1 Online/Offline,IX25-0028,36,1/4/2025,1/4/2028,,,,,,,,,,,,,1/4/2028,677.00,NO,,,,,,,,,,,,,,
Maxis,Maxis Broadband Sdn Bhd,AEON Kinta City MC-EN 2 - P1 (Zerolution),,359,,,CS SignHub,1 Online/Offline,IX25-0028,36,1/4/2025,1/4/2028,,,,,,,,,,,,,1/4/2028,677.00,NO,,,,,,,,,,,,,,
Maxis,Maxis Broadband Sdn Bhd,AEON Kota Bahru MC-BM 1 - P1 (Hotlink),,198,,,CS SignHub,1 Online/Offline,IX25-0028,36,1/4/2025,1/4/2028,,,,,,,,,,,,,1/4/2028,677.00,NO,,,,,,,,,,,,,,
Maxis,Maxis Broadband Sdn Bhd,AEON Kota Bahru MC-BM 2 - Demo TV,,199,,,CS SignHub,1 Online/Offline,IX25-0028,36,1/4/2025,1/4/2028,,,,,,,,,,,,,1/4/2028,677.00,NO,,,,,,,,,,,,,,
Maxis,Maxis Broadband Sdn Bhd,AEON Kota Bahru MC-BM 3 - MIRA,,200,,,CS SignHub,1 Online/Offline,IX25-0028,36,1/4/2025,1/4/2028,,,,,,,,,,,,,1/4/2028,677.00,NO,,,,,,,,,,,,,,
Maxis,Maxis Broadband Sdn Bhd,AEON Kuching MC-EN 1 - SF,,345,,,CS SignHub,1 Online/Offline,IX25-0028,36,1/4/2025,1/4/2028,,,,,,,,,,,,,1/4/2028,677.00,NO,,,,,,,,,,,,,,
Maxis,Maxis Broadband Sdn Bhd,AEON Kuching MC-EN 2 - P3 (Hotlink),,346,,,CS SignHub,1 Online/Offline,IX25-0028,36,1/4/2025,1/4/2028,,,,,,,,,,,,,1/4/2028,677.00,NO,,,,,,,,,,,,,,
Aeon Mall,Kesion Malaysia Sdn Bhd,TmnEquine_DS 3,4.5.0+build-auto,213,1,1080x1920,CS Play,1 Online/Offline,QT257,12,1/1/2025,1/1/2026,IX26-0137,12,1/1/2026,31/12/2026,,,,,,,,,31/12/2026,220.00,NO,naim@kesion.co.jp,K3s10njp,KEPL-0032,,,CS Play (cityscreen.cloud),,,,,,,,
Aeon Mall,Kesion Malaysia Sdn Bhd,TmnEquine_DS 2,4.5.0+build-auto,212,1,1080x1920,CS Play,1 Online/Offline,QT257,12,1/1/2025,1/1/2026,IX26-0137,12,1/1/2026,31/12/2026,,,,,,,,,31/12/2026,220.00,NO,naim@kesion.co.jp,K3s10njp,KEPL-0031,,,CS Play (cityscreen.cloud),,,,,,,,
Aeon Mall,Kesion Malaysia Sdn Bhd,TmnEquine_DS 1,4.5.0+build-auto,211,1,1080x1920,CS Play,1 Online/Offline,QT257,12,1/1/2025,1/1/2026,IX26-0137,12,1/1/2026,31/12/2026,,,,,,,,,31/12/2026,220.00,NO,naim@kesion.co.jp,K3s10njp,KEPL-0030,,,CS Play (cityscreen.cloud),,,,,,,,
Maxis,Maxis Broadband Sdn Bhd,AEON Kuching MC-EN 3 - P1 (Postpaid),,343,,,CS SignHub,1 Online/Offline,IX25-0028,36,1/4/2025,1/4/2028,,,,,,,,,,,,,1/4/2028,677.00,NO,,,,,,,,,,,,,,
Maxis,Maxis Broadband Sdn Bhd,AEON Kuching MC-EN 4 - P2 (Business),,344,,,CS SignHub,1 Online/Offline,IX25-0028,36,1/4/2025,1/4/2028,,,,,,,,,,,,,1/4/2028,677.00,NO,,,,,,,,,,,,,,
Maxis,Maxis Broadband Sdn Bhd,AEON Kuching MC-EN 5 - P2 (Accessories),,347,,,CS SignHub,1 Online/Offline,IX25-0028,36,1/4/2025,1/4/2028,,,,,,,,,,,,,1/4/2028,677.00,NO,,,,,,,,,,,,,,
Maxis,Maxis Broadband Sdn Bhd,AEON Kulai Jaya MEP-EN,,550,,,CS SignHub,1 Online/Offline,IX25-0028,36,1/4/2025,1/4/2028,,,,,,,,,,,,,1/4/2028,677.00,NO,,,,,,,,,,,,,,
Maxis,Maxis Broadband Sdn Bhd,AEON Maluri MEP-EN 1 - SF,,227,,,CS SignHub,1 Online/Offline,IX25-0028,36,1/4/2025,1/4/2028,,,,,,,,,,,,,1/4/2028,677.00,NO,,,,,,,,,,,,,,
Maxis,Maxis Broadband Sdn Bhd,AEON Maluri MEP-EN 2 - Postpaid,,228,,,CS SignHub,1 Online/Offline,IX25-0028,36,1/4/2025,1/4/2028,,,,,,,,,,,,,1/4/2028,677.00,NO,,,,,,,,,,,,,,
Maxis,Maxis Broadband Sdn Bhd,AEON Maluri MEP-EN 3 - Zerolution,,229,,,CS SignHub,1 Online/Offline,IX25-0028,36,1/4/2025,1/4/2028,,,,,,,,,,,,,1/4/2028,677.00,NO,,,,,,,,,,,,,,
Maxis,Maxis Broadband Sdn Bhd,AEON Nilai MEP-BM 1 - SF,,582,,,CS SignHub,1 Online/Offline,IX25-0028,36,1/4/2025,1/4/2028,,,,,,,,,,,,,1/4/2028,677.00,NO,,,,,,,,,,,,,,
Maxis,Maxis Broadband Sdn Bhd,AEON Nilai MEP-BM 2 - P3 (Fibre),,581,,,CS SignHub,1 Online/Offline,IX25-0028,36,1/4/2025,1/4/2028,,,,,,,,,,,,,1/4/2028,677.00,NO,,,,,,,,,,,,,,
Maxis,Maxis Broadband Sdn Bhd,AEON Nilai MEP-BM 3 - P2 (Accessories),,583,,,CS SignHub,1 Online/Offline,IX25-0028,36,1/4/2025,1/4/2028,,,,,,,,,,,,,1/4/2028,677.00,NO,,,,,,,,,,,,,,
Maxis,Maxis Broadband Sdn Bhd,AEON Rawang MEP-EN 1 - Hotlink,,253,,,CS SignHub,1 Online/Offline,IX25-0028,36,1/4/2025,1/4/2028,,,,,,,,,,,,,1/4/2028,677.00,NO,,,,,,,,,,,,,,
Maxis,Maxis Broadband Sdn Bhd,AEON Rawang MEP-EN 2 - P1,,256,,,CS SignHub,1 Online/Offline,IX25-0028,36,1/4/2025,1/4/2028,,,,,,,,,,,,,1/4/2028,677.00,NO,,,,,,,,,,,,,,
Maxis,Maxis Broadband Sdn Bhd,AEON Rawang MEP-EN 3 - P2 (2nd Left),,255,,,CS SignHub,1 Online/Offline,IX25-0028,36,1/4/2025,1/4/2028,,,,,,,,,,,,,1/4/2028,677.00,NO,,,,,,,,,,,,,,
Maxis,Maxis Broadband Sdn Bhd,AEON Rawang MEP-EN 4 - SF,,254,,,CS SignHub,1 Online/Offline,IX25-0028,36,1/4/2025,1/4/2028,,,,,,,,,,,,,1/4/2028,677.00,NO,,,,,,,,,,,,,,
Maxis,Maxis Broadband Sdn Bhd,AEON Seremban 2 MC-EN 1 - SF,,85,,,CS SignHub,1 Online/Offline,IX25-0028,36,1/4/2025,1/4/2028,,,,,,,,,,,,,1/4/2028,677.00,NO,,,,,,,,,,,,,,
Maxis,Maxis Broadband Sdn Bhd,AEON Seremban 2 MC-EN 2 - P2 (Fibre),,81,,,CS SignHub,1 Online/Offline,IX25-0028,36,1/4/2025,1/4/2028,,,,,,,,,,,,,1/4/2028,677.00,NO,,,,,,,,,,,,,,
Maxis,Maxis Broadband Sdn Bhd,AEON Seremban 2 MC-EN 3 - MIRA,,83,,,CS SignHub,1 Online/Offline,IX25-0028,36,1/4/2025,1/4/2028,,,,,,,,,,,,,1/4/2028,677.00,NO,,,,,,,,,,,,,,
Maxis,Maxis Broadband Sdn Bhd,AEON Seremban 2 MC-EN 4 - P3 (Business),,84,,,CS SignHub,1 Online/Offline,IX25-0028,36,1/4/2025,1/4/2028,,,,,,,,,,,,,1/4/2028,677.00,NO,,,,,,,,,,,,,,
Maxis,Maxis Broadband Sdn Bhd,AEON Seremban 2 MC-EN 5 - P2 (LED),,82,,,CS SignHub,1 Online/Offline,IX25-0028,36,1/4/2025,1/4/2028,,,,,,,,,,,,,1/4/2028,677.00,NO,,,,,,,,,,,,,,
Maxis,Maxis Broadband Sdn Bhd,AEON Shah Alam MC-EN 1 - MIRA,,101,,,CS SignHub,1 Online/Offline,IX25-0028,36,1/4/2025,1/4/2028,,,,,,,,,,,,,1/4/2028,677.00,NO,,,,,,,,,,,,,,
Maxis,Maxis Broadband Sdn Bhd,AEON Shah Alam MC-EN 2 - SF,,99,,,CS SignHub,1 Online/Offline,IX25-0028,36,1/4/2025,1/4/2028,,,,,,,,,,,,,1/4/2028,677.00,NO,,,,,,,,,,,,,,
Maxis,Maxis Broadband Sdn Bhd,AEON Shah Alam MC-EN 3 - Demo TV,,98,,,CS SignHub,1 Online/Offline,IX25-0028,36,1/4/2025,1/4/2028,,,,,,,,,,,,,1/4/2028,677.00,NO,,,,,,,,,,,,,,
Maxis,Maxis Broadband Sdn Bhd,AEON Shah Alam MC-EN 4 - P1,,97,,,CS SignHub,1 Online/Offline,IX25-0028,36,1/4/2025,1/4/2028,,,,,,,,,,,,,1/4/2028,677.00,NO,,,,,,,,,,,,,,
Maxis,Maxis Broadband Sdn Bhd,AEON Shah Alam MC-EN 5 - Hotlink,,100,,,CS SignHub,1 Online/Offline,IX25-0028,36,1/4/2025,1/4/2028,,,,,,,,,,,,,1/4/2028,677.00,NO,,,,,,,,,,,,,,
Maxis,Maxis Broadband Sdn Bhd,AEON Shah Alam MC-EN 6 - P2,,102,,,CS SignHub,1 Online/Offline,IX25-0028,36,1/4/2025,1/4/2028,,,,,,,,,,,,,1/4/2028,677.00,NO,,,,,,,,,,,,,,
CIX,Click IX Sdn Bhd,TGM-Prod-01,,60,1,1075x430,CS SignHub,4 Test,n/a,#NUM!,25/5/2026,22/1/2025,,,,,,,,,,,,,22/1/2025,-488.00,NO,lexus+demoSH@click-ix.com,#N/A,-empty-,,,Scala,,,,,,,,
Maxis,Maxis Broadband Sdn Bhd,AEON Sri Manjung MC-EN 1 - SF,,353,,,CS SignHub,1 Online/Offline,IX25-0028,36,1/4/2025,1/4/2028,,,,,,,,,,,,,1/4/2028,677.00,NO,,,,,,,,,,,,,,
Maxis,Maxis Broadband Sdn Bhd,AEON Sri Manjung MC-EN 2 - P2 (Postpaid),,354,,,CS SignHub,1 Online/Offline,IX25-0028,36,1/4/2025,1/4/2028,,,,,,,,,,,,,1/4/2028,677.00,NO,,,,,,,,,,,,,,
Open,Open,Test - Bangsaria bangssar PJ Bypass,,59,,n/a,CS Play,3 Archive,n/a,17,20/11/2023,2/5/2025,,,,,,,,,,,,,2/5/2025,-388.00,NO,jt+play@click-ix.com,,,,,,,,,,,,,
Danwan,Danwan Outdoor,Test,,197,1185x864,1185x864,CS Play,3 Archive,QT89/PR0110,1,23/9/2024,1/11/2024,,,,,,,,,,,,,1/11/2024,-570.00,NO,kenneth@danwanoutdoor.com,#N/A,-empty-,,,Wastah,,,,,,,,
Maxis,Maxis Broadband Sdn Bhd,AEON Sri Manjung MC-EN 3 - Demo TV,,355,,,CS SignHub,1 Online/Offline,IX25-0028,36,1/4/2025,1/4/2028,,,,,,,,,,,,,1/4/2028,677.00,NO,,,,,,,,,,,,,,
Maxis,Maxis Broadband Sdn Bhd,AEON Station 18 MEP-EN 01 - SF-Brandwall,,200,,6000x3840,CS SignHub,1 Online/Offline,IX25-0244,36,25/9/2025,25/9/2028,,,,,,,,,,,,,25/9/2028,854.00,NO,,,,,,,,,,,,,,
Aeon Mall,Kesion Malaysia Sdn Bhd,TebrauCity_DS 6,4.3.0+build-auto,319,1,1080x1920,CS Play,1 Online/Offline,QT257,12,1/1/2025,1/1/2026,IX26-0137,12,1/1/2026,31/12/2026,,,,,,,,,31/12/2026,220.00,NO,naim@kesion.co.jp,K3s10njp,KEPL-0082,,,CS Play (cityscreen.cloud),,,,,,,,
Aeon Mall,Kesion Malaysia Sdn Bhd,TebrauCity_DS 5,4.3.0+build-auto,320,1,1080x1920,CS Play,1 Online/Offline,QT257,12,1/1/2025,1/1/2026,IX26-0137,12,1/1/2026,31/12/2026,,,,,,,,,31/12/2026,220.00,NO,naim@kesion.co.jp,K3s10njp,KEPL-0081,,,CS Play (cityscreen.cloud),,,,,,,,
Aeon Mall,Kesion Malaysia Sdn Bhd,TebrauCity_DS 4,4.3.0+build-auto,323,1,1080x1920,CS Play,1 Online/Offline,QT257,12,1/1/2025,1/1/2026,IX26-0137,12,1/1/2026,31/12/2026,,,,,,,,,31/12/2026,220.00,NO,naim@kesion.co.jp,K3s10njp,KEPL-0080,,,CS Play (cityscreen.cloud),,,,,,,,
Aeon Mall,Kesion Malaysia Sdn Bhd,TebrauCity_DS 3,4.3.0+build-auto,322,1,1080x1920,CS Play,1 Online/Offline,QT257,12,1/1/2025,1/1/2026,IX26-0137,12,1/1/2026,31/12/2026,,,,,,,,,31/12/2026,220.00,NO,naim@kesion.co.jp,K3s10njp,KEPL-0079,,,CS Play (cityscreen.cloud),,,,,,,,
Aeon Mall,Kesion Malaysia Sdn Bhd,TebrauCity_DS 2,4.3.0+build-auto,324,1,1080x1920,CS Play,1 Online/Offline,QT257,12,1/1/2025,1/1/2026,IX26-0137,12,1/1/2026,31/12/2026,,,,,,,,,31/12/2026,220.00,NO,naim@kesion.co.jp,K3s10njp,KEPL-0078,,,CS Play (cityscreen.cloud),,,,,,,,
Aeon Mall,Kesion Malaysia Sdn Bhd,TebrauCity_DS 1,4.3.0+build-auto,321,1,1080x1920,CS Play,1 Online/Offline,QT257,12,1/1/2025,1/1/2026,IX26-0137,12,1/1/2026,31/12/2026,,,,,,,,,31/12/2026,220.00,NO,naim@kesion.co.jp,K3s10njp,KEPL-0077,,,CS Play (cityscreen.cloud),,,,,,,,
CEVA Logistics,Ledtronics,tbc,,,,n/a,Intuiface,2 Inacitve ,"IX24-11, QT123",12,16/3/2024,16/3/2025,,,,,,,,,,,,,16/3/2025,-435.00,NO,ext.selventhiran.manimaran@cevalogistics.com,#N/A,-empty-,,,Wastah,,,,,,,,
Maxis,Maxis Broadband Sdn Bhd,AEON Station 18 MEP-EN 02 - MyGadget-MyHome,,83,,7680x2160,CS SignHub,1 Online/Offline,IX25-0244,36,25/9/2025,25/9/2028,,,,,,,,,,,,,25/9/2028,854.00,NO,,,,,,,,,,,,,,
Mitsubishi,Team Moxim Sdn Bhd,"Target Orion Star, Klang - SC 01",4.3.0+build-auto v.5.8.0 MSI 5.7.0,117,,1920x1080,CS SignHub,1 Online/Offline,IX25-0146,13,1/8/2025,1/9/2026,,,,,,Yes,,,,,,,1/9/2026,99.00,NO,,,,,,,,,,,,,,
Mitsubishi,Team Moxim Sdn Bhd,"Target Orion Star, Balakong - SC 02",4.3.0+build-auto v.5.8.0 MSI 5.7.0,111,,1080x1920,CS SignHub,1 Online/Offline,IX25-0146,13,1/8/2025,1/9/2026,,,,,,Yes,,,,,,,1/9/2026,99.00,NO,,,,,,,,,,,,,,
Mitsubishi,Team Moxim Sdn Bhd,"Target Orion Star, Balakong - SC 01",4.3.0+build-auto v.5.8.0 MSI 5.7.0,110,,1920x1080,CS SignHub,1 Online/Offline,IX25-0146,13,1/8/2025,1/9/2026,,,,,,Yes,,,,,,,1/9/2026,99.00,NO,,,,,,,,,,,,,,
Maxis,Maxis Broadband Sdn Bhd,AEON Station 18 MEP-EN 03 - DPOP 02 - Hero,,169,,1080x1920,CS SignHub,1 Online/Offline,IX25-0244,36,25/9/2025,25/9/2028,,,,,,,,,,,,,25/9/2028,854.00,NO,,,,,,,,,,,,,,
Maxis,Maxis Broadband Sdn Bhd,AEON Station 18 MEP-EN 04 - DPOP 01 - MyLifestyle,,101,,1080x1920,CS SignHub,1 Online/Offline,IX25-0244,36,25/9/2025,25/9/2028,,,,,,,,,,,,,25/9/2028,854.00,NO,,,,,,,,,,,,,,
Maxis,Maxis Broadband Sdn Bhd,"AEON Taman Universiti, JB MC-EN",,554,,,CS SignHub,1 Online/Offline,IX25-0028,36,1/4/2025,1/4/2028,,,,,,,,,,,,,1/4/2028,677.00,NO,,,,,,,,,,,,,,
Maxis,Maxis Broadband Sdn Bhd,Aeon Tebrau City MC-EN 1 - SF,,172,,,CS SignHub,1 Online/Offline,IX25-0028,36,1/4/2025,1/4/2028,,,,,,,,,,,,,1/4/2028,677.00,NO,,,,,,,,,,,,,,
Maxis,Maxis Broadband Sdn Bhd,Aeon Tebrau City MC-EN 2 - P2 (Zerolution),,170,,,CS SignHub,1 Online/Offline,IX25-0028,36,1/4/2025,1/4/2028,,,,,,,,,,,,,1/4/2028,677.00,NO,,,,,,,,,,,,,,
Maxis,Maxis Broadband Sdn Bhd,Aeon Tebrau City MC-EN 3 - P3 (Hotlink),,171,,,CS SignHub,1 Online/Offline,IX25-0028,36,1/4/2025,1/4/2028,,,,,,,,,,,,,1/4/2028,677.00,NO,,,,,,,,,,,,,,
Maxis,Maxis Broadband Sdn Bhd,Aeon Tebrau City MC-EN 4 - MIRA,,169,,,CS SignHub,1 Online/Offline,IX25-0028,36,1/4/2025,1/4/2028,,,,,,,,,,,,,1/4/2028,677.00,NO,,,,,,,,,,,,,,
Maxis,Maxis Broadband Sdn Bhd,Aeon Tebrau City MC-EN 5 - Demo TV (Fibre),,168,,,CS SignHub,1 Online/Offline,IX25-0028,36,1/4/2025,1/4/2028,,,,,,,,,,,,,1/4/2028,677.00,NO,,,,,,,,,,,,,,
Maxis,Maxis Broadband Sdn Bhd,Aeon Tebrau City MC-EN 6 - P1 (Fibre),,167,,,CS SignHub,1 Online/Offline,IX25-0028,36,1/4/2025,1/4/2028,,,,,,,,,,,,,1/4/2028,677.00,NO,,,,,,,,,,,,,,
Aeon Mall,Kesion Malaysia Sdn Bhd,Taiping_DS 3,4.3.0+build-auto,298,1,1080x1920,CS Play,1 Online/Offline,QT257,12,1/1/2025,1/1/2026,IX26-0137,12,1/1/2026,31/12/2026,,,,,,,,,31/12/2026,220.00,NO,naim@kesion.co.jp,K3s10njp,KEPL-0076,,,CS Play (cityscreen.cloud),,,,,,,,
Aeon Mall,Kesion Malaysia Sdn Bhd,Taiping_DS 2,4.3.0+build-auto,296,1,1080x1920,CS Play,1 Online/Offline,QT257,12,1/1/2025,1/1/2026,IX26-0137,12,1/1/2026,31/12/2026,,,,,,,,,31/12/2026,220.00,NO,naim@kesion.co.jp,K3s10njp,KEPL-0075,,,CS Play (cityscreen.cloud),,,,,,,,
Aeon Mall,Kesion Malaysia Sdn Bhd,Taiping_DS 1,4.5.0+build-auto,297,1,1080x1920,CS Play,1 Online/Offline,QT257,12,1/1/2025,1/1/2026,IX26-0137,12,1/1/2026,31/12/2026,,,,,,,,,31/12/2026,220.00,NO,naim@kesion.co.jp,K3s10njp,KEPL-0074,,,CS Play (cityscreen.cloud),,,,,,,,
Maxis,Maxis Broadband Sdn Bhd,AEON Tmn Equine MEP-EN 1 - P1 (Postpaid),,397,,,CS SignHub,1 Online/Offline,IX25-0028,36,1/4/2025,1/4/2028,,,,,,,,,,,,,1/4/2028,677.00,NO,,,,,,,,,,,,,,
Maxis,Maxis Broadband Sdn Bhd,AEON Tmn Equine MEP-EN 2 - Demo TV,,398,,,CS SignHub,1 Online/Offline,IX25-0028,36,1/4/2025,1/4/2028,,,,,,,,,,,,,1/4/2028,677.00,NO,,,,,,,,,,,,,,
Maxis,Maxis Broadband Sdn Bhd,Alamanda MC-BM 1 - P1 (LED),,62,,,CS SignHub,1 Online/Offline,IX25-0028,36,1/4/2025,1/4/2028,,,,,,,,,,,,,1/4/2028,677.00,NO,,,,,,,,,,,,,,
Maxis,Maxis Broadband Sdn Bhd,Alamanda MC-BM 2 - MIRA,,63,,,CS SignHub,1 Online/Offline,IX25-0028,36,1/4/2025,1/4/2028,,,,,,,,,,,,,1/4/2028,677.00,NO,,,,,,,,,,,,,,
Maxis,Maxis Broadband Sdn Bhd,Alamanda MC-BM 3 - Demo TV,,60,,,CS SignHub,1 Online/Offline,IX25-0028,36,1/4/2025,1/4/2028,,,,,,,,,,,,,1/4/2028,677.00,NO,,,,,,,,,,,,,,
Maxis,Maxis Broadband Sdn Bhd,Alamanda MC-BM 4 - P2 (Fibre),,61,,,CS SignHub,1 Online/Offline,IX25-0028,36,1/4/2025,1/4/2028,,,,,,,,,,,,,1/4/2028,677.00,NO,,,,,,,,,,,,,,
Imec,Imec Plus Sdn Bhd,SyedPutra,4.0.7+build-auto,156,`463/464,720x1080,CS Play,1 Online/Offline,IX24-0056,12,1/8/2024,1/8/2025,QT471/IX25-161,12,1/8/2025,31/7/2026,,,,,,,,,31/7/2026,67.00,YES,sales@imecplus.com,#N/A,MP2403-0008,,,CS Play (cityscreen.cloud),,,,,,,,
Loreal,Acrylic Signature Trading ,SWPGuardian_LorealHairColor,unknown 89/3.1.0,18,1,1280x800,CS SignHub,1 Online/Offline,IX24-77/IX25-0148,12,10/8/2025,10/8/2026,,,,,,,,,,,,,10/8/2026,77.00,YES,signhub@click-ix.com,#N/A,Built-In Android,red one : 011-55871236,"10.1"" philips",CS SignHub (cityscreen.cloud),,,,,,,,
Rollti,Iwealth Global,SWP@LED,4.3.0+build-auto v.5.8.0 MSI 5.7.0,86,1,3240x1920,CS SignHub,3 Archive,PR0111,12,24/10/2024,25/10/2025,,,,,,,,,,,,,25/10/2025,-212.00,NO,admin@rollti.co,#N/A,MP2402-0004,"Client hasn’t paid, qoutation sent",,CS SignHub (cityscreen.cloud),,,,,,,,
Rollti,Iwealth Global,SWP@Cashier,4.5.0+build-auto v.5.9.2,86,3,3240x1920,CS SignHub,3 Archive,PR0111,12,24/10/2024,25/10/2025,,,,,,,,,,,,,25/10/2025,-212.00,NO,admin@rollti.co,#N/A,MP2311-0008,"Client hasn’t paid, qoutation sent",,CS SignHub (cityscreen.cloud),,,,,,,,
Maxis,Maxis Broadband Sdn Bhd,Alamanda MC-BM 5 - P3 (Hotlink),,59,,,CS SignHub,1 Online/Offline,IX25-0028,36,1/4/2025,1/4/2028,,,,,,,,,,,,,1/4/2028,677.00,NO,,,,,,,,,,,,,,
Maxis,Maxis Broadband Sdn Bhd,All Seasons MC-EN 2 - SF,,186,,,CS SignHub,1 Online/Offline,IX25-0028,36,1/4/2025,1/4/2028,,,,,,,,,,,,,1/4/2028,677.00,NO,,,,,,,,,,,,,,
Maxis,Maxis Broadband Sdn Bhd,All Seasons MC-EN 3 - Demo TV,,185,,,CS SignHub,1 Online/Offline,IX25-0028,36,1/4/2025,1/4/2028,,,,,,,,,,,,,1/4/2028,677.00,NO,,,,,,,,,,,,,,
Maxis,Maxis Broadband Sdn Bhd,All Seasons MC-EN 4 - MIRA,,188,,,CS SignHub,1 Online/Offline,IX25-0028,36,1/4/2025,1/4/2028,,,,,,,,,,,,,1/4/2028,677.00,NO,,,,,,,,,,,,,,
Maxis,Maxis Broadband Sdn Bhd,All Seasons MC-EN 5 - P3 (Hotlink),,189,,,CS SignHub,1 Online/Offline,IX25-0028,36,1/4/2025,1/4/2028,,,,,,,,,,,,,1/4/2028,677.00,NO,,,,,,,,,,,,,,
Maxis,Maxis Broadband Sdn Bhd,All Seasons MC-EN 6 - P1 (Business),,190,,,CS SignHub,1 Online/Offline,IX25-0028,36,1/4/2025,1/4/2028,,,,,,,,,,,,,1/4/2028,677.00,NO,,,,,,,,,,,,,,
Maxis,Maxis Broadband Sdn Bhd,All Seasons MC-EN 7 - P2 (Accessories),,191,,,CS SignHub,1 Online/Offline,IX25-0028,36,1/4/2025,1/4/2028,,,,,,,,,,,,,1/4/2028,677.00,NO,,,,,,,,,,,,,,
Maxis,Maxis Broadband Sdn Bhd,Alor Setar Mall MEP-BM 1 - P1 (Postpaid),,487,,,CS SignHub,1 Online/Offline,IX25-0028,36,1/4/2025,1/4/2028,,,,,,,,,,,,,1/4/2028,677.00,NO,,,,,,,,,,,,,,
Maxis,Maxis Broadband Sdn Bhd,Alor Setar Mall MEP-BM 2 - P2 (Fibre),,488,,,CS SignHub,1 Online/Offline,IX25-0028,36,1/4/2025,1/4/2028,,,,,,,,,,,,,1/4/2028,677.00,NO,,,,,,,,,,,,,,
Maxis,Maxis Broadband Sdn Bhd,Alor Setar Mall MEP-BM 3 - Demo TV,,489,,,CS SignHub,1 Online/Offline,IX25-0028,36,1/4/2025,1/4/2028,,,,,,,,,,,,,1/4/2028,677.00,NO,,,,,,,,,,,,,,
Maxis,Maxis Broadband Sdn Bhd,Alor Setar Mall MEP-BM 4 - P3 (Hotlink),,490,,,CS SignHub,1 Online/Offline,IX25-0028,36,1/4/2025,1/4/2028,,,,,,,,,,,,,1/4/2028,677.00,NO,,,,,,,,,,,,,,
Maxis,Maxis Broadband Sdn Bhd,Aman Central MC-BM 1 - MIRA,,161,,,CS SignHub,1 Online/Offline,IX25-0028,36,1/4/2025,1/4/2028,,,,,,,,,,,,,1/4/2028,677.00,NO,,,,,,,,,,,,,,
Maxis,Maxis Broadband Sdn Bhd,Aman Central MC-BM 2 - P2 (Business),,163,,,CS SignHub,1 Online/Offline,IX25-0028,36,1/4/2025,1/4/2028,,,,,,,,,,,,,1/4/2028,677.00,NO,,,,,,,,,,,,,,
Maxis,Maxis Broadband Sdn Bhd,Aman Central MC-BM 3 - SF,,165,,,CS SignHub,1 Online/Offline,IX25-0028,36,1/4/2025,1/4/2028,,,,,,,,,,,,,1/4/2028,677.00,NO,,,,,,,,,,,,,,
Maxis,Maxis Broadband Sdn Bhd,Aman Central MC-BM 4 - P2 (Zerolution),,166,,,CS SignHub,1 Online/Offline,IX25-0028,36,1/4/2025,1/4/2028,,,,,,,,,,,,,1/4/2028,677.00,NO,,,,,,,,,,,,,,
Maxis,Maxis Broadband Sdn Bhd,Aman Central MC-BM 5 - P3 (Hotlink),,162,,,CS SignHub,1 Online/Offline,IX25-0028,36,1/4/2025,1/4/2028,,,,,,,,,,,,,1/4/2028,677.00,NO,,,,,,,,,,,,,,
Maxis,Maxis Broadband Sdn Bhd,Aman Central MC-BM 6 - Demo TV,,164,,,CS SignHub,1 Online/Offline,IX25-0028,36,1/4/2025,1/4/2028,,,,,,,,,,,,,1/4/2028,677.00,NO,,,,,,,,,,,,,,
Maxis,Maxis Broadband Sdn Bhd,Aman Central MCP-BM 01 - SF,,165,,2160x3840,CS SignHub,1 Online/Offline,IX25-0363,36,15/12/2025,15/12/2028,,,,,,,,,,,,,15/12/2028,935.00,NO,,,,,,,,,,,,,,
Maxis,Maxis Broadband Sdn Bhd,Aman Central MCP-BM 02 - MyHome,,163,,3840x2160,CS SignHub,1 Online/Offline,IX25-0363,36,15/12/2025,15/12/2028,,,,,,,,,,,,,15/12/2028,935.00,NO,,,,,,,,,,,,,,
Maxis,Maxis Broadband Sdn Bhd,Aman Central MCP-BM 03 - Hotlink-MyBusiness,,166,,4320x3840,CS SignHub,1 Online/Offline,IX25-0363,36,15/12/2025,15/12/2028,,,,,,,,,,,,,15/12/2028,935.00,NO,,,,,,,,,,,,,,
Maxis,Maxis Broadband Sdn Bhd,Aman Central MCP-BM 04 - Brandwall,,162,,3840x2160,CS SignHub,1 Online/Offline,IX25-0363,36,15/12/2025,15/12/2028,,,,,,,,,,,,,15/12/2028,935.00,NO,,,,,,,,,,,,,,
Maxis,Maxis Broadband Sdn Bhd,Aman Central MCP-BM 05 - MyGadget,,164,,7680x1080,CS SignHub,1 Online/Offline,IX25-0363,36,15/12/2025,15/12/2028,,,,,,,,,,,,,15/12/2028,935.00,NO,,,,,,,,,,,,,,
Maxis,Maxis Broadband Sdn Bhd,Aman Central MCP-BM 06 - DS01-DS02,,676,,3840x540,CS SignHub,1 Online/Offline,IX25-0363,36,15/12/2025,15/12/2028,,,,,,,,,,,,,15/12/2028,935.00,NO,,,,,,,,,,,,,,
Maxis,Maxis Broadband Sdn Bhd,Aman Central MCP-BM 07 - DS03-DS04,,677,,3840x540,CS SignHub,1 Online/Offline,IX25-0363,36,15/12/2025,15/12/2028,,,,,,,,,,,,,15/12/2028,935.00,NO,,,,,,,,,,,,,,
Maxis,Maxis Broadband Sdn Bhd,Aman Central MCP-BM 08 - DPOP01,,678,,1080x1920,CS SignHub,1 Online/Offline,IX25-0363,36,15/12/2025,15/12/2028,,,,,,,,,,,,,15/12/2028,935.00,NO,,,,,,,,,,,,,,
Maxis,Maxis Broadband Sdn Bhd,Aman Central MCP-BM 09 - DPOP02,,679,,1080x1920,CS SignHub,1 Online/Offline,IX25-0363,36,15/12/2025,15/12/2028,,,,,,,,,,,,,15/12/2028,935.00,NO,,,,,,,,,,,,,,
Maxis,Maxis Broadband Sdn Bhd,Aman Central MCP-BM 10 - DPOP03,,680,,1080x1920,CS SignHub,1 Online/Offline,IX25-0363,36,15/12/2025,15/12/2028,,,,,,,,,,,,,15/12/2028,935.00,NO,,,,,,,,,,,,,,
Maxis,Maxis Broadband Sdn Bhd,Aman Central MCP-BM 11 - DPOP04,,681,,1080x1920,CS SignHub,1 Online/Offline,IX25-0363,36,15/12/2025,15/12/2028,,,,,,,,,,,,,15/12/2028,935.00,NO,,,,,,,,,,,,,,
Maxis,Maxis Broadband Sdn Bhd,Aman Central MCP-BM 12 - DPOP05,,682,,1080x1920,CS SignHub,1 Online/Offline,IX25-0363,36,15/12/2025,15/12/2028,,,,,,,,,,,,,15/12/2028,935.00,NO,,,,,,,,,,,,,,
Maxis,Maxis Broadband Sdn Bhd,Aman Central MCP-BM 13 - DPOP06,,683,,1080x1920,CS SignHub,1 Online/Offline,IX25-0363,36,15/12/2025,15/12/2028,,,,,,,,,,,,,15/12/2028,935.00,NO,,,,,,,,,,,,,,
Maxis,Maxis Broadband Sdn Bhd,Aman Central MCP-BM 14 - DPOP07,,684,,1080x1920,CS SignHub,1 Online/Offline,IX25-0364,36,15/12/2025,15/12/2028,,,,,,,,,,,,,15/12/2028,935.00,NO,,,,,,,,,,,,,,
Maxis,Maxis Broadband Sdn Bhd,Aman Central MCP-BM 15 - DPOP08,,685,,1080x1920,CS SignHub,1 Online/Offline,IX25-0364,36,15/12/2025,15/12/2028,,,,,,,,,,,,,15/12/2028,935.00,NO,,,,,,,,,,,,,,
Maxis,Maxis Broadband Sdn Bhd,Aman Central MCP-BM 16 - MyEnterprise 01,,686,,1920x1080,CS SignHub,1 Online/Offline,IX25-0363,36,15/12/2025,15/12/2028,,,,,,,,,,,,,15/12/2028,935.00,NO,,,,,,,,,,,,,,
Maxis,Maxis Broadband Sdn Bhd,Aman Central MCP-BM 17 - MyEnterprise 02,,687,,1920x1080,CS SignHub,1 Online/Offline,IX25-0363,36,15/12/2025,15/12/2028,,,,,,,,,,,,,15/12/2028,935.00,NO,,,,,,,,,,,,,,
Maxis,Maxis Broadband Sdn Bhd,Aman Central MCP-BM 18 - Transparent Screen,,688,,1920x1080,CS SignHub,1 Online/Offline,IX25-0364,36,15/12/2025,15/12/2028,,,,,,,,,,,,,15/12/2028,935.00,NO,,,,,,,,,,,,,,
Maxis,Maxis Broadband Sdn Bhd,Amanjaya Mall MEP-BM 1 - SF,,484,,,CS SignHub,1 Online/Offline,IX25-0028,36,1/4/2025,1/4/2028,,,,,,,,,,,,,1/4/2028,677.00,NO,,,,,,,,,,,,,,
Maxis,Maxis Broadband Sdn Bhd,Amanjaya Mall MEP-BM 2 - P2 (Postpaid),,483,,,CS SignHub,1 Online/Offline,IX25-0028,36,1/4/2025,1/4/2028,,,,,,,,,,,,,1/4/2028,677.00,NO,,,,,,,,,,,,,,
Maxis,Maxis Broadband Sdn Bhd,Ampang Point MC-BM 1 - Accessories P1,,104,,,CS SignHub,1 Online/Offline,IX25-0028,36,1/4/2025,1/4/2028,,,,,,,,,,,,,1/4/2028,677.00,NO,,,,,,,,,,,,,,
Maxis,Maxis Broadband Sdn Bhd,Ampang Point MC-BM 2 - Hotlink,,106,,,CS SignHub,1 Online/Offline,IX25-0028,36,1/4/2025,1/4/2028,,,,,,,,,,,,,1/4/2028,677.00,NO,,,,,,,,,,,,,,
Maxis,Maxis Broadband Sdn Bhd,Ampang Point MC-BM 3 - Biz A P2,,103,,,CS SignHub,1 Online/Offline,IX25-0028,36,1/4/2025,1/4/2028,,,,,,,,,,,,,1/4/2028,677.00,NO,,,,,,,,,,,,,,
Maxis,Maxis Broadband Sdn Bhd,Ampang Point MC-BM 4 - MIRA,,107,,,CS SignHub,1 Online/Offline,IX25-0028,36,1/4/2025,1/4/2028,,,,,,,,,,,,,1/4/2028,677.00,NO,,,,,,,,,,,,,,
Rollti,Iwealth Global,STR@Seating,4.0.7+build-auto v.5.3.4 MSI 5.3.4,71,3,3240x1920,CS SignHub,3 Archive,IX72-23,12,24/8/2024,24/8/2025,QT540/IX25-158,12,24/8/2025,23/8/2026,,,,,,,,,23/8/2026,90.00,NO,admin@rollti.co,#N/A,MP2309-0012,Installation on 20/9/23. Store opened on 22/9/23,,CS SignHub (cityscreen.cloud),,,,,,,,
Rollti,Iwealth Global,STR@Cashier,4.3.0+build-auto v.5.8.0 MSI 5.7.0,72,3,3240x1920,CS SignHub,3 Archive,IX67-23,12,24/8/2024,24/8/2025,QT540/IX25-158,12,24/8/2025,23/8/2026,,,,,,,,,23/8/2026,90.00,NO,admin@rollti.co,#N/A,MP2309-0011,Installation on 20/9/23. Store opened on 22/9/23,,CS SignHub (cityscreen.cloud),,,,,,,,
Maxis,Maxis Broadband Sdn Bhd,Ampang Point MC-BM 5 - Biz B P2,,108,,,CS SignHub,1 Online/Offline,IX25-0028,36,1/4/2025,1/4/2028,,,,,,,,,,,,,1/4/2028,677.00,NO,,,,,,,,,,,,,,
Maxis,Maxis Broadband Sdn Bhd,Ampang Point MC-BM 6 - Demo TV,,105,,,CS SignHub,1 Online/Offline,IX25-0028,36,1/4/2025,1/4/2028,,,,,,,,,,,,,1/4/2028,677.00,NO,,,,,,,,,,,,,,
Maxis,Maxis Broadband Sdn Bhd,Api-Api MC-BM 1 - P1 (1st Right),,309,,,CS SignHub,1 Online/Offline,IX25-0028,36,1/4/2025,1/4/2028,,,,,,,,,,,,,1/4/2028,677.00,NO,,,,,,,,,,,,,,
Maxis,Maxis Broadband Sdn Bhd,Api-Api MC-BM 2 - P2 (Left Pillar),,308,,,CS SignHub,1 Online/Offline,IX25-0028,36,1/4/2025,1/4/2028,,,,,,,,,,,,,1/4/2028,677.00,NO,,,,,,,,,,,,,,
OOH,Out of Home Media Sdn Bhd,SS2,4.3.0+build-auto - v.5.8.0 MSI 5.7.0,457,,576x864,CS Play,1 Online/Offline,"IX24-0053, PR0093",12,1/7/2024,1/7/2025,IX25-348,12,1/1/2026,31/12/2026,,12,,,,,,,,,YES,,,,,,,,,,,,,,
Setia Media,Setia Media Sdn Bhd,SPRINT007_Gantry,,170,1,2752x864,CS Play,3 Archive,"IX24-0023, QT161",12,1/7/2024,1/7/2025,IX25-356,12,1/1/2026,31/12/2026,,,,,,,,,31/12/2026,220.00,NO,content.setiamedia@gmail.com,#N/A,CMP0065,,,CS Play (cityscreen.cloud),,,,,,,,
OOH,Out of Home Media Sdn Bhd,Sprint Highway,4.3.0+build-auto - v.5.8.0 MSI 5.7.0,378,,,CS Play,1 Online/Offline,QT-318,9,1/3/2025,31/12/2025,IX25-16,12,1/3/2025,1/12/2025,IX25-348,12,1/1/2026,1/12/2026,,,,,1/12/2026,190.00,NO,,,OOH3,,,,,,,,,,,
WOW Media,Wild Transformation,Sprint _SriHartamas,4.5.0+build-auto,187,473,720x1140,CS Play,1 Online/Offline,IX25-0350,11,1/1/2026,31/12/2026,,,,,,,,,,,,,31/12/2026,220.00,NO,aisah.s+wow@wowmedia.com.my,#N/A,-empty-,,,Wastah,,,,,,,,
Spectrum,Click IX Sdn Bhd,Spectrum Trial,,43,1,576x864,CS Play,3 Archive,n/a,1,2/7/2024,2/8/2024,,,,,,,,,,,,,2/8/2024,-661.00,NO,jt+demo@click-ix.com,#N/A,-empty-,,,Wastah,,,,,,,,
Loreal,Acrylic Signature Trading ,Southkey MidValley,,I,1,1080x1920,CS SignHub,1 Online/Offline,XI24-78/IX25-0307,12,12/10/2025,12/10/2026,IX24-78,12,12/10/2024,12/10/2025,IX25-307,12,12/10/2025,12/10/2026,,,,,12/10/2026,140.00,NO,lexus@click-ix.com,#N/A,MP2303-0016,red one : 011-55831236,,Share & Deploy | My Intuiface,,,,,,,,
CIX,Click IX Sdn Bhd,Sogo Test,,59,1,1075x430,CS SignHub,3 Archive,n/a,1,18/9/2024,19/10/2024,,,,,,,,,,,,,19/10/2024,-583.00,NO,lexus+demoSH@click-ix.com,#N/A,-empty-,,,Wastah,,,,,,,,
Maxis,Maxis Broadband Sdn Bhd,Api-Api MC-BM 3 - P3 (Hotlink),,311,,,CS SignHub,1 Online/Offline,IX25-0028,36,1/4/2025,1/4/2028,,,,,,,,,,,,,1/4/2028,677.00,NO,,,,,,,,,,,,,,
Maxis,Maxis Broadband Sdn Bhd,Api-Api MC-BM 4 - MIRA,,310,,,CS SignHub,1 Online/Offline,IX25-0028,36,1/4/2025,1/4/2028,,,,,,,,,,,,,1/4/2028,677.00,NO,,,,,,,,,,,,,,
Maxis,Maxis Broadband Sdn Bhd,"Auto City, PEN MEP-EN",,498,,,CS SignHub,1 Online/Offline,IX25-0028,36,1/4/2025,1/4/2028,,,,,,,,,,,,,1/4/2028,677.00,NO,,,,,,,,,,,,,,
Maxis,Maxis Broadband Sdn Bhd,Balik Pulau MEPLite-BM 01 - Brandwall,,437,,3840x2160,CS SignHub,1 Online/Offline,IX25-0207,36,9/4/2025,9/4/2028,,,,,,,,,,,,,9/4/2028,685.00,NO,,,,,,,,,,,,,,
Maxis,Maxis Broadband Sdn Bhd,Balik Pulau MEPLite-BM 02 - DS 01,,320,,1920x540,CS SignHub,1 Online/Offline,IX25-0207,36,9/4/2025,9/4/2028,,,,,,,,,,,,,9/4/2028,685.00,NO,,,,,,,,,,,,,,
Mitsubishi,Team Moxim Sdn Bhd,"Sing Kwung Jidosha, Melaka - SC 01",4.3.0+build-auto v.5.8.0 MSI 5.7.0,121,,1920x1080,CS SignHub,1 Online/Offline,IX25-0146,13,1/8/2025,1/9/2026,,,,,,Yes,,,,,,,1/9/2026,99.00,NO,,,,,,,,,,,,,,
Mitsubishi,Team Moxim Sdn Bhd,"Sing Kwung Jidosha, Chow Sow Lin - SC 01",4.4.0+build-auto v.5.9.1,116,,1920x1080,CS SignHub,1 Online/Offline,IX25-0146,13,1/8/2025,1/9/2026,,,,,,Yes,,,,,,,1/9/2026,99.00,NO,,,,,,,,,,,,,,
Maxis,Maxis Broadband Sdn Bhd,Balik Pulau MEPLite-BM 03 - DS 02,,360,,1920x540,CS SignHub,1 Online/Offline,IX25-0207,36,9/4/2025,9/4/2028,,,,,,,,,,,,,9/4/2028,685.00,NO,,,,,,,,,,,,,,
Maxis,Maxis Broadband Sdn Bhd,Bandar Baru Bangi MEPLite-BM 01 - Brandwall,,520,,3840x2160,CS SignHub,1 Online/Offline,IX25-0206,36,9/4/2025,9/4/2028,,,,,,,,,,,,,9/4/2028,685.00,NO,,,,,,,,,,,,,,
Maxis,Maxis Broadband Sdn Bhd,Bandar Baru Bangi MEPLite-BM 02 - DS01,,604,,1920x540,CS SignHub,1 Online/Offline,IX25-0206,36,9/4/2025,9/4/2028,,,,,,,,,,,,,9/4/2028,685.00,NO,,,,,,,,,,,,,,
Maxis,Maxis Broadband Sdn Bhd,Bandar Baru Bangi MEPLite-BM 03 - DS02,,605,,1920x540,CS SignHub,1 Online/Offline,IX25-0206,36,9/4/2025,9/4/2028,,,,,,,,,,,,,9/4/2028,685.00,NO,,,,,,,,,,,,,,
Maxis,Maxis Broadband Sdn Bhd,"Bandar Seri Alam, Masai MEP-BM 1 - P1 (Fibre)",,567,,,CS SignHub,1 Online/Offline,IX25-0028,36,1/4/2025,1/4/2028,,,,,,,,,,,,,1/4/2028,677.00,NO,,,,,,,,,,,,,,
Maxis,Maxis Broadband Sdn Bhd,"Bandar Seri Alam, Masai MEP-BM 2 - P2 (Postpaid)",,568,,,CS SignHub,1 Online/Offline,IX25-0028,36,1/4/2025,1/4/2028,,,,,,,,,,,,,1/4/2028,677.00,NO,,,,,,,,,,,,,,
Maxis,Maxis Broadband Sdn Bhd,Banting MEP-BM,,234,,,CS SignHub,1 Online/Offline,IX25-0028,36,1/4/2025,1/4/2028,,,,,,,,,,,,,1/4/2028,677.00,NO,,,,,,,,,,,,,,
Aeon Mall,Kesion Malaysia Sdn Bhd,ShahAlam_DS 4,4.5.0+build-auto,223,1,1080x1920,CS Play,1 Online/Offline,QT257,12,1/1/2025,1/1/2026,IX26-0137,12,1/1/2026,31/12/2026,,,,,,,,,31/12/2026,220.00,NO,naim@kesion.co.jp,K3s10njp,KEPL-0029,,,CS Play (cityscreen.cloud),,,,,,,,
Aeon Mall,Kesion Malaysia Sdn Bhd,ShahAlam_DS 3,4.5.0+build-auto,224,1,1080x1920,CS Play,1 Online/Offline,QT257,12,1/1/2025,1/1/2026,IX26-0137,12,1/1/2026,31/12/2026,,,,,,,,,31/12/2026,220.00,NO,naim@kesion.co.jp,K3s10njp,KEPL-0028,,,CS Play (cityscreen.cloud),,,,,,,,
Aeon Mall,Kesion Malaysia Sdn Bhd,ShahAlam_DS 2,4.5.0+build-auto,226,1,1080x1920,CS Play,1 Online/Offline,QT257,12,1/1/2025,1/1/2026,IX26-0137,12,1/1/2026,31/12/2026,,,,,,,,,31/12/2026,220.00,NO,naim@kesion.co.jp,K3s10njp,KEPL-0027,,,CS Play (cityscreen.cloud),,,,,,,,
Aeon Mall,Kesion Malaysia Sdn Bhd,ShahAlam_DS 1,4.5.0+build-auto,225,1,1080x1920,CS Play,1 Online/Offline,QT257,12,1/1/2025,1/1/2026,IX26-0137,12,1/1/2026,31/12/2026,,,,,,,,,31/12/2026,220.00,NO,naim@kesion.co.jp,K3s10njp,KEPL-0026,,,CS Play (cityscreen.cloud),,,,,,,,
Sexycube,Big Tree Outdoor,Sexycube Masjid Jamek,,S,1,n/a,Scala,3 Archive,n/a,24,28/6/2023,28/6/2025,,,,,,,,,,,,,28/6/2025,-331.00,NO,Scala,#N/A,-empty-,,,Wastah,,,,,,,,
Sexycube,Big Tree Outdoor,Sexycube KLCC,,S,1,n/a,Scala,3 Archive,n/a,24,28/6/2023,28/6/2025,,,,,,,,,,,,,28/6/2025,-331.00,NO,Scala,#N/A,-empty-,,,Wastah,,,,,,,,
Maxis,Maxis Broadband Sdn Bhd,Bataras Kolombong MEP-BM,,425,,,CS SignHub,1 Online/Offline,IX25-0028,36,1/4/2025,1/4/2028,,,,,,,,,,,,,1/4/2028,677.00,NO,,,,,,,,,,,,,,
Maxis,Maxis Broadband Sdn Bhd,Batu Gajah MEP-EN,,462,,,CS SignHub,1 Online/Offline,IX25-0028,36,1/4/2025,1/4/2028,,,,,,,,,,,,,1/4/2028,677.00,NO,,,,,,,,,,,,,,
Maxis,Maxis Broadband Sdn Bhd,Batu Pahat Mall MC-EN 1 - SF,,192,,,CS SignHub,1 Online/Offline,IX25-0028,36,1/4/2025,1/4/2028,,,,,,,,,,,,,1/4/2028,677.00,NO,,,,,,,,,,,,,,
Maxis,Maxis Broadband Sdn Bhd,Batu Pahat Mall MC-EN 2 - Demo TV,,194,,,CS SignHub,1 Online/Offline,IX25-0028,36,1/4/2025,1/4/2028,,,,,,,,,,,,,1/4/2028,677.00,NO,,,,,,,,,,,,,,
Maxis,Maxis Broadband Sdn Bhd,Batu Pahat Mall MC-EN 3 - P2 (Business),,196,,,CS SignHub,1 Online/Offline,IX25-0028,36,1/4/2025,1/4/2028,,,,,,,,,,,,,1/4/2028,677.00,NO,,,,,,,,,,,,,,
Maxis,Maxis Broadband Sdn Bhd,Batu Pahat Mall MC-EN 4 - MIRA,,195,,,CS SignHub,1 Online/Offline,IX25-0028,36,1/4/2025,1/4/2028,,,,,,,,,,,,,1/4/2028,677.00,NO,,,,,,,,,,,,,,
Maxis,Maxis Broadband Sdn Bhd,Batu Pahat Mall MC-EN 5 - P3 (Hotlink),,193,,,CS SignHub,1 Online/Offline,IX25-0028,36,1/4/2025,1/4/2028,,,,,,,,,,,,,1/4/2028,677.00,NO,,,,,,,,,,,,,,
Maxis,Maxis Broadband Sdn Bhd,Batu Pahat Mall MC-EN 6 - P1 (Ceiling),,197,,,CS SignHub,1 Online/Offline,IX25-0028,36,1/4/2025,1/4/2028,,,,,,,,,,,,,1/4/2028,677.00,NO,,,,,,,,,,,,,,
Aeon Mall,Kesion Malaysia Sdn Bhd,Seri_Manjung_DS 4,4.3.0+build-auto,,1,1080x1920,CS Play,1 Online/Offline,QT257,12,1/1/2025,1/1/2026,IX26-0137,12,1/1/2026,31/12/2026,,,,,,,,,31/12/2026,220.00,NO,naim@kesion.co.jp,K3s10njp,KEPL-0054,,,CS Play (cityscreen.cloud),,,,,,,,
Aeon Mall,Kesion Malaysia Sdn Bhd,Seri_Manjung_DS 3,4.5.0+build-auto,,1,1080x1920,CS Play,1 Online/Offline,QT257,12,1/1/2025,1/1/2026,IX26-0137,12,1/1/2026,31/12/2026,,,,,,,,,31/12/2026,220.00,NO,naim@kesion.co.jp,K3s10njp,KEPL-0053,,,CS Play (cityscreen.cloud),,,,,,,,
Aeon Mall,Kesion Malaysia Sdn Bhd,Seri_Manjung_DS 2,4.3.0+build-auto,,1,1080x1920,CS Play,1 Online/Offline,QT257,12,1/1/2025,1/1/2026,IX26-0137,12,1/1/2026,31/12/2026,,,,,,,,,31/12/2026,220.00,NO,naim@kesion.co.jp,K3s10njp,KEPL-0052,,,CS Play (cityscreen.cloud),,,,,,,,
Aeon Mall,Kesion Malaysia Sdn Bhd,Seri_Manjung_DS 1,4.3.0+build-auto,,1,1080x1920,CS Play,1 Online/Offline,QT257,12,1/1/2025,1/1/2026,IX26-0137,12,1/1/2026,31/12/2026,,,,,,,,,31/12/2026,220.00,NO,naim@kesion.co.jp,K3s10njp,KEPL-0051,,,CS Play (cityscreen.cloud),,,,,,,,
OOH,Out of Home Media Sdn Bhd,Seri Kembangan,4.3.0+build-auto - v.5.8.0 MSI 5.7.0,376,,,CS Play,1 Online/Offline,QT-318,9,1/3/2025,31/12/2025,IX25-16,12,1/3/2025,1/12/2025,IX25-348,12,1/1/2026,1/12/2026,,,,,1/12/2026,190.00,NO,,,OOH11,,,,,,,,,,,
Aeon Mall,Kesion Malaysia Sdn Bhd,Seremban2_DS 3,4.3.0+build-auto,276,1,1080x1920,CS Play,1 Online/Offline,QT257,12,1/1/2025,1/1/2026,IX26-0137,12,1/1/2026,31/12/2026,,,,,,,,,31/12/2026,220.00,NO,naim@kesion.co.jp,K3s10njp,KEPL-0073,,,CS Play (cityscreen.cloud),,,,,,,,
Aeon Mall,Kesion Malaysia Sdn Bhd,Seremban2_DS 2,4.3.0+build-auto,277,1,1080x1920,CS Play,1 Online/Offline,QT257,12,1/1/2025,1/1/2026,IX26-0137,12,1/1/2026,31/12/2026,,,,,,,,,31/12/2026,220.00,NO,naim@kesion.co.jp,K3s10njp,KEPL-0072,,,CS Play (cityscreen.cloud),,,,,,,,
Aeon Mall,Kesion Malaysia Sdn Bhd,Seremban2_DS 1,4.5.0+build-auto,222,1,1080x1920,CS Play,1 Online/Offline,QT257,12,1/1/2025,1/1/2026,IX26-0137,12,1/1/2026,31/12/2026,,,,,,,,,31/12/2026,220.00,NO,naim@kesion.co.jp,K3s10njp,KEPL-0071,,,CS Play (cityscreen.cloud),,,,,,,,
Maxis,Maxis Broadband Sdn Bhd,Bdr Puteri Puchong MEP-EN 1 - SF,,226,,,CS SignHub,1 Online/Offline,IX25-0028,36,1/4/2025,1/4/2028,,,,,,,,,,,,,1/4/2028,677.00,NO,,,,,,,,,,,,,,
Maxis,Maxis Broadband Sdn Bhd,Bdr Puteri Puchong MEP-EN 2 - Hotlink,,225,,,CS SignHub,1 Online/Offline,IX25-0028,36,1/4/2025,1/4/2028,,,,,,,,,,,,,1/4/2028,677.00,NO,,,,,,,,,,,,,,
Maxis,Maxis Broadband Sdn Bhd,Bdr Puteri Puchong MEP-EN 3 - P2 (Postpaid),,224,,,CS SignHub,1 Online/Offline,IX25-0028,36,1/4/2025,1/4/2028,,,,,,,,,,,,,1/4/2028,677.00,NO,,,,,,,,,,,,,,
Powerscreen,Hi-Q Media (M) Sdn Bhd,Seremban,V5.8.0 qt4.3.0,430,793,768x480,CS Play,1 Online/Offline,QT-000548,13,1/10/2025,30/11/2026,,,,,,,,,,,,,30/11/2026,189.00,NO,amir+admin@powerscreen.com.my,1234567890,,,,,,,,,,,,
Maxis,Maxis Broadband Sdn Bhd,"Benoni, Papar MEP-BM 01 - Brandwall",,63,,3840x2160,CS SignHub,1 Online/Offline,IX25-0284,36,31/10/2025,31/10/2028,,,,,,,,,,,,,31/10/2028,890.00,NO,,,,,,,,,,,,,,
Maxis,Maxis Broadband Sdn Bhd,"Benoni, Papar MEP-BM 02 - SF",,288,,2160x3840,CS SignHub,1 Online/Offline,IX25-0284,36,31/10/2025,31/10/2028,,,,,,,,,,,,,31/10/2028,890.00,NO,,,,,,,,,,,,,,
Maxis,Maxis Broadband Sdn Bhd,"Benoni, Papar MEP-BM 03 - MyGadget-MyHome",,173,,7680x2160,CS SignHub,1 Online/Offline,IX25-0284,36,31/10/2025,31/10/2028,,,,,,,,,,,,,31/10/2028,890.00,NO,,,,,,,,,,,,,,
Maxis,Maxis Broadband Sdn Bhd,"Benoni, Papar MEP-BM 04 - DPOP (Hero)",,208,,1080x1920,CS SignHub,1 Online/Offline,IX25-0284,36,31/10/2025,31/10/2028,,,,,,,,,,,,,31/10/2028,890.00,NO,,,,,,,,,,,,,,
Maxis,Maxis Broadband Sdn Bhd,"Benoni, Papar MEP-BM 05 - DPOP 02",,145,,1080x1920,CS SignHub,1 Online/Offline,IX25-0284,36,31/10/2025,31/10/2028,,,,,,,,,,,,,31/10/2028,890.00,NO,,,,,,,,,,,,,,
Maxis,Maxis Broadband Sdn Bhd,Bintulu MC-EN 1 - SF,,362,,,CS SignHub,1 Online/Offline,IX25-0028,36,1/4/2025,1/4/2028,,,,,,,,,,,,,1/4/2028,677.00,NO,,,,,,,,,,,,,,
Maxis,Maxis Broadband Sdn Bhd,Bintulu MC-EN 2 - Demo TV (Zerolution),,361,,,CS SignHub,1 Online/Offline,IX25-0028,36,1/4/2025,1/4/2028,,,,,,,,,,,,,1/4/2028,677.00,NO,,,,,,,,,,,,,,
Maxis,Maxis Broadband Sdn Bhd,Bintulu MC-EN 3 - P3 (Hotlink),,363,,,CS SignHub,1 Online/Offline,IX25-0028,36,1/4/2025,1/4/2028,,,,,,,,,,,,,1/4/2028,677.00,NO,,,,,,,,,,,,,,
Maxis,Maxis Broadband Sdn Bhd,Bintulu Sentral MEP-EN,,407,,,CS SignHub,1 Online/Offline,IX25-0028,36,1/4/2025,1/4/2028,,,,,,,,,,,,,1/4/2028,677.00,NO,,,,,,,,,,,,,,
Maxis,Maxis Broadband Sdn Bhd,Boulervard Shopping Mall MEP-EN,,517,,,CS SignHub,1 Online/Offline,IX25-0028,36,1/4/2025,1/4/2028,,,,,,,,,,,,,1/4/2028,677.00,NO,,,,,,,,,,,,,,
Maxis,Maxis Broadband Sdn Bhd,"Boulevard Mall, Bintulu MEPLite-EN 01 - Brandwall",,282,,1920x1080,CS SignHub,1 Online/Offline,IX25-0236,36,19/9/2025,19/9/2028,,,,,,,,,,,,,19/9/2028,848.00,NO,,,,,,,,,,,,,,
Maxis,Maxis Broadband Sdn Bhd,"Boulevard Mall, Bintulu MEPLite-EN 02 - DS01",,612,,1920x540,CS SignHub,1 Online/Offline,IX25-0236,36,19/9/2025,19/9/2028,,,,,,,,,,,,,19/9/2028,848.00,NO,,,,,,,,,,,,,,
Maxis,Maxis Broadband Sdn Bhd,"Boulevard Mall, Bintulu MEPLite-EN 03 - DS02",,613,,1920x540,CS SignHub,1 Online/Offline,IX25-0236,36,19/9/2025,19/9/2028,,,,,,,,,,,,,19/9/2028,848.00,NO,,,,,,,,,,,,,,
Maxis,Maxis Broadband Sdn Bhd,BV 2 MEP-EN,,245,,,CS SignHub,1 Online/Offline,IX25-0028,36,1/4/2025,1/4/2028,,,,,,,,,,,,,1/4/2028,677.00,NO,,,,,,,,,,,,,,
Maxis,Maxis Broadband Sdn Bhd,Central I-City MC-EN 1 - Hotlink,,75,,,CS SignHub,1 Online/Offline,IX25-0028,36,1/4/2025,1/4/2028,,,,,,,,,,,,,1/4/2028,677.00,NO,,,,,,,,,,,,,,
Maxis,Maxis Broadband Sdn Bhd,Central I-City MC-EN 2 - Demo TV,,76,,,CS SignHub,1 Online/Offline,IX25-0028,36,1/4/2025,1/4/2028,,,,,,,,,,,,,1/4/2028,677.00,NO,,,,,,,,,,,,,,
Maxis,Maxis Broadband Sdn Bhd,Central I-City MC-EN 3 - P2 (Topx3),,74,,,CS SignHub,1 Online/Offline,IX25-0028,36,1/4/2025,1/4/2028,,,,,,,,,,,,,1/4/2028,677.00,NO,,,,,,,,,,,,,,
Maxis,Maxis Broadband Sdn Bhd,Central I-City MC-EN 4 - SF,,73,,,CS SignHub,1 Online/Offline,IX25-0028,36,1/4/2025,1/4/2028,,,,,,,,,,,,,1/4/2028,677.00,NO,,,,,,,,,,,,,,
Maxis,Maxis Broadband Sdn Bhd,Central I-City MC-EN 5 - MIRA,,77,,,CS SignHub,1 Online/Offline,IX25-0028,36,1/4/2025,1/4/2028,,,,,,,,,,,,,1/4/2028,677.00,NO,,,,,,,,,,,,,,
Maxis,Maxis Broadband Sdn Bhd,Central Park Comm. Centre MEP-EN,,515,,,CS SignHub,1 Online/Offline,IX25-0028,36,1/4/2025,1/4/2028,,,,,,,,,,,,,1/4/2028,677.00,NO,,,,,,,,,,,,,,
Maxis,Maxis Broadband Sdn Bhd,"Centre Point, KK MEP-BM",,419,,,CS SignHub,1 Online/Offline,IX25-0028,36,1/4/2025,1/4/2028,,,,,,,,,,,,,1/4/2028,677.00,NO,,,,,,,,,,,,,,
CIX,Click IX Sdn Bhd,Sam - Demo - 7-Eleven,unknown 90/3.2.0,56,1,1920x1080,CS SignHub,4 Test,n/a,#NUM!,25/5/2026,22/1/2025,,,,,,,,,,,,,22/1/2025,-488.00,NO,lexus+demoSH@click-ix.com,#N/A,-empty-,,,Scala,,,,,,,,
Mitsubishi,Team Moxim Sdn Bhd,"RIF Auto, Kota Bharu - SC 02",4.3.0+build-auto v.5.8.0 MSI 5.7.0,142,,1080x1920,CS SignHub,1 Online/Offline,IX25-0146,13,1/8/2025,1/9/2026,,,,,,Yes,,,,,,,1/9/2026,99.00,NO,,,,,,,,,,,,,,
Mitsubishi,Team Moxim Sdn Bhd,"RIF Auto, Kota Bharu - SC 01",4.3.0+build-auto v.5.8.0 MSI 5.7.0,141,,1920x1080,CS SignHub,1 Online/Offline,IX25-0146,13,1/8/2025,1/9/2026,,,,,,Yes,,,,,,,1/9/2026,99.00,NO,,,,,,,,,,,,,,
Maxis,Maxis Broadband Sdn Bhd,Changlun MEP-BM 1 - P1 (Fibre),,459,,,CS SignHub,1 Online/Offline,IX25-0028,36,1/4/2025,1/4/2028,,,,,,,,,,,,,1/4/2028,677.00,NO,,,,,,,,,,,,,,
Maxis,Maxis Broadband Sdn Bhd,Changlun MEP-BM 2 - Demo TV,,461,,,CS SignHub,1 Online/Offline,IX25-0028,36,1/4/2025,1/4/2028,,,,,,,,,,,,,1/4/2028,677.00,NO,,,,,,,,,,,,,,
Maxis,Maxis Broadband Sdn Bhd,Changlun MEP-BM 3 - P3 (Hotlink),,460,,,CS SignHub,1 Online/Offline,IX25-0028,36,1/4/2025,1/4/2028,,,,,,,,,,,,,1/4/2028,677.00,NO,,,,,,,,,,,,,,
CEVA Logistics,Ledtronics,RC,,,,n/a,Intuiface,2 Inacitve ,"IX24-11, QT123",12,16/3/2024,16/3/2025,,,,,,,,,,,,,16/3/2025,-435.00,NO,ext.selventhiran.manimaran@cevalogistics.com,#N/A,-empty-,,,Wastah,,,,,,,,
Aeon Mall,Kesion Malaysia Sdn Bhd,Rawang_DS 3,4.5.0+build-auto,228,1,1080x1920,CS Play,1 Online/Offline,QT257,12,1/1/2025,1/1/2026,IX26-0137,12,1/1/2026,31/12/2026,,,,,,,,,31/12/2026,220.00,NO,naim@kesion.co.jp,K3s10njp,KEPL-0025,,,CS Play (cityscreen.cloud),,,,,,,,
Aeon Mall,Kesion Malaysia Sdn Bhd,Rawang_DS 2,4.5.0+build-auto,229,1,1080x1920,CS Play,1 Online/Offline,QT257,12,1/1/2025,1/1/2026,IX26-0137,12,1/1/2026,31/12/2026,,,,,,,,,31/12/2026,220.00,NO,naim@kesion.co.jp,K3s10njp,KEPL-0024,,,CS Play (cityscreen.cloud),,,,,,,,
Aeon Mall,Kesion Malaysia Sdn Bhd,Rawang_DS 1,4.5.0+build-auto,227,1,1080x1920,CS Play,1 Online/Offline,QT257,12,1/1/2025,1/1/2026,IX26-0137,12,1/1/2026,31/12/2026,,,,,,,,,31/12/2026,220.00,NO,naim@kesion.co.jp,K3s10njp,KEPL-0023,,,CS Play (cityscreen.cloud),,,,,,,,
Maxis,Maxis Broadband Sdn Bhd,"City Mall, KK MEP-EN 1 - P1 (Fibre)",,426,,,CS SignHub,1 Online/Offline,IX25-0028,36,1/4/2025,1/4/2028,,,,,,,,,,,,,1/4/2028,677.00,NO,,,,,,,,,,,,,,
Maxis,Maxis Broadband Sdn Bhd,"City Mall, KK MEP-EN 2 - MIRA",,427,,,CS SignHub,1 Online/Offline,IX25-0028,36,1/4/2025,1/4/2028,,,,,,,,,,,,,1/4/2028,677.00,NO,,,,,,,,,,,,,,
Maxis,Maxis Broadband Sdn Bhd,CityOne Megamall MEP-EN,,516,,,CS SignHub,1 Online/Offline,IX25-0028,36,1/4/2025,1/4/2028,,,,,,,,,,,,,1/4/2028,677.00,NO,,,,,,,,,,,,,,
Maxis,Maxis Broadband Sdn Bhd,"D Mall, Seri Iskandar MEPLite-BM 01 - Brandwal",,285,,1920x1080,CS SignHub,1 Online/Offline,IX25-0240,36,19/9/2025,19/9/2028,,,,,,,,,,,,,19/9/2028,848.00,NO,,,,,,,,,,,,,,
Maxis,Maxis Broadband Sdn Bhd,"D Mall, Seri Iskandar MEPLite-BM 02 - DS 01",,176,,1920x540,CS SignHub,1 Online/Offline,IX25-0240,36,19/9/2025,19/9/2028,,,,,,,,,,,,,19/9/2028,848.00,NO,,,,,,,,,,,,,,
Maxis,Maxis Broadband Sdn Bhd,"D Mall, Seri Iskandar MEPLite-BM 03 - DS 02",,328,,1920x540,CS SignHub,1 Online/Offline,IX25-0240,36,19/9/2025,19/9/2028,,,,,,,,,,,,,19/9/2028,848.00,NO,,,,,,,,,,,,,,
Maxis,Maxis Broadband Sdn Bhd,Danga Bay MC-EN 1 - Demo TV,,134,,,CS SignHub,1 Online/Offline,IX25-0028,36,1/4/2025,1/4/2028,,,,,,,,,,,,,1/4/2028,677.00,NO,,,,,,,,,,,,,,
Maxis,Maxis Broadband Sdn Bhd,Danga Bay MC-EN 2 - MIRA,,136,,,CS SignHub,1 Online/Offline,IX25-0028,36,1/4/2025,1/4/2028,,,,,,,,,,,,,1/4/2028,677.00,NO,,,,,,,,,,,,,,
Maxis,Maxis Broadband Sdn Bhd,Danga Bay MC-EN 3 - P1 (Postpaid),,135,,,CS SignHub,1 Online/Offline,IX25-0028,36,1/4/2025,1/4/2028,,,,,,,,,,,,,1/4/2028,677.00,NO,,,,,,,,,,,,,,
Maxis,Maxis Broadband Sdn Bhd,Danga Bay MC-EN 4 - P3 (Hotlink),,132,,,CS SignHub,1 Online/Offline,IX25-0028,36,1/4/2025,1/4/2028,,,,,,,,,,,,,1/4/2028,677.00,NO,,,,,,,,,,,,,,
Maxis,Maxis Broadband Sdn Bhd,Danga Bay MC-EN 5 - P2 (Zerolution),,133,,,CS SignHub,1 Online/Offline,IX25-0028,36,1/4/2025,1/4/2028,,,,,,,,,,,,,1/4/2028,677.00,NO,,,,,,,,,,,,,,
Maxis,Maxis Broadband Sdn Bhd,Dataran Austin MC-BM 1 - Demo TV,,337,,,CS SignHub,1 Online/Offline,IX25-0028,36,1/4/2025,1/4/2028,,,,,,,,,,,,,1/4/2028,677.00,NO,,,,,,,,,,,,,,
Maxis,Maxis Broadband Sdn Bhd,Dataran Austin MC-BM 2 - P1 (Postpaid),,338,,,CS SignHub,1 Online/Offline,IX25-0028,36,1/4/2025,1/4/2028,,,,,,,,,,,,,1/4/2028,677.00,NO,,,,,,,,,,,,,,
Rollti,Iwealth Global,PVE@LEDDoor,4.0.7+build-auto v.5.4.1 MSI 5.4.1,76,1,384x704,CS SignHub,1 Online/Offline,IX24-15,12,1/4/2024,1/4/2025,QT384/IX2567,12,1/4/2025,30/3/2026,,,,,,,,,30/3/2026,-56.00,YES,admin@rollti.co,#N/A,-empty-,"Client hasn’t paid, qoutation sent",,Wastah,,,,,,,,
Rollti,Iwealth Global,PVE@Cashier,4.0.7+build-auto v.5.4.0 MSI 5.4.0,75,3,3240x1920,CS SignHub,1 Online/Offline,IX24-15,12,1/4/2024,1/4/2025,QT384/IX2567,12,1/4/2025,30/3/2026,,,,,,,,,30/3/2026,-56.00,YES,admin@rollti.co,#N/A,-empty-,"Client hasn’t paid, qoutation sent",,Wastah,,,,,,,,
CIX,Click IX Sdn Bhd,PUB-Prod-01,,57,1,652x607,CS SignHub,4 Test,n/a,#NUM!,25/5/2026,22/1/2025,,,,,,,,,,,,,22/1/2025,-488.00,NO,lexus+demoSH@click-ix.com,#N/A,-empty-,,,Scala,,,,,,,,
Maxis,Maxis Broadband Sdn Bhd,Dataran Pahlawan Melaka MEP-EN,,529,,,CS SignHub,1 Online/Offline,IX25-0028,36,1/4/2025,1/4/2028,,,,,,,,,,,,,1/4/2028,677.00,NO,,,,,,,,,,,,,,
Mitsubishi,Team Moxim Sdn Bhd,"Prestigue Marque, Nusajaya - SC 01",4.4.0+build-auto v.5.9.1,128,,1920x1080,CS SignHub,1 Online/Offline,IX25-0146,13,1/8/2025,1/9/2026,,,,,,Yes,,,,,,,1/9/2026,99.00,NO,,,,,,,,,,,,,,
Mitsubishi,Team Moxim Sdn Bhd,"Premium Century, Seremban 2 - SC 01",4.4.0+build-auto v.5.9.1,120,,1080x1920,CS SignHub,1 Online/Offline,IX25-0146,13,1/8/2025,1/9/2026,,,,,,Yes,,,,,,,1/9/2026,99.00,NO,,,,,,,,,,,,,,
Maxis,Maxis Broadband Sdn Bhd,Desa Murni Sg Dua MEP-BM,,432,,,CS SignHub,1 Online/Offline,IX25-0028,36,1/4/2025,1/4/2028,,,,,,,,,,,,,1/4/2028,677.00,NO,,,,,,,,,,,,,,
Maxis,Maxis Broadband Sdn Bhd,"Dpulze, Cyberjaya MEP-EN",,243,,,CS SignHub,1 Online/Offline,IX25-0028,36,1/4/2025,1/4/2028,,,,,,,,,,,,,1/4/2028,677.00,NO,,,,,,,,,,,,,,
Maxis,Maxis Broadband Sdn Bhd,"DUBS Commercial Office Complex, Kuching MEP-EN",,513,,,CS SignHub,1 Online/Offline,IX25-0028,36,1/4/2025,1/4/2028,,,,,,,,,,,,,1/4/2028,677.00,NO,,,,,,,,,,,,,,
Maxis,Maxis Broadband Sdn Bhd,East Coast Mall MEP-BM 1 - SF (Fibre),,595,,,CS SignHub,1 Online/Offline,IX25-0028,36,1/4/2025,1/4/2028,,,,,,,,,,,,,1/4/2028,677.00,NO,,,,,,,,,,,,,,
Maxis,Maxis Broadband Sdn Bhd,East Coast Mall MEP-BM 2 - P2 (Postpaid),,597,,,CS SignHub,1 Online/Offline,IX25-0028,36,1/4/2025,1/4/2028,,,,,,,,,,,,,1/4/2028,677.00,NO,,,,,,,,,,,,,,
Maxis,Maxis Broadband Sdn Bhd,East Coast Mall MEP-BM 3 - P2 (Fibre),,596,,,CS SignHub,1 Online/Offline,IX25-0028,36,1/4/2025,1/4/2028,,,,,,,,,,,,,1/4/2028,677.00,NO,,,,,,,,,,,,,,
Maxis,Maxis Broadband Sdn Bhd,East Coast Mall MEP-BM 4 - P3 (Hotlink),,598,,,CS SignHub,1 Online/Offline,IX25-0028,36,1/4/2025,1/4/2028,,,,,,,,,,,,,1/4/2028,677.00,NO,,,,,,,,,,,,,,
Maxis,Maxis Broadband Sdn Bhd,East Coast Mall MEP-BM 5 - P1 (SF-R),,599,,,CS SignHub,1 Online/Offline,IX25-0028,36,1/4/2025,1/4/2028,,,,,,,,,,,,,1/4/2028,677.00,NO,,,,,,,,,,,,,,
Maxis,Maxis Broadband Sdn Bhd,"Eastern Mall Kiosk, Siburan MEPLite-EN 01 - Brandwall",,515,,1920x1080,CS SignHub,1 Online/Offline,IX25-0237,36,19/9/2025,19/9/2028,,,,,,,,,,,,,19/9/2028,848.00,NO,,,,,,,,,,,,,,
Maxis,Maxis Broadband Sdn Bhd,"Eastern Mall Kiosk, Siburan MEPLite-EN 02 - DS01",,340,,1920x540,CS SignHub,1 Online/Offline,IX25-0237,36,19/9/2025,19/9/2028,,,,,,,,,,,,,19/9/2028,848.00,NO,,,,,,,,,,,,,,
Maxis,Maxis Broadband Sdn Bhd,"Eastern Mall Kiosk, Siburan MEPLite-EN 03 - DS02",,152,,1920x540,CS SignHub,1 Online/Offline,IX25-0237,36,19/9/2025,19/9/2028,,,,,,,,,,,,,19/9/2028,848.00,NO,,,,,,,,,,,,,,
Maxis,Maxis Broadband Sdn Bhd,"Econsave Pandamaran, Klang MEPLite-BM 01 - Brandwall",,283,,3840x2160,CS SignHub,1 Online/Offline,IX25-0208,36,9/4/2025,9/4/2028,,,,,,,,,,,,,9/4/2028,685.00,NO,,,,,,,,,,,,,,
Maxis,Maxis Broadband Sdn Bhd,"Econsave Pandamaran, Klang MEPLite-BM 02 - DS01",,624,,1920x540,CS SignHub,1 Online/Offline,IX25-0208,36,9/4/2025,9/4/2028,,,,,,,,,,,,,9/4/2028,685.00,NO,,,,,,,,,,,,,,
Maxis,Maxis Broadband Sdn Bhd,"Econsave Pandamaran, Klang MEPLite-BM 03 - DS02",,625,,1920x540,CS SignHub,1 Online/Offline,IX25-0208,36,9/4/2025,9/4/2028,,,,,,,,,,,,,9/4/2028,685.00,NO,,,,,,,,,,,,,,
Maxis,Maxis Broadband Sdn Bhd,Econsave Pokok Sena MEPLite-BM 01 - Brandwall,,670,,1920x1080,CS SignHub,1 Online/Offline,IX25-0369,36,26/12/2025,26/12/2028,,,,,,,,,,,,,26/12/2028,946.00,NO,,,,,,,,,,,,,,
Maxis,Maxis Broadband Sdn Bhd,Econsave Pokok Sena MEPLite-BM 02 - DS01,,671,,1920x540,CS SignHub,1 Online/Offline,IX25-0369,36,26/12/2025,26/12/2028,,,,,,,,,,,,,26/12/2028,946.00,NO,,,,,,,,,,,,,,
Maxis,Maxis Broadband Sdn Bhd,Econsave Pokok Sena MEPLite-BM 02 - DS02,,672,,1920x540,CS SignHub,1 Online/Offline,IX25-0369,36,26/12/2025,26/12/2028,,,,,,,,,,,,,26/12/2028,946.00,NO,,,,,,,,,,,,,,
Maxis,Maxis Broadband Sdn Bhd,Eko Cheras MC-EN 1 - SF Right,,56,,,CS SignHub,1 Online/Offline,IX25-0028,36,1/4/2025,1/4/2028,,,,,,,,,,,,,1/4/2028,677.00,NO,,,,,,,,,,,,,,
Maxis,Maxis Broadband Sdn Bhd,Eko Cheras MC-EN 2 - SF Left,,58,,,CS SignHub,1 Online/Offline,IX25-0028,36,1/4/2025,1/4/2028,,,,,,,,,,,,,1/4/2028,677.00,NO,,,,,,,,,,,,,,
Maxis,Maxis Broadband Sdn Bhd,Eko Cheras MC-EN 3 - MIRA,,54,,,CS SignHub,1 Online/Offline,IX25-0028,36,1/4/2025,1/4/2028,,,,,,,,,,,,,1/4/2028,677.00,NO,,,,,,,,,,,,,,
Maxis,Maxis Broadband Sdn Bhd,Eko Cheras MC-EN 4 - LED,,55,,,CS SignHub,1 Online/Offline,IX25-0028,36,1/4/2025,1/4/2028,,,,,,,,,,,,,1/4/2028,677.00,NO,,,,,,,,,,,,,,
Maxis,Maxis Broadband Sdn Bhd,Eko Cheras MC-EN 5 - Demo TV,,57,,,CS SignHub,1 Online/Offline,IX25-0028,36,1/4/2025,1/4/2028,,,,,,,,,,,,,1/4/2028,677.00,NO,,,,,,,,,,,,,,
Pantai Hospital Klang,Pantai Hospital Klang,"PHK, GF Directory - Right",4.7.3+build-auto v.5.9.2,155,,1080x1920,CS SignHub,1 Online/Offline,IX-0318,12,5/11/2025,1/12/2026,,,,,,Yes,,,,,,,1/12/2026,190.00,NO,,,,,,,,,,,,,,
Pantai Hospital Klang,Pantai Hospital Klang,"PHK, GF Directory - Left",4.7.3+build-auto v.5.9.2,154,,1080x1920,CS SignHub,1 Online/Offline,IX-0318,12,5/11/2025,1/12/2026,,,,,,Yes,,,,,,,1/12/2026,190.00,NO,,,,,,,,,,,,,,
Pantai Hospital Cheras,Pantai Hospital Cheras,PHC_L4Directory,,169,1,1080x1920,CS SignHub,1 Online/Offline,"IX24-0057, PR90",12,12/7/2024,12/7/2025,IX25-121,12,12/7/2025,11/7/2026,,,,,,,,,11/7/2026,47.00,YES,my.phc.itdept+admin@pantai.com.my,#N/A,-empty-,,,CS SignHub (cityscreen.cloud),,,,,,,,
Pantai Hospital Cheras,Pantai Hospital Cheras,PHC_L3Directory,,168,1,2160x1920,CS SignHub,1 Online/Offline,"IX24-0057, PR90",12,12/7/2024,12/7/2025,IX25-121,12,12/7/2025,11/7/2026,,,,,,,,,11/7/2026,47.00,YES,my.phc.itdept+admin@pantai.com.my,#N/A,-empty-,,,CS SignHub (cityscreen.cloud),,,,,,,,
Pantai Hospital Cheras,Pantai Hospital Cheras,PHC_GHPoster,,170,1,3240x1920,CS SignHub,1 Online/Offline,"IX24-0057, PR90",12,12/7/2024,12/7/2025,IX25-121,12,12/7/2025,11/7/2026,,,,,,,,,11/7/2026,47.00,YES,my.phc.itdept+admin@pantai.com.my,#N/A,-empty-,,,CS SignHub (cityscreen.cloud),,,,,,,,
Pantai Hospital Cheras,Pantai Hospital Cheras,PHC_GFDirectory,,166,1,3240x1920,CS SignHub,1 Online/Offline,"IX24-0057, PR90",12,12/7/2024,12/7/2025,IX25-121,12,12/7/2025,11/7/2026,,,,,,,,,11/7/2026,47.00,YES,my.phc.itdept+admin@pantai.com.my,#N/A,-empty-,,,CS SignHub (cityscreen.cloud),,,,,,,,
Maxis,Maxis Broadband Sdn Bhd,Gamuda Walk MEP-EN 1- P1 (Fibre),,387,,,CS SignHub,1 Online/Offline,IX25-0028,36,1/4/2025,1/4/2028,,,,,,,,,,,,,1/4/2028,677.00,NO,,,,,,,,,,,,,,
Maxis,Maxis Broadband Sdn Bhd,Gamuda Walk MEP-EN 2 - P2 (MIRA),,386,,,CS SignHub,1 Online/Offline,IX25-0028,36,1/4/2025,1/4/2028,,,,,,,,,,,,,1/4/2028,677.00,NO,,,,,,,,,,,,,,
Maxis,Maxis Broadband Sdn Bhd,Gamuda Walk MEP-EN 3 - Hotlink,,385,,,CS SignHub,1 Online/Offline,IX25-0028,36,1/4/2025,1/4/2028,,,,,,,,,,,,,1/4/2028,677.00,NO,,,,,,,,,,,,,,
Maxis,Maxis Broadband Sdn Bhd,Gardens MC 1 - SF 1x88 Left,,32,,,CS SignHub,1 Online/Offline,IX25-0028,36,1/4/2025,1/4/2028,,,,,,,,,,,,,1/4/2028,677.00,NO,,,,,,,,,,,,,,
Maxis,Maxis Broadband Sdn Bhd,Gardens MC 10 - Demo TV Wall,,39,,,CS SignHub,1 Online/Offline,IX25-0028,36,1/4/2025,1/4/2028,,,,,,,,,,,,,1/4/2028,677.00,NO,,,,,,,,,,,,,,
Maxis,Maxis Broadband Sdn Bhd,Gardens MC 11 - MIRA,,43,,,CS SignHub,1 Online/Offline,IX25-0028,36,1/4/2025,1/4/2028,,,,,,,,,,,,,1/4/2028,677.00,NO,,,,,,,,,,,,,,
KLIATV,Rimbun Hybrid TV Sdn Bhd,PENTV036_DepartureIntl,0.0.75,389,750,1920x1080,CS Play,3 Archive,,0,,,,,,,,Yes,,,,,,,0/1/1900,-46167.00,NO,,,,,,,,,,,,,,
KLIATV,Rimbun Hybrid TV Sdn Bhd,PENTV035_DepartureIntl,0.0.75,411,772,1920x1080,CS Play,3 Archive,,0,,,,,,,,Yes,,,,,,,0/1/1900,-46167.00,NO,,,,,,,,,,,,,,
KLIATV,Rimbun Hybrid TV Sdn Bhd,PENTV034_DepartureIntl,0.0.75,410,771,1920x1080,CS Play,3 Archive,,0,,,,,,,,Yes,,,,,,,0/1/1900,-46167.00,NO,,,,,,,,,,,,,,
KLIATV,Rimbun Hybrid TV Sdn Bhd,PENTV033_DepartureIntl,0.0.75,392,753,1920x1080,CS Play,3 Archive,,0,,,,,,,,Yes,,,,,,,0/1/1900,-46167.00,NO,,,,,,,,,,,,,,
KLIATV,Rimbun Hybrid TV Sdn Bhd,PENTV031_DepartureIntl,0.0.75,393,754,1920x1080,CS Play,3 Archive,,0,,,,,,,,Yes,,,,,,,0/1/1900,-46167.00,NO,,,,,,,,,,,,,,
KLIATV,Rimbun Hybrid TV Sdn Bhd,PENTV030_DepartureIntl,0.0.75,397,758,1920x1080,CS Play,3 Archive,,0,,,,,,,,Yes,,,,,,,0/1/1900,-46167.00,NO,,,,,,,,,,,,,,
KLIATV,Rimbun Hybrid TV Sdn Bhd,PENTV029_DepartureIntl,0.0.75,415,776,1920x1080,CS Play,3 Archive,,0,,,,,,,,Yes,,,,,,,0/1/1900,-46167.00,NO,,,,,,,,,,,,,,
KLIATV,Rimbun Hybrid TV Sdn Bhd,PENTV028_CheckInCounter,0.0.75,419,780,1920x1080,CS Play,3 Archive,,0,,,,,,,,Yes,,,,,,,0/1/1900,-46167.00,NO,,,,,,,,,,,,,,
KLIATV,Rimbun Hybrid TV Sdn Bhd,PENTV027_CheckInCounter,0.0.75,408,769,1920x1080,CS Play,3 Archive,,0,,,,,,,,Yes,,,,,,,0/1/1900,-46167.00,NO,,,,,,,,,,,,,,
KLIATV,Rimbun Hybrid TV Sdn Bhd,PENTV026_CheckInCounter,0.0.75,405,766,1920x1080,CS Play,3 Archive,,0,,,,,,,,Yes,,,,,,,0/1/1900,-46167.00,NO,,,,,,,,,,,,,,
KLIATV,Rimbun Hybrid TV Sdn Bhd,PENTV025_BaggageDomestic,0.0.75,390,751,1920x1080,CS Play,3 Archive,,0,,,,,,,,Yes,,,,,,,0/1/1900,-46167.00,NO,,,,,,,,,,,,,,
KLIATV,Rimbun Hybrid TV Sdn Bhd,PENTV024_BaggageDomestic,0.0.75,398,759,1920x1080,CS Play,3 Archive,,0,,,,,,,,Yes,,,,,,,0/1/1900,-46167.00,NO,,,,,,,,,,,,,,
KLIATV,Rimbun Hybrid TV Sdn Bhd,PENTV023_BaggageDomestic,0.0.75,394,755,1920x1080,CS Play,3 Archive,,0,,,,,,,,Yes,,,,,,,0/1/1900,-46167.00,NO,,,,,,,,,,,,,,
KLIATV,Rimbun Hybrid TV Sdn Bhd,PENTV022_BaggageDomestic,0.0.75,403,764,1920x1080,CS Play,3 Archive,,0,,,,,,,,Yes,,,,,,,0/1/1900,-46167.00,NO,,,,,,,,,,,,,,
KLIATV,Rimbun Hybrid TV Sdn Bhd,PENTV021_BaggageDomestic,0.0.75,399,760,1920x1080,CS Play,3 Archive,,0,,,,,,,,Yes,,,,,,,0/1/1900,-46167.00,NO,,,,,,,,,,,,,,
KLIATV,Rimbun Hybrid TV Sdn Bhd,PENTV020_BaggageDomestic,0.0.75,413,774,1920x1080,CS Play,3 Archive,,0,,,,,,,,Yes,,,,,,,0/1/1900,-46167.00,NO,,,,,,,,,,,,,,
KLIATV,Rimbun Hybrid TV Sdn Bhd,PENTV019_DepartureHall,0.0.75,416,777,1920x1080,CS Play,3 Archive,,0,,,,,,,,Yes,,,,,,,0/1/1900,-46167.00,NO,,,,,,,,,,,,,,
KLIATV,Rimbun Hybrid TV Sdn Bhd,PENTV018_DepartureHall,0.0.75,418,779,1920x1080,CS Play,3 Archive,,0,,,,,,,,Yes,,,,,,,0/1/1900,-46167.00,NO,,,,,,,,,,,,,,
KLIATV,Rimbun Hybrid TV Sdn Bhd,PENTV017_DepatureHall,0.0.79,414,775,1920x1080,CS Play,3 Archive,,0,,,,,,,,Yes,,,,,,,0/1/1900,-46167.00,NO,,,,,,,,,,,,,,
KLIATV,Rimbun Hybrid TV Sdn Bhd,PENTV016_Arrival,107/3.7.1,387,748,1920x1080,CS Play,3 Archive,,0,,,,,,,,Yes,,,,,,,0/1/1900,-46167.00,NO,,,,,,,,,,,,,,
KLIATV,Rimbun Hybrid TV Sdn Bhd,PENTV015_Arrival,107/3.7.1,417,778,1920x1080,CS Play,3 Archive,,0,,,,,,,,Yes,,,,,,,0/1/1900,-46167.00,NO,,,,,,,,,,,,,,
KLIATV,Rimbun Hybrid TV Sdn Bhd,PENTV014_Arrival,107/3.7.1,406,767,1920x1080,CS Play,3 Archive,,0,,,,,,,,Yes,,,,,,,0/1/1900,-46167.00,NO,,,,,,,,,,,,,,
KLIATV,Rimbun Hybrid TV Sdn Bhd,PENTV013_Arrival,107/3.7.1,420,781,1920x1080,CS Play,3 Archive,,0,,,,,,,,Yes,,,,,,,0/1/1900,-46167.00,NO,,,,,,,,,,,,,,
KLIATV,Rimbun Hybrid TV Sdn Bhd,PENTV012_Arrival,107/3.7.1,386,747,1920x1080,CS Play,3 Archive,,0,,,,,,,,Yes,,,,,,,0/1/1900,-46167.00,NO,,,,,,,,,,,,,,
KLIATV,Rimbun Hybrid TV Sdn Bhd,PENTV011_DepartureHall,107/3.7.1,412,773,1920x1080,CS Play,3 Archive,,0,,,,,,,,Yes,,,,,,,0/1/1900,-46167.00,NO,,,,,,,,,,,,,,
KLIATV,Rimbun Hybrid TV Sdn Bhd,PENTV010_DepartureDomestic(Ground),107/3.7.1,396,757,1920x1080,CS Play,3 Archive,,0,,,,,,,,Yes,,,,,,,0/1/1900,-46167.00,NO,,,,,,,,,,,,,,
KLIATV,Rimbun Hybrid TV Sdn Bhd,PENTV009_DepartureDomestic(Ground),107/3.7.1,409,770,1920x1080,CS Play,3 Archive,,0,,,,,,,,Yes,,,,,,,0/1/1900,-46167.00,NO,,,,,,,,,,,,,,
KLIATV,Rimbun Hybrid TV Sdn Bhd,PENTV008_DepartureDomestic,107/3.7.1,388,749,1920x1080,CS Play,3 Archive,,0,,,,,,,,Yes,,,,,,,0/1/1900,-46167.00,NO,,,,,,,,,,,,,,
KLIATV,Rimbun Hybrid TV Sdn Bhd,PENTV007_DepartureDomestic,107/3.7.1,400,761,1920x1080,CS Play,3 Archive,,0,,,,,,,,Yes,,,,,,,0/1/1900,-46167.00,NO,,,,,,,,,,,,,,
KLIATV,Rimbun Hybrid TV Sdn Bhd,PENTV006_DepartureDomestic,107/3.7.1,395,756,1920x1080,CS Play,3 Archive,,0,,,,,,,,Yes,,,,,,,0/1/1900,-46167.00,NO,,,,,,,,,,,,,,
KLIATV,Rimbun Hybrid TV Sdn Bhd,PENTV005_DepartureDomestic,107/3.7.1,391,752,1920x1080,CS Play,3 Archive,,0,,,,,,,,Yes,,,,,,,0/1/1900,-46167.00,NO,,,,,,,,,,,,,,
KLIATV,Rimbun Hybrid TV Sdn Bhd,PENTV004_DepartureDomestic,107/3.7.1,404,765,1920x1080,CS Play,3 Archive,,0,,,,,,,,Yes,,,,,,,0/1/1900,-46167.00,NO,,,,,,,,,,,,,,
KLIATV,Rimbun Hybrid TV Sdn Bhd,PENTV003_DepartureDomestic,107/3.7.1,407,768,1920x1080,CS Play,3 Archive,,0,,,,,,,,Yes,,,,,,,0/1/1900,-46167.00,NO,,,,,,,,,,,,,,
KLIATV,Rimbun Hybrid TV Sdn Bhd,PENTV002_DepartureDomestic,107/3.7.1,402,763,1920x1080,CS Play,3 Archive,,0,,,,,,,,Yes,,,,,,,0/1/1900,-46167.00,NO,,,,,,,,,,,,,,
KLIATV,Rimbun Hybrid TV Sdn Bhd,PENTV001_DepartureDomestic,107/3.7.1,401,762,1920x1080,CS Play,3 Archive,,0,,,,,,,,Yes,,,,,,,0/1/1900,-46167.00,NO,,,,,,,,,,,,,,
Maxis,Maxis Broadband Sdn Bhd,Gardens MC 2 - SF 1x88 Mid,,35,,,CS SignHub,1 Online/Offline,IX25-0028,36,1/4/2025,1/4/2028,,,,,,,,,,,,,1/4/2028,677.00,NO,,,,,,,,,,,,,,
Maxis,Maxis Broadband Sdn Bhd,Gardens MC 3 - SF 1x88 Right,,37,,,CS SignHub,1 Online/Offline,IX25-0028,36,1/4/2025,1/4/2028,,,,,,,,,,,,,1/4/2028,677.00,NO,,,,,,,,,,,,,,
Maxis,Maxis Broadband Sdn Bhd,Gardens MC 4 - RW LED,,34,,,CS SignHub,1 Online/Offline,IX25-0028,36,1/4/2025,1/4/2028,,,,,,,,,,,,,1/4/2028,677.00,NO,,,,,,,,,,,,,,
Maxis,Maxis Broadband Sdn Bhd,Gardens MC 5 - 2x98 Kitchen,,33,,,CS SignHub,1 Online/Offline,IX25-0028,36,1/4/2025,1/4/2028,,,,,,,,,,,,,1/4/2028,677.00,NO,,,,,,,,,,,,,,
Maxis,Maxis Broadband Sdn Bhd,Gardens MC 7 - 2x98 LED,,38,,,CS SignHub,1 Online/Offline,IX25-0028,36,1/4/2025,1/4/2028,,,,,,,,,,,,,1/4/2028,677.00,NO,,,,,,,,,,,,,,
Parisign,Parisign,Penang Bus Stop Weld Highway,,,,,CS SignHub,2 Trial/Demo,IX25-0338,3,1/2/2026,1/5/2026,,,,,,Yes,,,,,,,1/5/2026,-24.00,YES,Jt,,,Awaiting for Installations,,,,,,,,,,
ASE ,ASE Malaysia Sdn Bhd,Penang,,,1,1920x1080,Intuiface,3 Archive,QT268,12,21/12/2023,21/12/2024,QT268/IX24-85,12,19/12/2024,19/12/2025,,,,,,,,,19/12/2025,-157.00,NO,yeekchi.chan@aemal.com.my,#N/A,-empty-,lexus: no renewal for the moment,,,,,,,,,,
Maxis,Maxis Broadband Sdn Bhd,Gardens MC 8 - 2x98 SF,,42,,,CS SignHub,1 Online/Offline,IX25-0028,36,1/4/2025,1/4/2028,,,,,,,,,,,,,1/4/2028,677.00,NO,,,,,,,,,,,,,,
Maxis,Maxis Broadband Sdn Bhd,Gardens MC 9 - Hotlink,,44,,,CS SignHub,1 Online/Offline,IX25-0028,36,1/4/2025,1/4/2028,,,,,,,,,,,,,1/4/2028,677.00,NO,,,,,,,,,,,,,,
Maxis,Maxis Broadband Sdn Bhd,Giant Jerteh MEPLite-BM 01 - Brandwall,,576,,1920x1080,CS SignHub,1 Online/Offline,IX25-0224,36,9/10/2025,9/10/2028,,,,,,,,,,,,,9/10/2028,868.00,NO,,,,,,,,,,,,,,
Media Merpati,Media Merpati Sdn Bhd,Pearl Point - Old Klang Road,,17,1,896x1344,CS Play,1 Online/Offline,"IX24-0058, PR91",12,1/6/2024,1/6/2025,QT389/IX25-81,12,1/6/2025,31/5/2026,,,,,,,,,31/5/2026,6.00,YES,edgarlim@aims-research.com,#N/A,-empty-,,,,,,,,,,,
Loreal,Acrylic Signature Trading ,PAVWatson_LorealSerumBar,unknown 92/3.2.2,21,1,1280x800,CS SignHub,1 Online/Offline,"IX24-2, QT113",12,3/1/2024,3/1/2025,,,,,,,,,,,,,3/1/2025,-507.00,YES,signhub@click-ix.com,#N/A,-empty-,,,Wastah,,,,,,,,
Maxis,Maxis Broadband Sdn Bhd,Giant Jerteh MEPLite-BM 02 - DS 01,,295,,1920x540,CS SignHub,1 Online/Offline,IX25-0224,36,9/10/2025,9/10/2028,,,,,,,,,,,,,9/10/2028,868.00,NO,,,,,,,,,,,,,,
Maxis,Maxis Broadband Sdn Bhd,Giant Jerteh MEPLite-BM 03 - DS 02,,294,,1920x540,CS SignHub,1 Online/Offline,IX25-0224,36,9/10/2025,9/10/2028,,,,,,,,,,,,,9/10/2028,868.00,NO,,,,,,,,,,,,,,
Maxis,Maxis Broadband Sdn Bhd,Giant Plentong MEP-BM 1 - SF,,573,,,CS SignHub,1 Online/Offline,IX25-0028,36,1/4/2025,1/4/2028,,,,,,,,,,,,,1/4/2028,677.00,NO,,,,,,,,,,,,,,
Maxis,Maxis Broadband Sdn Bhd,Giant Plentong MEP-BM 2 - P2 (Postpaid),,574,,,CS SignHub,1 Online/Offline,IX25-0028,36,1/4/2025,1/4/2028,,,,,,,,,,,,,1/4/2028,677.00,NO,,,,,,,,,,,,,,
Maxis,Maxis Broadband Sdn Bhd,Giant Putra Height MEP-EN 1 - P1 (Postpaid),,402,,,CS SignHub,1 Online/Offline,IX25-0028,36,1/4/2025,1/4/2028,,,,,,,,,,,,,1/4/2028,677.00,NO,,,,,,,,,,,,,,
Maxis,Maxis Broadband Sdn Bhd,Giant Putra Height MEP-EN 2 - Demo TV,,403,,,CS SignHub,1 Online/Offline,IX25-0028,36,1/4/2025,1/4/2028,,,,,,,,,,,,,1/4/2028,677.00,NO,,,,,,,,,,,,,,
Maxis,Maxis Broadband Sdn Bhd,"Gua Musang, Kelantan MEP-BM",,591,,,CS SignHub,1 Online/Offline,IX25-0028,36,1/4/2025,1/4/2028,,,,,,,,,,,,,1/4/2028,677.00,NO,,,,,,,,,,,,,,
Maxis,Maxis Broadband Sdn Bhd,Guar Utama Mall MEPLite-BM 01 - Brandwall,,475,,3840x2160,CS SignHub,1 Online/Offline,IX25-0220,36,9/10/2025,9/10/2028,,,,,,,,,,,,,9/10/2028,868.00,NO,,,,,,,,,,,,,,
Maxis,Maxis Broadband Sdn Bhd,Guar Utama Mall MEPLite-BM 02 - DS 01,,118,,1920x540,CS SignHub,1 Online/Offline,IX25-0220,36,9/10/2025,9/10/2028,,,,,,,,,,,,,9/10/2028,868.00,NO,,,,,,,,,,,,,,
Maxis,Maxis Broadband Sdn Bhd,Guar Utama Mall MEPLite-BM 03 - DS 02,,305,,1920x540,CS SignHub,1 Online/Offline,IX25-0220,36,9/10/2025,9/10/2028,,,,,,,,,,,,,9/10/2028,868.00,NO,,,,,,,,,,,,,,
Maxis,Maxis Broadband Sdn Bhd,Gurney Plaza MEP-EN 1 - Demo TV,,480,,,CS SignHub,1 Online/Offline,IX25-0028,36,1/4/2025,1/4/2028,,,,,,,,,,,,,1/4/2028,677.00,NO,,,,,,,,,,,,,,
Maxis,Maxis Broadband Sdn Bhd,Gurney Plaza MEP-EN 2 - SF,,481,,,CS SignHub,1 Online/Offline,IX25-0028,36,1/4/2025,1/4/2028,,,,,,,,,,,,,1/4/2028,677.00,NO,,,,,,,,,,,,,,
Maxis,Maxis Broadband Sdn Bhd,Ikea Batu Kawan MEP-BM 1 - P2 (Ceiling),,449,,,CS SignHub,1 Online/Offline,IX25-0028,36,1/4/2025,1/4/2028,,,,,,,,,,,,,1/4/2028,677.00,NO,,,,,,,,,,,,,,
Maxis,Maxis Broadband Sdn Bhd,Ikea Batu Kawan MEP-BM 2 - P1 (Hotlink),,447,,,CS SignHub,1 Online/Offline,IX25-0028,36,1/4/2025,1/4/2028,,,,,,,,,,,,,1/4/2028,677.00,NO,,,,,,,,,,,,,,
Maxis,Maxis Broadband Sdn Bhd,Ikea Batu Kawan MEP-BM 3 - P3 (Postpaid),,448,,,CS SignHub,1 Online/Offline,IX25-0028,36,1/4/2025,1/4/2028,,,,,,,,,,,,,1/4/2028,677.00,NO,,,,,,,,,,,,,,
Open,Open,OpenLincese67,,67,1,2160x1920,CS Play,3 Archive,n/a,#NUM!,25/5/2026,2/5/2025,,,,,,,,,,,,,2/5/2025,-388.00,NO,Shahcgx@gmail.com,,,,,,,,,,,,,
Open,Open,OpenLincese110,,110,1,1920x1080,CS Play,3 Archive,n/a,13,8/3/2024,2/5/2025,,,,,,,,,,,,,2/5/2025,-388.00,NO,shahcgx@gmail.com,#N/A,-empty-,,,Wastah,,,,,,,,
Open,Open,OpenLicense97,,97,1,1920x1080,CS Play,3 Archive,n/a,#NUM!,25/5/2026,2/5/2025,,,,,,,,,,,,,2/5/2025,-388.00,NO,Shahcgx@gmail.com,#N/A,-empty-,,,Wastah,,,,,,,,
Open,Open,OpenLIcense96,,96,1,1280x720,CS Play,3 Archive,n/a,#NUM!,25/5/2026,2/5/2025,,,,,,,,,,,,,2/5/2025,-388.00,NO,Shahcgx@gmail.com,,,,,,,,,,,,,
Open,Open,OpenLicense95,,95,1,n/a,CS Play,3 Archive,n/a,#NUM!,25/5/2026,2/5/2025,,,,,,,,,,,,,2/5/2025,-388.00,NO,Shahcgx@gmail.com,,,,,,,,,,,,,
Open,Open,OpenLicense94,,94,1,1280x720,CS Play,3 Archive,n/a,#NUM!,25/5/2026,2/5/2025,,,,,,,,,,,,,2/5/2025,-388.00,NO,Shahcgx@gmail.com,,,,,,,,,,,,,
Open,Open,OpenLicense93,,93,1,1280x720,CS Play,3 Archive,n/a,#NUM!,25/5/2026,2/5/2025,,,,,,,,,,,,,2/5/2025,-388.00,NO,Shahcgx@gmail.com,,,,,,,,,,,,,
Open,Open,OpenLicense92,,86,1,1280x720,CS Play,3 Archive,n/a,#NUM!,25/5/2026,2/5/2025,,,,,,,,,,,,,2/5/2025,-388.00,NO,Shahcgx@gmail.com,,,,,,,,,,,,,
Open,Open,OpenLicense92,,92,1,1280x720,CS Play,3 Archive,n/a,#NUM!,25/5/2026,2/5/2025,,,,,,,,,,,,,2/5/2025,-388.00,NO,Shahcgx@gmail.com,,,,,,,,,,,,,
Open,Open,OpenLicense90,,90,1,1280x720,CS Play,3 Archive,n/a,#NUM!,25/5/2026,2/5/2025,,,,,,,,,,,,,2/5/2025,-388.00,NO,Shahcgx@gmail.com,,,,,,,,,,,,,
Open,Open,OpenLicense89,,89,1,1280x720,CS Play,3 Archive,n/a,#NUM!,25/5/2026,2/5/2025,,,,,,,,,,,,,2/5/2025,-388.00,NO,Shahcgx@gmail.com,,,,,,,,,,,,,
Open,Open,OpenLicense88,,88,1,1280x720,CS Play,3 Archive,n/a,#NUM!,25/5/2026,2/5/2025,,,,,,,,,,,,,2/5/2025,-388.00,NO,Shahcgx@gmail.com,,,,,,,,,,,,,
Open,Open,OpenLicense87,,87,1,1280x720,CS Play,3 Archive,n/a,#NUM!,25/5/2026,2/5/2025,,,,,,,,,,,,,2/5/2025,-388.00,NO,Shahcgx@gmail.com,,,,,,,,,,,,,
Open,Open,OpenLicense85,,85,1,1280x720,CS Play,3 Archive,n/a,#NUM!,25/5/2026,2/5/2025,,,,,,,,,,,,,2/5/2025,-388.00,NO,Shahcgx@gmail.com,,,,,,,,,,,,,
Open,Open,OpenLicense84,,84,1,1280x720,CS Play,3 Archive,n/a,#NUM!,25/5/2026,2/5/2025,,,,,,,,,,,,,2/5/2025,-388.00,NO,Shahcgx@gmail.com,,,,,,,,,,,,,
Open,Open,OpenLicense83,,83,1,1920x1080,CS Play,3 Archive,n/a,#NUM!,25/5/2026,2/5/2025,,,,,,,,,,,,,2/5/2025,-388.00,NO,Shahcgx@gmail.com,,,,,,,,,,,,,
Open,Open,OpenLicense82,,82,1,1280x720,CS Play,3 Archive,n/a,#NUM!,25/5/2026,2/5/2025,,,,,,,,,,,,,2/5/2025,-388.00,NO,Shahcgx@gmail.com,,,,,,,,,,,,,
Open,Open,OpenLicense81,,81,1,n/a,CS Play,3 Archive,n/a,#NUM!,25/5/2026,2/5/2025,,,,,,,,,,,,,2/5/2025,-388.00,NO,Shahcgx@gmail.com,,,,,,,,,,,,,
Open,Open,OpenLicense80,,80,1,1280x720,CS Play,3 Archive,n/a,#NUM!,25/5/2026,2/5/2025,,,,,,,,,,,,,2/5/2025,-388.00,NO,Shahcgx@gmail.com,,,,,,,,,,,,,
Open,Open,OpenLicense79,,79,1,1280x720,CS Play,3 Archive,n/a,#NUM!,25/5/2026,2/5/2025,,,,,,,,,,,,,2/5/2025,-388.00,NO,Shahcgx@gmail.com,,,,,,,,,,,,,
Open,Open,OpenLicense78,,78,1,1280x720,CS Play,3 Archive,n/a,#NUM!,25/5/2026,2/5/2025,,,,,,,,,,,,,2/5/2025,-388.00,NO,Shahcgx@gmail.com,,,,,,,,,,,,,
Open,Open,OpenLicense77,,77,1,2160x1920,CS Play,3 Archive,n/a,#NUM!,25/5/2026,2/5/2025,,,,,,,,,,,,,2/5/2025,-388.00,NO,Shahcgx@gmail.com,,,,,,,,,,,,,
Open,Open,OpenLicense76,,76,1,2160x1920,CS Play,3 Archive,n/a,#NUM!,25/5/2026,2/5/2025,,,,,,,,,,,,,2/5/2025,-388.00,NO,Shahcgx@gmail.com,,,,,,,,,,,,,
Open,Open,OpenLicense75,,75,1,2160x1920,CS Play,3 Archive,n/a,#NUM!,25/5/2026,2/5/2025,,,,,,,,,,,,,2/5/2025,-388.00,NO,Shahcgx@gmail.com,,,,,,,,,,,,,
Open,Open,OpenLicense74,,74,1,1080x1920,CS Play,3 Archive,n/a,#NUM!,25/5/2026,2/5/2025,,,,,,,,,,,,,2/5/2025,-388.00,NO,Shahcgx@gmail.com,,,,,,,,,,,,,
Open,Open,OpenLicense73,,73,1,1080x1920,CS Play,3 Archive,n/a,#NUM!,25/5/2026,2/5/2025,,,,,,,,,,,,,2/5/2025,-388.00,NO,Shahcgx@gmail.com,,,,,,,,,,,,,
Open,Open,OpenLicense72,,72,1,1080x1920,CS Play,3 Archive,n/a,#NUM!,25/5/2026,2/5/2025,,,,,,,,,,,,,2/5/2025,-388.00,NO,Shahcgx@gmail.com,,,,,,,,,,,,,
Open,Open,OpenLicense71,,71,1,1080x1920,CS Play,3 Archive,n/a,#NUM!,25/5/2026,2/5/2025,,,,,,,,,,,,,2/5/2025,-388.00,NO,Shahcgx@gmail.com,,,,,,,,,,,,,
n/a,Click IX Sdn Bhd,OpenLicense70,,70,1,1920x1080,CS SignHub,3 Archive,n/a,#NUM!,25/5/2026,2/5/2025,,,,,,,,,,,,,2/5/2025,-388.00,NO,signhub@click-ix.com,#N/A,-empty-,,,Scala,,,,,,,,
Open,Open,OpenLicense69,,69,1,1080x1920,CS Play,3 Archive,n/a,#NUM!,25/5/2026,2/5/2025,,,,,,,,,,,,,2/5/2025,-388.00,NO,Shahcgx@gmail.com,,,,,,,,,,,,,
Open,Open,OpenLicense68,,68,1,2160x1920,CS Play,3 Archive,n/a,#NUM!,25/5/2026,2/5/2025,,,,,,,,,,,,,2/5/2025,-388.00,NO,Shahcgx@gmail.com,,,,,,,,,,,,,
Open,Open,OpenLicense68,,70,1,1080x1920,CS Play,3 Archive,n/a,#NUM!,25/5/2026,2/5/2025,,,,,,,,,,,,,2/5/2025,-388.00,NO,Shahcgx@gmail.com,,,,,,,,,,,,,
Open,Open,OpenLicense66,,66,1,1080x1920,CS Play,3 Archive,n/a,#NUM!,25/5/2026,2/5/2025,,,,,,,,,,,,,2/5/2025,-388.00,NO,Shahcgx@gmail.com,,,,,,,,,,,,,
Open,Open,OpenLicense65,,65,1,n/a,CS Play,3 Archive,n/a,#NUM!,25/5/2026,2/5/2025,,,,,,,,,,,,,2/5/2025,-388.00,NO,Shahcgx@gmail.com,,,,,,,,,,,,,
Open,Open,OpenLicense64,,64,1,1280x720,CS Play,3 Archive,n/a,#NUM!,25/5/2026,2/5/2025,,,,,,,,,,,,,2/5/2025,-388.00,NO,Shahcgx@gmail.com,,,,,,,,,,,,,
Open,Open,OpenLicense64,,91,1,1280x720,CS Play,3 Archive,n/a,#NUM!,25/5/2026,2/5/2025,,,,,,,,,,,,,2/5/2025,-388.00,NO,Shahcgx@gmail.com,,,,,,,,,,,,,
Open,Open,OpenLicense62,,62,1,1366x768,CS Play,3 Archive,n/a,15,29/1/2024,2/5/2025,,,,,,,,,,,,,2/5/2025,-388.00,NO,Shahcgx@gmail.com,,,,,,,,,,,,,
n/a,Click IX Sdn Bhd,OpenLicense61,,61,1,1920x1080,CS SignHub,3 Archive,n/a,#NUM!,25/5/2026,2/5/2025,,,,,,,,,,,,,2/5/2025,-388.00,NO,signhub@click-ix.com,#N/A,-empty-,,,Scala,,,,,,,,
Open,Open,OpenLicense56,,56,,n/a,CS Play,3 Archive,n/a,#NUM!,25/5/2026,2/5/2025,,,,,,,,,,,,,2/5/2025,-388.00,NO,azampateh@click-ix.com,,,,,,,,,,,,,
Open,Open,OpenLicense55,,55,,n/a,CS Play,3 Archive,n/a,#NUM!,25/5/2026,2/5/2025,,,,,,,,,,,,,2/5/2025,-388.00,NO,azampateh@click-ix.com,,,,,,,,,,,,,
Open,Open,OpenLicense54,,54,,12689x653,CS Play,3 Archive,n/a,#NUM!,25/5/2026,2/5/2025,,,,,,,,,,,,,2/5/2025,-388.00,NO,jt+demo@click-ix.com,,,,,,,,,,,,,
Open,Open,OpenLicense53,,53,,1920x1080,CS Play,3 Archive,n/a,#NUM!,25/5/2026,2/5/2025,,,,,,,,,,,,,2/5/2025,-388.00,NO,jt+demo@click-ix.com,,,,,,,,,,,,,
n/a,Click IX Sdn Bhd,OpenLicense53,,53,1,512x960,CS SignHub,3 Archive,n/a,16,23/12/2023,2/5/2025,,,,,,,,,,,,,2/5/2025,-388.00,NO,signhub@click-ix.com,#N/A,-empty-,,,Scala,,,,,,,,
Open,Open,OpenLicense52,,52,,1200x1600,CS Play,3 Archive,n/a,#NUM!,25/5/2026,2/5/2025,,,,,,,,,,,,,2/5/2025,-388.00,NO,jt+demo@click-ix.com,,,,,,,,,,,,,
Open,Open,OpenLicense52,,52,,n/a,CS SignHub,3 Archive,n/a,#NUM!,25/5/2026,2/5/2025,,,,,,,,,,,,,2/5/2025,-388.00,NO,signhub@click-ix.com,#N/A,-empty-,,,Scala,,,,,,,,
Open,Open,OpenLicense50,,50,1,n/a,CS Play,3 Archive,n/a,#NUM!,25/5/2026,2/5/2025,,,,,,,,,,,,,2/5/2025,-388.00,NO,Shahcgx@gmail.com,,,,,,,,,,,,,
Open,Open,OpenLicense49,,49,1,n/a,CS Play,3 Archive,n/a,#NUM!,25/5/2026,2/5/2025,,,,,,,,,,,,,2/5/2025,-388.00,NO,Shahcgx@gmail.com,,,,,,,,,,,,,
Open,Open,OpenLicense47,,47,,720x1280,CS Play,3 Archive,n/a,#NUM!,25/5/2026,2/5/2025,,,,,,,,,,,,,2/5/2025,-388.00,NO,jt+demo@click-ix.com,,,,,,,,,,,,,
Open,Open,OpenLicense46,,46,,720x1280,CS Play,3 Archive,n/a,#NUM!,25/5/2026,2/5/2025,,,,,,,,,,,,,2/5/2025,-388.00,NO,jt+demo@click-ix.com,,,,,,,,,,,,,
Open,Open,OpenLicense45,,45,,720x1140,CS Play,3 Archive,n/a,#NUM!,25/5/2026,2/5/2025,,,,,,,,,,,,,2/5/2025,-388.00,NO,jt+demo@click-ix.com,,,,,,,,,,,,,
Open,Open,OpenLicense44,,44,,720x1280,CS Play,3 Archive,n/a,#NUM!,25/5/2026,2/5/2025,,,,,,,,,,,,,2/5/2025,-388.00,NO,jt+demo@click-ix.com,,,,,,,,,,,,,
Open,Open,OpenLicense41,,41,,1280x720,CS Play,3 Archive,n/a,#NUM!,25/5/2026,2/5/2025,,,,,,,,,,,,,2/5/2025,-388.00,NO,jt+demo@click-ix.com,,,,,,,,,,,,,
CIX,Click IX Sdn Bhd,OpenLicense39,,39,1,1920x1080,CS Play,3 Archive,n/a,9,17/7/2024,2/5/2025,,,,,,,,,,,,,2/5/2025,-388.00,NO,jt+demo@click-ix.com,,,,,,,,,,,,,
CIX,Click IX Sdn Bhd,OpenLicense38,,38,1,1920x1080,CS Play,3 Archive,n/a,9,17/7/2024,2/5/2025,,,,,,,,,,,,,2/5/2025,-388.00,NO,jt+demo@click-ix.com,,,,,,,,,,,,,
Open,Open,OpenLicense37,,37,,1152x1728,CS Play,3 Archive,n/a,#NUM!,25/5/2026,2/5/2025,,,,,,,,,,,,,2/5/2025,-388.00,NO,jt+demo@click-ix.com,,,,,,,,,,,,,
Open,Open,OpenLicense36,,36,1,n/a,CS Play,3 Archive,n/a,#NUM!,25/5/2026,2/5/2025,,,,,,,,,,,,,2/5/2025,-388.00,NO,Shahcgx@gmail.com,,,,,,,,,,,,,
Open,Open,OpenLicense35,,35,1,n/a,CS Play,3 Archive,n/a,#NUM!,25/5/2026,2/5/2025,,,,,,,,,,,,,2/5/2025,-388.00,NO,Shahcgx@gmail.com,,,,,,,,,,,,,
Open,Open,OpenLicense34,,34,1,n/a,CS Play,3 Archive,n/a,#NUM!,25/5/2026,2/5/2025,,,,,,,,,,,,,2/5/2025,-388.00,NO,Shahcgx@gmail.com,,,,,,,,,,,,,
Open,Open,OpenLicense33,,33,,1200x1600,CS Play,3 Archive,n/a,#NUM!,25/5/2026,2/5/2025,,,,,,,,,,,,,2/5/2025,-388.00,NO,jt+demo@click-ix.com,,,,,,,,,,,,,
Open,Open,OpenLicense33,,33,1,1280x720,CS SignHub,6 Not Tracked,n/a,9,27/2/2024,8/12/2024,,,,,,,,,,,,,8/12/2024,-533.00,NO,sukhpal@kpjdamansara2.com,#N/A,-empty-,,,Scala,,,,,,,,
Open,Open,OpenLicense32,,32,1,800x600,CS Play,3 Archive,n/a,20,28/8/2023,2/5/2025,,,,,,,,,,,,,2/5/2025,-388.00,NO,Shahcgx@gmail.com,,,,,,,,,,,,,
Open,Open,OpenLicense31,,31,1,n/a,CS Play,3 Archive,n/a,#NUM!,25/5/2026,2/5/2025,,,,,,,,,,,,,2/5/2025,-388.00,NO,Shahcgx@gmail.com,,,,,,,,,,,,,
Open,Open,OpenLicense30,,30,1,n/a,CS Play,3 Archive,n/a,#NUM!,25/5/2026,2/5/2025,,,,,,,,,,,,,2/5/2025,-388.00,NO,Shahcgx@gmail.com,,,,,,,,,,,,,
Open,Open,OpenLicense29,,29,1,n/a,CS Play,3 Archive,n/a,#NUM!,25/5/2026,2/5/2025,,,,,,,,,,,,,2/5/2025,-388.00,NO,Shahcgx@gmail.com,,,,,,,,,,,,,
Open,Open,OpenLicense29,,29,,n/a,CS SignHub,3 Archive,n/a,#NUM!,25/5/2026,2/5/2025,,,,,,,,,,,,,2/5/2025,-388.00,NO,signhub@click-ix.com,#N/A,-empty-,,,Scala,,,,,,,,
Open,Open,OpenLicense28,,28,1,n/a,CS Play,3 Archive,n/a,#NUM!,25/5/2026,2/5/2025,,,,,,,,,,,,,2/5/2025,-388.00,NO,Shahcgx@gmail.com,,,,,,,,,,,,,
Open,Open,OpenLicense27,,27,1,n/a,CS Play,3 Archive,n/a,#NUM!,25/5/2026,2/5/2025,,,,,,,,,,,,,2/5/2025,-388.00,NO,Shahcgx@gmail.com,,,,,,,,,,,,,
Open,Open,OpenLicense26,,26,1,n/a,CS Play,3 Archive,n/a,#NUM!,25/5/2026,2/5/2025,,,,,,,,,,,,,2/5/2025,-388.00,NO,Shahcgx@gmail.com,,,,,,,,,,,,,
Open,Open,OpenLicense25,,25,1,960x540,CS Play,3 Archive,n/a,13,18/3/2024,2/5/2025,,,,,,,,,,,,,2/5/2025,-388.00,NO,Shahcgx@gmail.com,,,,,,,,,,,,,
Open,Open,OpenLicense24,,24,1,1920x1080,CS Play,3 Archive,n/a,14,1/3/2024,2/5/2025,,,,,,,,,,,,,2/5/2025,-388.00,NO,Shahcgx@gmail.com,,,,,,,,,,,,,
Open,Open,OpenLicense23,,23,1,n/a,CS Play,3 Archive,n/a,#NUM!,25/5/2026,2/5/2025,,,,,,,,,,,,,2/5/2025,-388.00,NO,Shahcgx@gmail.com,,,,,,,,,,,,,
Open,Open,OpenLicense22,,22,1,n/a,CS Play,3 Archive,n/a,#NUM!,25/5/2026,2/5/2025,,,,,,,,,,,,,2/5/2025,-388.00,NO,Shahcgx@gmail.com,,,,,,,,,,,,,
Open,Open,OpenLicense21,,21,1,n/a,CS Play,3 Archive,n/a,#NUM!,25/5/2026,2/5/2025,,,,,,,,,,,,,2/5/2025,-388.00,NO,Shahcgx@gmail.com,,,,,,,,,,,,,
Open,Open,OpenLicense20,,20,1,n/a,CS Play,3 Archive,n/a,#NUM!,25/5/2026,2/5/2025,,,,,,,,,,,,,2/5/2025,-388.00,NO,Shahcgx@gmail.com,,,,,,,,,,,,,
BTO,BIg Tree Outdoor,OpenLicense169,#N/A,169,,1760x960,CS Play,1 Online/Offline,QT156 / IX24-19,12,10/6/2024,10/6/2025,QT423 / IX25-65,12,10/6/2025,10/6/2026,,,,,,,,,10/6/2026,16.00,YES,faezan.ajlan@bigtree.com.my,#N/A,-empty-,,,CS Play (cityscreen.cloud),,,,,,,,
BTO,BIg Tree Outdoor,OpenLicense168,#N/A,168,,1760x960,CS Play,1 Online/Offline,QT156 / IX24-19,12,10/6/2024,10/6/2025,QT423 / IX25-65,12,10/6/2025,10/6/2026,,,,,,,,,10/6/2026,16.00,YES,faezan.ajlan@bigtree.com.my,#N/A,-empty-,,,CS Play (cityscreen.cloud),,,,,,,,
BTO,BIg Tree Outdoor,OpenLicense167,#N/A,167,,1760x960,CS Play,1 Online/Offline,QT156 / IX24-19,12,10/6/2024,10/6/2025,QT423 / IX25-65,12,10/6/2025,10/6/2026,,,,,,,,,10/6/2026,16.00,YES,faezan.ajlan@bigtree.com.my,#N/A,-empty-,,,CS Play (cityscreen.cloud),,,,,,,,
BTO,BIg Tree Outdoor,OpenLicense166,#N/A,166,,1760x960,CS Play,1 Online/Offline,QT156 / IX24-19,12,10/6/2024,10/6/2025,QT423 / IX25-65,12,10/6/2025,10/6/2026,,,,,,,,,10/6/2026,16.00,YES,faezan.ajlan@bigtree.com.my,#N/A,-empty-,,,CS Play (cityscreen.cloud),,,,,,,,
Open,Open,OpenLicense14,,14,1,n/a,CS Play,3 Archive,n/a,#NUM!,25/5/2026,2/5/2025,,,,,,,,,,,,,2/5/2025,-388.00,NO,Shahcgx@gmail.com,,,,,,,,,,,,,
Open,Open,OpenLicense109,,109,1,1920x1080,CS Play,3 Archive,n/a,13,8/3/2024,2/5/2025,,,,,,,,,,,,,2/5/2025,-388.00,NO,shahcgx@gmail.com,#N/A,-empty-,,,Wastah,,,,,,,,
Open,Open,OpenLicense105,,105,1,n/a,CS Play,3 Archive,n/a,#NUM!,25/5/2026,2/5/2025,,,,,,,,,,,,,2/5/2025,-388.00,NO,Shahcgx@gmail.com,#N/A,-empty-,,,Wastah,,,,,,,,
Open,Open,OpenLiccense51,,51,,1152x1728,CS Play,3 Archive,n/a,#NUM!,25/5/2026,2/5/2025,,,,,,,,,,,,,2/5/2025,-388.00,NO,azampateh@click-ix.com,,,,,,,,,,,,,
Maxis,Maxis Broadband Sdn Bhd,Imago Mall MEP-EN 1 - SF,,420,,,CS SignHub,1 Online/Offline,IX25-0028,36,1/4/2025,1/4/2028,,,,,,,,,,,,,1/4/2028,677.00,NO,,,,,,,,,,,,,,
Maxis,Maxis Broadband Sdn Bhd,Imago Mall MEP-EN 2 - P3 (Hotlink),,421,,,CS SignHub,1 Online/Offline,IX25-0028,36,1/4/2025,1/4/2028,,,,,,,,,,,,,1/4/2028,677.00,NO,,,,,,,,,,,,,,
Maxis,Maxis Broadband Sdn Bhd,Imago Mall MEP-EN 3 - Demo TV,,422,,,CS SignHub,1 Online/Offline,IX25-0028,36,1/4/2025,1/4/2028,,,,,,,,,,,,,1/4/2028,677.00,NO,,,,,,,,,,,,,,
Maxis,Maxis Broadband Sdn Bhd,"Indera Mahkota, Kuantan MC-BM 1 - MIRA",,301,,,CS SignHub,1 Online/Offline,IX25-0028,36,1/4/2025,1/4/2028,,,,,,,,,,,,,1/4/2028,677.00,NO,,,,,,,,,,,,,,
Maxis,Maxis Broadband Sdn Bhd,"Indera Mahkota, Kuantan MC-BM 2 - P1 (Zerolution)",,302,,,CS SignHub,1 Online/Offline,IX25-0028,36,1/4/2025,1/4/2028,,,,,,,,,,,,,1/4/2028,677.00,NO,,,,,,,,,,,,,,
Maxis,Maxis Broadband Sdn Bhd,"Indera Mahkota, Kuantan MC-BM 3 - Demo TV",,303,,,CS SignHub,1 Online/Offline,IX25-0028,36,1/4/2025,1/4/2028,,,,,,,,,,,,,1/4/2028,677.00,NO,,,,,,,,,,,,,,
Maxis,Maxis Broadband Sdn Bhd,IOI City Mall (NW) Kiosk MEP-EN 1 - SF,,384,,,CS SignHub,1 Online/Offline,IX25-0028,36,1/4/2025,1/4/2028,,,,,,,,,,,,,1/4/2028,677.00,NO,,,,,,,,,,,,,,
Maxis,Maxis Broadband Sdn Bhd,IOI City Mall (NW) Kiosk MEP-EN 2 - P2 (Zerolution),,383,,,CS SignHub,1 Online/Offline,IX25-0028,36,1/4/2025,1/4/2028,,,,,,,,,,,,,1/4/2028,677.00,NO,,,,,,,,,,,,,,
Maxis,Maxis Broadband Sdn Bhd,IOI City Mall (NW) Kiosk MEP-EN 3 - P3 (Postpaid),,382,,,CS SignHub,1 Online/Offline,IX25-0028,36,1/4/2025,1/4/2028,,,,,,,,,,,,,1/4/2028,677.00,NO,,,,,,,,,,,,,,
Maxis,Maxis Broadband Sdn Bhd,IOI City Mall Kiosk MEP-EN,,240,,,CS SignHub,1 Online/Offline,IX25-0028,36,1/4/2025,1/4/2028,,,,,,,,,,,,,1/4/2028,677.00,NO,,,,,,,,,,,,,,
Maxis,Maxis Broadband Sdn Bhd,"IOI City Mall, Putrajaya MEP-EN 1 - P2 (Left)",,381,,,CS SignHub,1 Online/Offline,IX25-0028,36,1/4/2025,1/4/2028,,,,,,,,,,,,,1/4/2028,677.00,NO,,,,,,,,,,,,,,
Maxis,Maxis Broadband Sdn Bhd,"IOI City Mall, Putrajaya MEP-EN 2 - P1 (Right)",,380,,,CS SignHub,1 Online/Offline,IX25-0028,36,1/4/2025,1/4/2028,,,,,,,,,,,,,1/4/2028,677.00,NO,,,,,,,,,,,,,,
Maxis,Maxis Broadband Sdn Bhd,IOI Mall Puchong MEP-EN 1 - SF,,394,,,CS SignHub,1 Online/Offline,IX25-0028,36,1/4/2025,1/4/2028,,,,,,,,,,,,,1/4/2028,677.00,NO,,,,,,,,,,,,,,
Maxis,Maxis Broadband Sdn Bhd,IOI Mall Puchong MEP-EN 2 - P2 (Accessories),,395,,,CS SignHub,1 Online/Offline,IX25-0028,36,1/4/2025,1/4/2028,,,,,,,,,,,,,1/4/2028,677.00,NO,,,,,,,,,,,,,,
Maxis,Maxis Broadband Sdn Bhd,IOI Mall Puchong MEP-EN 3 - Demo TV,,396,,,CS SignHub,1 Online/Offline,IX25-0028,36,1/4/2025,1/4/2028,,,,,,,,,,,,,1/4/2028,677.00,NO,,,,,,,,,,,,,,
Maxis,Maxis Broadband Sdn Bhd,IPC MC-EN 1 - MIRA,,50,,,CS SignHub,1 Online/Offline,IX25-0028,36,1/4/2025,1/4/2028,,,,,,,,,,,,,1/4/2028,677.00,NO,,,,,,,,,,,,,,
Maxis,Maxis Broadband Sdn Bhd,IPC MC-EN 2 - SF,,51,,,CS SignHub,1 Online/Offline,IX25-0028,36,1/4/2025,1/4/2028,,,,,,,,,,,,,1/4/2028,677.00,NO,,,,,,,,,,,,,,
Maxis,Maxis Broadband Sdn Bhd,IPC MC-EN 3 - Hotlink,,53,,,CS SignHub,1 Online/Offline,IX25-0028,36,1/4/2025,1/4/2028,,,,,,,,,,,,,1/4/2028,677.00,NO,,,,,,,,,,,,,,
Maxis,Maxis Broadband Sdn Bhd,IPC MC-EN 4 - Demo TV,,49,,,CS SignHub,1 Online/Offline,IX25-0028,36,1/4/2025,1/4/2028,,,,,,,,,,,,,1/4/2028,677.00,NO,,,,,,,,,,,,,,
Maxis,Maxis Broadband Sdn Bhd,IPC MC-EN 5 - Fibre,,52,,,CS SignHub,1 Online/Offline,IX25-0028,36,1/4/2025,1/4/2028,,,,,,,,,,,,,1/4/2028,677.00,NO,,,,,,,,,,,,,,
Maxis,Maxis Broadband Sdn Bhd,Ipoh MC-EN 1 - MIRA,,118,,,CS SignHub,1 Online/Offline,IX25-0028,36,1/4/2025,1/4/2028,,,,,,,,,,,,,1/4/2028,677.00,NO,,,,,,,,,,,,,,
Maxis,Maxis Broadband Sdn Bhd,Ipoh MC-EN 2 - Demo TV,,119,,,CS SignHub,1 Online/Offline,IX25-0028,36,1/4/2025,1/4/2028,,,,,,,,,,,,,1/4/2028,677.00,NO,,,,,,,,,,,,,,
Mitsubishi,Team Moxim Sdn Bhd,"Okuan Motors, Kuantan - SC 01",4.3.0+build-auto v.5.8.0 MSI 5.7.0,138,,1920x1080,CS SignHub,1 Online/Offline,IX25-0146,13,1/8/2025,1/9/2026,,,,,,Yes,,,,,,,1/9/2026,99.00,NO,,,,,,,,,,,,,,
Mitsubishi,Team Moxim Sdn Bhd,"Okuan Motor, Kemaman - SC 01",4.3.0+build-auto v.5.8.0 MSI 5.7.0,137,,1920x1080,CS SignHub,1 Online/Offline,IX25-0146,13,1/8/2025,1/9/2026,,,,,,Yes,,,,,,,1/9/2026,99.00,NO,,,,,,,,,,,,,,
Maxis,Maxis Broadband Sdn Bhd,Ipoh MC-EN 3 - P3 (Hotlink),,120,,,CS SignHub,1 Online/Offline,IX25-0028,36,1/4/2025,1/4/2028,,,,,,,,,,,,,1/4/2028,677.00,NO,,,,,,,,,,,,,,
Maxis,Maxis Broadband Sdn Bhd,Ipoh MC-EN 4 - P2 (Postpaid),,122,,,CS SignHub,1 Online/Offline,IX25-0028,36,1/4/2025,1/4/2028,,,,,,,,,,,,,1/4/2028,677.00,NO,,,,,,,,,,,,,,
Maxis,Maxis Broadband Sdn Bhd,Ipoh MC-EN 5 - P2,,121,,,CS SignHub,1 Online/Offline,IX25-0028,36,1/4/2025,1/4/2028,,,,,,,,,,,,,1/4/2028,677.00,NO,,,,,,,,,,,,,,
Rollti,Iwealth Global,NUS@LEDPillar,4.0.8+build-auto v.5.5.0 MSI 5.5.0,74,1,512x960,CS SignHub,1 Online/Offline,"IX91-23, QT106",12,23/12/2023,23/12/2024,QT285/IX24-92,12,23/12/2024,22/12/2025,to bill?,,,,,,,,22/12/2025,-154.00,YES,admin@rollti.co,#N/A,-empty-,Awaiting for BD to Confirm Back,,Wastah,,,,,,,,
Rollti,Iwealth Global,NUS@Cashier,4.0.7+build-auto v.5.4.0 MSI 5.4.0,73,3,3240x1920,CS SignHub,1 Online/Offline,"IX82, QT80",12,23/12/2023,23/12/2024,QT285/IX24-92,12,23/12/2024,22/12/2025,to bill?,,,,,,,,22/12/2025,-154.00,YES,admin@rollti.co,#N/A,-empty-,Awaiting for BD to Confirm Back,,Wastah,,,,,,,,
Maxis,Maxis Broadband Sdn Bhd,Ipoh MC-EN 6 - P1,,123,,,CS SignHub,1 Online/Offline,IX25-0028,36,1/4/2025,1/4/2028,,,,,,,,,,,,,1/4/2028,677.00,NO,,,,,,,,,,,,,,
Maxis,Maxis Broadband Sdn Bhd,Ipoh Parade MEP-EN 1 - SF,,444,,,CS SignHub,1 Online/Offline,IX25-0028,36,1/4/2025,1/4/2028,,,,,,,,,,,,,1/4/2028,677.00,NO,,,,,,,,,,,,,,
Maxis,Maxis Broadband Sdn Bhd,Ipoh Parade MEP-EN 2 - P2 (Postpaid),,446,,,CS SignHub,1 Online/Offline,IX25-0028,36,1/4/2025,1/4/2028,,,,,,,,,,,,,1/4/2028,677.00,NO,,,,,,,,,,,,,,
Maxis,Maxis Broadband Sdn Bhd,Ipoh Parade MEP-EN 3 - P3 (Hotlink),,445,,,CS SignHub,1 Online/Offline,IX25-0028,36,1/4/2025,1/4/2028,,,,,,,,,,,,,1/4/2028,677.00,NO,,,,,,,,,,,,,,
Maxis,Maxis Broadband Sdn Bhd,"ITCC Penampang, Sabah MC-BM 1 - Demo TV",,324,,,CS SignHub,1 Online/Offline,IX25-0028,36,1/4/2025,1/4/2028,,,,,,,,,,,,,1/4/2028,677.00,NO,,,,,,,,,,,,,,
Maxis,Maxis Broadband Sdn Bhd,"ITCC Penampang, Sabah MC-BM 2 - P1 (Hotlink)",,323,,,CS SignHub,1 Online/Offline,IX25-0028,36,1/4/2025,1/4/2028,,,,,,,,,,,,,1/4/2028,677.00,NO,,,,,,,,,,,,,,
Maxis,Maxis Broadband Sdn Bhd,"ITCC Penampang, Sabah MC-BM 3 - MIRA",,325,,,CS SignHub,1 Online/Offline,IX25-0028,36,1/4/2025,1/4/2028,,,,,,,,,,,,,1/4/2028,677.00,NO,,,,,,,,,,,,,,
OOH,Out of Home Media Sdn Bhd,NPE_PJS10,4.3.0+build-auto - v.5.8.0 MSI 5.7.0,108,1,540x720,CS Play,1 Online/Offline,"IX24-0053, PR0093",11,1/7/2024,30/6/2025,IX25-16,12,1/1/2026,1/12/2025,IX25-348,12,1/1/2026,1/12/2026,,,,,1/12/2026,190.00,NO,jinwei@outofhome.com.my,#N/A,CMP0004,renewed from ix24-13,,CS Play (cityscreen.cloud),,,,,,,,
Setia Media,Setia Media Sdn Bhd,NPE,,99,1,2752x1728,CS Play,3 Archive,"IX24-0023, QT161",24,11/12/2023,1/1/2026,IX25-356,12,1/1/2026,31/12/2026,,,,,,,,,31/12/2026,220.00,NO,content.setiamedia@gmail.com,#N/A,MP2312-0001,7/12 to deliver to edwin by Friday,renewed till 2025,CS Play (cityscreen.cloud),,,,,,,,
Setia Media,Setia Media Sdn Bhd,NKVE_SubangExit,,,IX24-0096,,CS Play,,,0,,,,,,,,Yes,,,,,,,0/1/1900,-46167.00,NO,,,,,,,,,,,,,,
Prowangsa,Axis Outdoor Solution Sdn Bhd,NKVE_DamansaraToll,4.0.8+build-auto,192,1,1120x1710,CS Play,1 Online/Offline,IX24-0054,12,1/9/2024,1/9/2025,IX25-347,12,1/1/2025,31/12/2026,,,,,,,,,31/12/2026,220.00,NO,siva@aosoutdoor.com,#N/A,CMP0073,,,CS Play (cityscreen.cloud),,,,,,,,
Maxis,Maxis Broadband Sdn Bhd,"Jalan Arab, Muar MEP-BM 1 - P1 (Business)",,533,,,CS SignHub,1 Online/Offline,IX25-0028,36,1/4/2025,1/4/2028,,,,,,,,,,,,,1/4/2028,677.00,NO,,,,,,,,,,,,,,
WOW Media,IB Mentari,MRR2 - WOW Media,4.3.0+build-auto,103,213,720x1140,CS Play,1 Online/Offline,IX25-0349,11,1/1/2026,31/12/2026,IX25-0349,12,1/1/2026,31/12/2026,,,,,,,,,31/12/2026,220.00,NO,aisah.s+wow@wowmedia.com.my,#N/A,-empty-,,,Wastah,,,,,,,,
Mranti,Click Grafix,Mranti Video Wall_Hive5,,I,1,n/a,Intuiface,3 Archive,IX17-23,36,15/3/2023,15/3/2026,,,,,,,,,,,,,15/3/2026,-71.00,NO,if_mranti@click-ix.com,#N/A,MP2301-0027,,,Share & Deploy | My Intuiface,,,,,,,,
Mranti,Click Grafix,Mranti Video Wall,,I,1,n/a,Intuiface I/active,3 Archive,IX17-23,36,15/3/2023,15/3/2026,,,,,,,,,,,,,15/3/2026,-71.00,NO,if_mranti@click-ix.com,#N/A,MP2301-0024,,,Share & Deploy | My Intuiface,,,,,,,,
Mranti,Click Grafix,Mranti Vertical Display ,,I,1,n/a,Intuiface I/active,3 Archive,IX17-23,36,15/3/2023,15/3/2026,,,,,,,,,,,,,15/3/2026,-71.00,NO,Intuiface,#N/A,MP2301-0026,,,Share & Deploy | My Intuiface,,,,,,,,
OOH,Out of Home Media Sdn Bhd,Mont Kiara,4.3.0+build-auto - v.5.8.0 MSI 5.7.0,381,,,CS Play,1 Online/Offline,QT-318,9,1/3/2025,31/12/2025,IX25-16,12,1/3/2025,1/12/2025,IX25-348,12,1/1/2026,1/12/2026,,,,,1/12/2026,190.00,NO,,,OOH6,,,,,,,,,,,
Mitsubishi,Team Moxim Sdn Bhd,"MM Supreme, Muar - SC 01",4.4.0+build-auto v.5.9.1,124,,1920x1080,CS SignHub,1 Online/Offline,IX25-0146,13,1/8/2025,1/9/2026,,,,,,Yes,,,,,,,1/9/2026,99.00,NO,,,,,,,,,,,,,,
Mitsubishi,Team Moxim Sdn Bhd,"MM Supreme, Johor Bahru - SC 01",4.4.0+build-auto v.5.9.1,127,,1920x1080,CS SignHub,1 Online/Offline,IX25-0146,13,1/8/2025,1/9/2026,,,,,,Yes,,,,,,,1/9/2026,99.00,NO,,,,,,,,,,,,,,
Mitsubishi,Team Moxim Sdn Bhd,"MM Supreme Sdn Bhd , Batu Pahat - SC 01",4.4.0+build-auto v.5.9.1,123,,1920x1080,CS SignHub,1 Online/Offline,IX25-0146,13,1/8/2025,1/9/2026,,,,,,Yes,,,,,,,1/9/2026,99.00,NO,,,,,,,,,,,,,,
Maybelline,Media Signs,MIVGuardian_MaybellineSIS2,,50,1,1920x1080,CS SignHub,3 Archive,"IX70-23, QT53",12,1/9/2023,1/9/2024,,,,,,,,,,,,,1/9/2024,-631.00,NO,signhub@click-ix.com,#N/A,-empty-,,,Scala,,,,,,,,
Maybelline,Media Signs,MIVGuardian_MaybellineSIS1,,51,1,1920x1080,CS SignHub,3 Archive,"IX70-23, QT53",12,1/9/2023,1/9/2024,,,,,,,,,,,,,1/9/2024,-631.00,NO,signhub@click-ix.com,#N/A,-empty-,,,Scala,,,,,,,,
Maybelline,Acrylic Signature Trading ,MIVGuardian_MaybellineFace,unknown 90/3.2.0,3,1,800x1280,CS SignHub,1 Online/Offline,XI24-76/IX25-0147,12,16/11/2025,16/11/2026,,,,,,,,,,,,,16/11/2026,175.00,NO,signhub@click-ix.com,#N/A,Built-In Android,,,CS SignHub (cityscreen.cloud),,,,,,,,
Maybelline,Acrylic Signature Trading ,MIVGuardian_Maybelline55,unknown 88/3.0.3,9,1,1080x1920,CS SignHub,1 Online/Offline,XI24-76/IX25-0147,12,16/11/2025,16/11/2026,,,,,,,,,,,,,16/11/2026,175.00,NO,signhub@click-ix.com,#N/A,Built-In Android,,,CS SignHub (cityscreen.cloud),,,,,,,,
Loreal,Acrylic Signature Trading ,MIVGuardian_LorealHairColor,unknown 88/3.0.3,7,1,1280x800,CS SignHub,1 Online/Offline,IX24-77/IX25-0148,12,10/7/2025,10/7/2026,,,,,,,10/7/2025,10/7/2026,,,,,10/7/2026,46.00,YES,signhub@click-ix.com,#N/A,Built-In Android,"ori meant SWP, then change to MIV, navori",,CS SignHub (cityscreen.cloud),,,,,,,,
Loreal,Acrylic Signature Trading ,MIVGuardian_LorealCosmetic,unknown 88/3.0.3,8,1,1080x1920,CS SignHub,1 Online/Offline,IX24-75/IX25/0209,12,10/7/2025,10/7/2026,,,,,IX25-209,12,10/7/2025,10/7/2026,,,,,10/7/2026,46.00,YES,signhub@click-ix.com,#N/A,Built-In Android,,,CS SignHub (cityscreen.cloud),,,,,,,,
Maybelline,Acrylic Signature Trading ,MIVGuardian_HairVTO,,I,1,1080x1920,Intuiface I/active,3 Archive,,0,,,,,,,,,,,,,,,0/1/1900,-46167.00,NO,lexus@click-ix.com,#N/A,tbc 7,,,Share & Deploy | My Intuiface,,,,,,,,
Maybelline,Acrylic Signature Trading ,MIVGuardian_ MaybellineLips,unknown 90/3.2.0,6,1,800x1280,CS SignHub,1 Online/Offline,XI24-76/IX25-0147,12,16/11/2025,16/11/2026,,,,,,,,,,,,,16/11/2026,175.00,NO,signhub@click-ix.com,#N/A,Built-In Android,,,CS SignHub (cityscreen.cloud),,,,,,,,
Maybelline,Acrylic Signature Trading ,MIVGuardian_ MaybellineEyes,unknown 90/3.2.0,5,1,800x1280,CS SignHub,1 Online/Offline,XI24-76/IX25-0147,12,16/11/2025,16/11/2026,,,,,,,,,,,,,16/11/2026,175.00,NO,signhub@click-ix.com,#N/A,Built-In Android,,,CS SignHub (cityscreen.cloud),,,,,,,,
Maxis,Maxis Broadband Sdn Bhd,"Jalan Arab, Muar MEP-BM 2 - P2 (Zerolution)",,532,,,CS SignHub,1 Online/Offline,IX25-0028,36,1/4/2025,1/4/2028,,,,,,,,,,,,,1/4/2028,677.00,NO,,,,,,,,,,,,,,
Maxis,Maxis Broadband Sdn Bhd,"Jalan Arab, Muar MEP-BM 3 - P3 (Hotlink)",,534,,,CS SignHub,1 Online/Offline,IX25-0028,36,1/4/2025,1/4/2028,,,,,,,,,,,,,1/4/2028,677.00,NO,,,,,,,,,,,,,,
Maxis,Maxis Broadband Sdn Bhd,"Jalan Berserah, Kuantan MEP-BM",,594,,,CS SignHub,1 Online/Offline,IX25-0028,36,1/4/2025,1/4/2028,,,,,,,,,,,,,1/4/2028,677.00,NO,,,,,,,,,,,,,,
Maxis,Maxis Broadband Sdn Bhd,"Jalan Dato Rauf, Kluang MEP-BM",,544,,,CS SignHub,1 Online/Offline,IX25-0028,36,1/4/2025,1/4/2028,,,,,,,,,,,,,1/4/2028,677.00,NO,,,,,,,,,,,,,,
Mitsubishi,Team Moxim Sdn Bhd,"Millennium Autohaus, Kota Damansara - SC 02",4.4.0+build-auto v.5.9.1,115,,1080x1920,CS SignHub,1 Online/Offline,IX25-0146,13,1/8/2025,1/9/2026,,,,,,Yes,,,,,,,1/9/2026,99.00,NO,,,,,,,,,,,,,,
Mitsubishi,Team Moxim Sdn Bhd,"Millennium Autohaus, Kota Damansara - SC 01",4.4.0+build-auto v.5.9.1,114,,1920x1080,CS SignHub,1 Online/Offline,IX25-0146,13,1/8/2025,1/9/2026,,,,,,Yes,,,,,,,1/9/2026,99.00,NO,,,,,,,,,,,,,,
Maxis,Maxis Broadband Sdn Bhd,Jalan Keranji MEP-EN,,416,,,CS SignHub,1 Online/Offline,IX25-0028,36,1/4/2025,1/4/2028,,,,,,,,,,,,,1/4/2028,677.00,NO,,,,,,,,,,,,,,
Gelumbang Jaya,Gelumbang Jaya ,MidValley,4.3.0+build-auto,63,1,672x864,CS Play,1 Online/Offline,"IX92-23, QT114",12,19/12/2023,1/1/2025,QT273/IX25-9,11,1/1/2025,31/12/2025,IX25-352,11,1/1/2026,31/12/2026,,,,,31/12/2026,220.00,NO,jt+play@click-ix.com,#N/A,-empty-,,,CS Play (cityscreen.cloud),,,,,,,,
OOH,Out of Home Media Sdn Bhd,Mid Valley Megamall,4.3.0+build-auto - v.5.8.0 MSI 5.7.0,375,,,CS Play,1 Online/Offline,QT-318,9,1/3/2025,31/12/2025,IX25-16,12,1/3/2025,1/12/2025,IX25-348,12,1/1/2026,1/12/2026,,,,,1/12/2026,190.00,NO,,,OOH10,,,,,,,,,,,
CEVA Logistics,Ledtronics,Michellin,,,,n/a,Intuiface,2 Inacitve ,"IX24-5, QT124",12,19/1/2024,20/1/2025,,,,,,,,,,,,,20/1/2025,-490.00,NO,ext.selventhiran.manimaran@cevalogistics.com,#N/A,-empty-,,,Wastah,,,,,,,,
Aeon Mall,Kesion Malaysia Sdn Bhd,MetroPrima_DS 3,4.5.0+build-auto,206,1,1080x1920,CS Play,1 Online/Offline,QT257,12,1/1/2025,1/1/2026,IX26-0137,12,1/1/2026,31/12/2026,,,,,,,,,31/12/2026,220.00,NO,naim@kesion.co.jp,K3s10njp,KEPL-0022,,,CS Play (cityscreen.cloud),,,,,,,,
Aeon Mall,Kesion Malaysia Sdn Bhd,MetroPrima_DS 2,4.5.0+build-auto,204,1,1080x1920,CS Play,1 Online/Offline,QT257,12,1/1/2025,1/1/2026,IX26-0137,12,1/1/2026,31/12/2026,,,,,,,,,31/12/2026,220.00,NO,naim@kesion.co.jp,K3s10njp,KEPL-0021,,,CS Play (cityscreen.cloud),,,,,,,,
Aeon Mall,Kesion Malaysia Sdn Bhd,MetroPrima_DS 1,4.4.0+build-auto,205,1,1080x1920,CS Play,1 Online/Offline,QT257,12,1/1/2025,1/1/2026,IX26-0137,12,1/1/2026,31/12/2026,,,,,,,,,31/12/2026,220.00,NO,naim@kesion.co.jp,K3s10njp,KEPL-0020,,,CS Play (cityscreen.cloud),,,,,,,,
Maxis,Maxis Broadband Sdn Bhd,"Jalan Kong Sang, Seremban MEP-EN",,579,,,CS SignHub,1 Online/Offline,IX25-0028,36,1/4/2025,1/4/2028,,,,,,,,,,,,,1/4/2028,677.00,NO,,,,,,,,,,,,,,
Maxis,Maxis Broadband Sdn Bhd,"Jalan Maxwell, Rawang MEP-EN",,244,,,CS SignHub,1 Online/Offline,IX25-0028,36,1/4/2025,1/4/2028,,,,,,,,,,,,,1/4/2028,677.00,NO,,,,,,,,,,,,,,
Maxis,Maxis Broadband Sdn Bhd,Jalan Pesta MEP-BM 1 - P1 (Postpaid),,535,,,CS SignHub,1 Online/Offline,IX25-0028,36,1/4/2025,1/4/2028,,,,,,,,,,,,,1/4/2028,677.00,NO,,,,,,,,,,,,,,
Maxis,Maxis Broadband Sdn Bhd,Jalan Pesta MEP-BM 2 - P2 (Business),,536,,,CS SignHub,1 Online/Offline,IX25-0028,36,1/4/2025,1/4/2028,,,,,,,,,,,,,1/4/2028,677.00,NO,,,,,,,,,,,,,,
Maxis,Maxis Broadband Sdn Bhd,"Jalan Rahmat, BP MEP-BM",,543,,,CS SignHub,1 Online/Offline,IX25-0028,36,1/4/2025,1/4/2028,,,,,,,,,,,,,1/4/2028,677.00,NO,,,,,,,,,,,,,,
Maxis,Maxis Broadband Sdn Bhd,"Jalan Tun Ismail, Kuantan MEP-BM",,593,,,CS SignHub,1 Online/Offline,IX25-0028,36,1/4/2025,1/4/2028,,,,,,,,,,,,,1/4/2028,677.00,NO,,,,,,,,,,,,,,
Maxis,Maxis Broadband Sdn Bhd,"Jalan Tupai, Taiping MEP-EN",,451,,,CS SignHub,1 Online/Offline,IX25-0028,36,1/4/2025,1/4/2028,,,,,,,,,,,,,1/4/2028,677.00,NO,,,,,,,,,,,,,,
Maxis,Maxis Broadband Sdn Bhd,JB CIty Square MEP-EN 1 - SF,,551,,,CS SignHub,1 Online/Offline,IX25-0028,36,1/4/2025,1/4/2028,,,,,,,,,,,,,1/4/2028,677.00,NO,,,,,,,,,,,,,,
OOH,Out of Home Media Sdn Bhd,Melawati,4.3.0+build-auto - v.5.8.0 MSI 5.7.0,371,,,CS Play,1 Online/Offline,QT-318,9,1/3/2025,31/12/2025,IX25-16,12,1/3/2025,1/12/2025,IX25-348,12,1/1/2026,1/12/2026,,,,,1/12/2026,190.00,NO,,,OOH2,,,,,,,,,,,
Maxis,Maxis Broadband Sdn Bhd,JB CIty Square MEP-EN 2 - P3 (Hotlink),,552,,,CS SignHub,1 Online/Offline,IX25-0028,36,1/4/2025,1/4/2028,,,,,,,,,,,,,1/4/2028,677.00,NO,,,,,,,,,,,,,,
Maxis,Maxis Broadband Sdn Bhd,"Jelutong, PEN MEP-BM 1 - P2 (Fibre)",,510,,,CS SignHub,1 Online/Offline,IX25-0028,36,1/4/2025,1/4/2028,,,,,,,,,,,,,1/4/2028,677.00,NO,,,,,,,,,,,,,,
Maxis,Maxis Broadband Sdn Bhd,"Jelutong, PEN MEP-BM 2 - P1 (Hotlink)",,509,,,CS SignHub,1 Online/Offline,IX25-0028,36,1/4/2025,1/4/2028,,,,,,,,,,,,,1/4/2028,677.00,NO,,,,,,,,,,,,,,
Maxis,Maxis Broadband Sdn Bhd,Jerai Plaza MEP-BM 1 - SF,,458,,,CS SignHub,1 Online/Offline,IX25-0028,36,1/4/2025,1/4/2028,,,,,,,,,,,,,1/4/2028,677.00,NO,,,,,,,,,,,,,,
Maxis,Maxis Broadband Sdn Bhd,Jerai Plaza MEP-BM 2 - P2 (Postpaid),,457,,,CS SignHub,1 Online/Offline,IX25-0028,36,1/4/2025,1/4/2028,,,,,,,,,,,,,1/4/2028,677.00,NO,,,,,,,,,,,,,,
Gelumbang Jaya,Gelumbang Jaya ,MediaVibe_Bangsaria,4.3.0+build-auto,59,2,1216x1824,CS Play,3 Archive,,,,,,0,,,,0,,,,,,,0/1/1900,-46167.00,NO,jt+play@click-ix.com,#N/A,-empty-,,,CS Play (cityscreen.cloud),,,,,,,,
Maxis,Maxis Broadband Sdn Bhd,Jitra Mall MEP-BM,,463,,,CS SignHub,1 Online/Offline,IX25-0028,36,1/4/2025,1/4/2028,,,,,,,,,,,,,1/4/2028,677.00,NO,,,,,,,,,,,,,,
Loreal,Acrylic Signature Trading ,MDS32_10 - TV2,4.3.0+build-auto v.5.8.0 MSI 5.7.0,19,,1920x1080,CS SignHub,1 Online/Offline,QT245/IX24-72,12,1/12/2024,2/12/2025,,,,,IX25-281,12,1/12/2025,2/12/2026,,,,,2/12/2026,191.00,NO,signhub@click-ix.com,#N/A,MV2411-0048,,,CS SignHub (cityscreen.cloud),,,,,,,,
Loreal,Acrylic Signature Trading ,MDS32_09,4.3.0+build-auto v.5.8.0 MSI 5.7.0,16,,1920x1080,CS SignHub,1 Online/Offline,QT245/IX24-72,12,1/12/2024,2/12/2025,,,,,IX25-281,12,1/12/2025,2/12/2026,,,,,2/12/2026,191.00,NO,signhub@click-ix.com,#N/A,MV2411-0047,,,CS SignHub (cityscreen.cloud),,,,,,,,
Loreal,Acrylic Signature Trading ,MDS32_08 - TV3,4.3.0+build-auto v.5.8.0 MSI 5.7.0,15,,1920x1080,CS SignHub,1 Online/Offline,QT245/IX24-72,12,1/12/2024,2/12/2025,,,,,IX25-281,12,1/12/2025,2/12/2026,,,,,2/12/2026,191.00,NO,signhub@click-ix.com,#N/A,MV2411-0046,,,CS SignHub (cityscreen.cloud),,,,,,,,
Loreal,Acrylic Signature Trading ,MDS32_07,4.3.0+build-auto v.5.8.0 MSI 5.7.0,14,,1920x1080,CS SignHub,1 Online/Offline,QT245/IX24-72,12,1/12/2024,2/12/2025,,,,,IX25-281,12,1/12/2025,2/12/2026,,,,,2/12/2026,191.00,NO,signhub@click-ix.com,#N/A,MV2411-0045,,,CS SignHub (cityscreen.cloud),,,,,,,,
Loreal,Acrylic Signature Trading ,MDS32_06,4.3.0+build-auto v.5.8.0 MSI 5.7.0,13,,1920x1080,CS SignHub,1 Online/Offline,QT245/IX24-72,12,1/12/2024,2/12/2025,,,,,IX25-281,12,1/12/2025,2/12/2026,,,,,2/12/2026,191.00,NO,signhub@click-ix.com,#N/A,MV2411-0044,,,CS SignHub (cityscreen.cloud),,,,,,,,
Loreal,Acrylic Signature Trading ,MDS32_05,4.1.0+build-auto v.5.6.0 MSI 5.6.0,12,,1920x1080,CS SignHub,1 Online/Offline,QT245/IX24-72,12,1/12/2024,2/12/2025,,,,,IX25-281,12,1/12/2025,2/12/2026,,,,,2/12/2026,191.00,NO,signhub@click-ix.com,#N/A,MV2411-0043,,,CS SignHub (cityscreen.cloud),,,,,,,,
Loreal,Acrylic Signature Trading ,MDS32_04,4.3.0+build-auto v.5.8.0 MSI 5.7.0,11,,1920x1080,CS SignHub,1 Online/Offline,QT245/IX24-72,12,1/12/2024,2/12/2025,,,,,IX25-281,12,1/12/2025,2/12/2026,,,,,2/12/2026,191.00,NO,signhub@click-ix.com,#N/A,MV2411-0042,,,CS SignHub (cityscreen.cloud),,,,,,,,
Loreal,Acrylic Signature Trading ,MDS32_03,4.1.0+build-auto v.5.6.0 MSI 5.6.0,10,,1920x1080,CS SignHub,1 Online/Offline,QT245/IX24-72,12,1/12/2024,2/12/2025,,,,,IX25-281,12,1/12/2025,2/12/2026,,,,,2/12/2026,191.00,NO,signhub@click-ix.com,#N/A,MV2411-0041,n/a,,CS SignHub (cityscreen.cloud),,,,,,,,
Loreal,Acrylic Signature Trading ,MDS32_02,4.1.0+build-auto v.5.6.0 MSI 5.6.0,4,,1920x1080,CS SignHub,1 Online/Offline,QT245/IX24-72,12,1/12/2024,2/12/2025,,,,,IX25-281,12,1/12/2025,2/12/2026,,,,,2/12/2026,191.00,NO,signhub@click-ix.com,#N/A,MV2411-0049,,,CS SignHub (cityscreen.cloud),,,,,,,,
Loreal,Acrylic Signature Trading ,MDS32_01 - TV1,4.1.0+build-auto v.5.6.0 MSI 5.6.0,2,,1080x1920,CS SignHub,1 Online/Offline,QT245/IX24-72,12,1/12/2024,2/12/2025,,,,,IX25-281,12,1/12/2025,2/12/2026,,,,,2/12/2026,191.00,NO,signhub@click-ix.com,#N/A,MV2411-0040,n/a,,CS SignHub (cityscreen.cloud),,,,,,,,
Mitsubishi,Team Moxim Sdn Bhd,"Mayazia Cartrade, Kota Bharu - SC 01",4.3.0+build-auto v.5.8.0 MSI 5.7.0,143,,1920x1080,CS SignHub,1 Online/Offline,IX25-0146,13,1/8/2025,1/9/2026,,,,,,Yes,,,,,,,1/9/2026,99.00,NO,,,,,,,,,,,,,,
Seni Jaya,Seni Jaya Sdn Bhd,MasjidJamek_ToPudu,4.3.0+build-auto,425,788,1440x1008,CS Play,1 Online/Offline,QT383/ IX25-55,11,1/5/2025,30/4/2026,,,,,,,,,,,,,30/4/2026,-25.00,YES,edgarlim+csplay@aims-research.com,,,,,CS Play (cityscreen.cloud),,,,,,,,
Seni Jaya,Seni Jaya Sdn Bhd,MasjidJamek_ToParlimen,4.3.0+build-auto,424,787,1440x1008,CS Play,1 Online/Offline,QT383/ IX25-55,11,1/5/2025,30/4/2026,,,,,,,,,,,,,30/4/2026,-25.00,YES,edgarlim+csplay@aims-research.com,,,,,CS Play (cityscreen.cloud),,,,,,,,
Aeon Mall,Kesion Malaysia Sdn Bhd,Maluri_DS3,4.5.0+build-auto,155,1,1080x1920,CS Play,1 Online/Offline,QT257,12,1/1/2025,1/1/2026,IX26-0137,12,1/1/2026,31/12/2026,,,,,,,,,31/12/2026,220.00,NO,naim@kesion.co.jp,K3s10njp,KEPL-0003,,,CS Play (cityscreen.cloud),,,,,,,,
Aeon Mall,Kesion Malaysia Sdn Bhd,Maluri_DS2,4.7.3+build-auto,154,1,1080x1920,CS Play,1 Online/Offline,QT257,12,1/1/2025,1/1/2026,IX26-0137,12,1/1/2026,31/12/2026,,,,,,,,,31/12/2026,220.00,NO,naim@kesion.co.jp,K3s10njp,KEPL-0002,,,CS Play (cityscreen.cloud),,,,,,,,
Aeon Mall,Kesion Malaysia Sdn Bhd,Maluri_DS1,4.5.0+build-auto,153,1,1080x1920,CS Play,1 Online/Offline,QT257,12,1/1/2025,1/1/2026,IX26-0137,12,1/1/2026,31/12/2026,,,,,,,,,31/12/2026,220.00,NO,naim@kesion.co.jp,K3s10njp,KEPL-0001,,,CS Play (cityscreen.cloud),,,,,,,,
Maxis,Maxis Broadband Sdn Bhd,"Jln Bunga Dahlia, Labuan MEP-EN",,428,,,CS SignHub,1 Online/Offline,IX25-0028,36,1/4/2025,1/4/2028,,,,,,,,,,,,,1/4/2028,677.00,NO,,,,,,,,,,,,,,
Maxis,Maxis Broadband Sdn Bhd,"Jln Kapar, Klang MEP-BM - Postpaid",,241,,,CS SignHub,1 Online/Offline,IX25-0028,36,1/4/2025,1/4/2028,,,,,,,,,,,,,1/4/2028,677.00,NO,,,,,,,,,,,,,,
BTO,BIg Tree Outdoor,LRTKLSentralP2,4.1.0+build-auto v.5.6.0 MSI 5.6.0 15.0.1,145,1,1280x224,CS Play,1 Online/Offline,QT156 / IX24-19,12,10/6/2024,10/6/2025,QT423 / IX25-65,12,10/6/2025,10/6/2026,QT-000949,12,10/6/2026,9/6/2027,,,,,9/6/2027,380.00,NO,faezan.ajlan@bigtree.com.my,#N/A,MP2409-0036,,,CS Play (cityscreen.cloud),,,,,,,,
BTO,BIg Tree Outdoor,LRTKLSentralP1,4.1.0+build-auto v.5.6.0 MSI 5.6.0 15.0.1,144,1,1280x224,CS Play,1 Online/Offline,QT156 / IX24-19,12,10/6/2024,10/6/2025,QT423 / IX25-65,12,10/6/2025,10/6/2026,QT-000949,12,10/6/2026,9/6/2027,,,,,9/6/2027,380.00,NO,faezan.ajlan@bigtree.com.my,#N/A,MP2409-0037,,,CS Play (cityscreen.cloud),,,,,,,,
BTO,BIg Tree Outdoor,LRTBangsarP2,4.0.8+build-auto v.5.5.0 MSI 5.5.0 14.2.0,130,1,1280x224,CS Play,1 Online/Offline,QT156 / IX24-19,12,10/6/2024,10/6/2025,QT423 / IX25-65,12,10/6/2025,10/6/2026,QT-000949,12,10/6/2026,9/6/2027,,,,,9/6/2027,380.00,NO,faezan.ajlan@bigtree.com.my,#N/A,MP2407-0027,,,CS Play (cityscreen.cloud),,,,,,,,
BTO,Big Tree Outdoor,LRTBangsarP1,4.1.0+build-auto v.5.6.0 MSI 5.6.0 15.0.1,129,1,1280x224,CS Play,1 Online/Offline,QT156 / IX24-19,12,10/6/2024,10/6/2025,QT423 / IX25-65,12,10/6/2025,10/6/2026,QT-000949,12,10/6/2026,9/6/2027,,,,,9/6/2027,380.00,NO,faezan.ajlan@bigtree.com.my,#N/A,MP2409-0035,,,CS Play (cityscreen.cloud),,,,,,,,
Imec,Imec Plus Sdn Bhd,LrayaSultanIskandar_PWTC,4.6.0+build-auto,190,497,720x1080,CS Play,1 Online/Offline,IX24-0056,12,1/8/2024,1/8/2025,QT471/IX25-161,12,1/8/2025,31/7/2026,,,,,,,,,31/7/2026,67.00,YES,sales@imecplus.com,#N/A,MP2407-0019,,,CS Play (cityscreen.cloud),,,,,,,,
Maxis,Maxis Broadband Sdn Bhd,"Jln Song,Kuching MEP-EN",,514,,,CS SignHub,1 Online/Offline,IX25-0028,36,1/4/2025,1/4/2028,,,,,,,,,,,,,1/4/2028,677.00,NO,,,,,,,,,,,,,,
Maxis,Maxis Broadband Sdn Bhd,Jln SS2 MEP-EN - P1,,216,,,CS SignHub,1 Online/Offline,IX25-0028,36,1/4/2025,1/4/2028,,,,,,,,,,,,,1/4/2028,677.00,NO,,,,,,,,,,,,,,
Maxis,Maxis Broadband Sdn Bhd,"Jln Sultan Abd Jalil, Ipoh MEP-EN 1 - P1 (Hotlink)",,469,,,CS SignHub,1 Online/Offline,IX25-0028,36,1/4/2025,1/4/2028,,,,,,,,,,,,,1/4/2028,677.00,NO,,,,,,,,,,,,,,
Maxis,Maxis Broadband Sdn Bhd,"Jln Sultan Abd Jalil, Ipoh MEP-EN 2 - P2 (Fibre)",,470,,,CS SignHub,1 Online/Offline,IX25-0028,36,1/4/2025,1/4/2028,,,,,,,,,,,,,1/4/2028,677.00,NO,,,,,,,,,,,,,,
Maxis,Maxis Broadband Sdn Bhd,Kapar MEP-BM,,235,,,CS SignHub,1 Online/Offline,IX25-0028,36,1/4/2025,1/4/2028,,,,,,,,,,,,,1/4/2028,677.00,NO,,,,,,,,,,,,,,
Maxis,Maxis Broadband Sdn Bhd,Kapit MEPLite-BM 01 - Brandwall,,292,,1920x1080,CS SignHub,1 Online/Offline,IX25-0243,36,24/9/2025,24/9/2028,,,,,,,,,,,,,24/9/2028,853.00,NO,,,,,,,,,,,,,,
Maxis,Maxis Broadband Sdn Bhd,Kapit MEPLite-BM 02 - DS01,,693,,1920x540,CS SignHub,1 Online/Offline,IX25-0243,36,24/9/2025,24/9/2028,,,,,,,,,,,,,24/9/2028,853.00,NO,,,,,,,,,,,,,,
Maxis,Maxis Broadband Sdn Bhd,Kapit MEPLite-BM 03 - DS02,,694,,1920x540,CS SignHub,1 Online/Offline,IX25-0243,36,24/9/2025,24/9/2028,,,,,,,,,,,,,24/9/2028,853.00,NO,,,,,,,,,,,,,,
Maxis,Maxis Broadband Sdn Bhd,KB Mall MC-BM 1 - SF,,348,,,CS SignHub,1 Online/Offline,IX25-0028,36,1/4/2025,1/4/2028,,,,,,,,,,,,,1/4/2028,677.00,NO,,,,,,,,,,,,,,
Maxis,Maxis Broadband Sdn Bhd,KB Mall MC-BM 2 - Demo TV,,349,,,CS SignHub,1 Online/Offline,IX25-0028,36,1/4/2025,1/4/2028,,,,,,,,,,,,,1/4/2028,677.00,NO,,,,,,,,,,,,,,
Maxis,Maxis Broadband Sdn Bhd,Kemaman Center Point MEP-BM,,600,,,CS SignHub,1 Online/Offline,IX25-0028,36,1/4/2025,1/4/2028,,,,,,,,,,,,,1/4/2028,677.00,NO,,,,,,,,,,,,,,
Maxis,Maxis Broadband Sdn Bhd,Keningau Mall MEP-EN,,417,,,CS SignHub,1 Online/Offline,IX25-0028,36,1/4/2025,1/4/2028,,,,,,,,,,,,,1/4/2028,677.00,NO,,,,,,,,,,,,,,
Maxis,Maxis Broadband Sdn Bhd,Kepong Baru MEP-EN,,238,,,CS SignHub,1 Online/Offline,IX25-0028,36,1/4/2025,1/4/2028,,,,,,,,,,,,,1/4/2028,677.00,NO,,,,,,,,,,,,,,
Maxis,Maxis Broadband Sdn Bhd,KIA MC-EN,,31,,,CS SignHub,1 Online/Offline,IX25-0039,36,1/4/2025,1/4/2028,,,,,,,,,,,,,1/4/2028,677.00,NO,,,,,,,,,,,,,,
Maxis,Maxis Broadband Sdn Bhd,KL East Mall MEPLite-EN 01 - Brandwall,,601,,3000x1920,CS SignHub,1 Online/Offline,IX25-0080,36,1/4/2025,1/4/2028,,,,,,,,,,,,,1/4/2028,677.00,NO,,,,,,,,,,,,,,
Maxis,Maxis Broadband Sdn Bhd,Klang MC-EN 1 - MIRA,,72,,,CS SignHub,1 Online/Offline,IX25-0028,36,1/4/2025,1/4/2028,,,,,,,,,,,,,1/4/2028,677.00,NO,,,,,,,,,,,,,,
Maxis,Maxis Broadband Sdn Bhd,Klang MC-EN 2 - Demo TV,,69,,,CS SignHub,1 Online/Offline,IX25-0028,36,1/4/2025,1/4/2028,,,,,,,,,,,,,1/4/2028,677.00,NO,,,,,,,,,,,,,,
Maxis,Maxis Broadband Sdn Bhd,Klang MC-EN 3 - Hotlink,,71,,,CS SignHub,1 Online/Offline,IX25-0028,36,1/4/2025,1/4/2028,,,,,,,,,,,,,1/4/2028,677.00,NO,,,,,,,,,,,,,,
Maxis,Maxis Broadband Sdn Bhd,Klang MC-EN 4 - P1 (Postpaid),,70,,,CS SignHub,1 Online/Offline,IX25-0028,36,1/4/2025,1/4/2028,,,,,,,,,,,,,1/4/2028,677.00,NO,,,,,,,,,,,,,,
Maxis,Maxis Broadband Sdn Bhd,Klang Parade MEP-EN 1 - Hotlink,,283,,,CS SignHub,1 Online/Offline,IX25-0028,36,1/4/2025,1/4/2028,,,,,,,,,,,,,1/4/2028,677.00,NO,,,,,,,,,,,,,,
Maxis,Maxis Broadband Sdn Bhd,Klang Parade MEP-EN 2 - P2 (Postpaid),,282,,,CS SignHub,1 Online/Offline,IX25-0028,36,1/4/2025,1/4/2028,,,,,,,,,,,,,1/4/2028,677.00,NO,,,,,,,,,,,,,,
Maxis,Maxis Broadband Sdn Bhd,Klang Parade MEP-EN 3 - P1 (Fibre),,284,,,CS SignHub,1 Online/Offline,IX25-0028,36,1/4/2025,1/4/2028,,,,,,,,,,,,,1/4/2028,677.00,NO,,,,,,,,,,,,,,
Maxis,Maxis Broadband Sdn Bhd,Klang Parade MEP-EN 4 - SF,,285,,,CS SignHub,1 Online/Offline,IX25-0028,36,1/4/2025,1/4/2028,,,,,,,,,,,,,1/4/2028,677.00,NO,,,,,,,,,,,,,,
Maxis,Maxis Broadband Sdn Bhd,KLIA 1 Kiosk-EN,,117,,,CS SignHub,1 Online/Offline,IX25-0028,36,1/4/2025,1/4/2028,,,,,,,,,,,,,1/4/2028,677.00,NO,,,,,,,,,,,,,,
Maxis,Maxis Broadband Sdn Bhd,KLIA2 MC-EN 1 - MIRA,,114,,,CS SignHub,1 Online/Offline,IX25-0028,36,1/4/2025,1/4/2028,,,,,,,,,,,,,1/4/2028,677.00,NO,,,,,,,,,,,,,,
Maxis,Maxis Broadband Sdn Bhd,KLIA2 MC-EN 2 - SF,,113,,,CS SignHub,1 Online/Offline,IX25-0028,36,1/4/2025,1/4/2028,,,,,,,,,,,,,1/4/2028,677.00,NO,,,,,,,,,,,,,,
Maxis,Maxis Broadband Sdn Bhd,KLIA2 MC-EN 3 - Fibre Panel,,112,,,CS SignHub,1 Online/Offline,IX25-0028,36,1/4/2025,1/4/2028,,,,,,,,,,,,,1/4/2028,677.00,NO,,,,,,,,,,,,,,
Maxis,Maxis Broadband Sdn Bhd,KLIA2 MC-EN 4 - Hotlink Panel,,115,,,CS SignHub,1 Online/Offline,IX25-0028,36,1/4/2025,1/4/2028,,,,,,,,,,,,,1/4/2028,677.00,NO,,,,,,,,,,,,,,
Maxis,Maxis Broadband Sdn Bhd,KLIA2 MC-EN 5 - LED,,116,,,CS SignHub,1 Online/Offline,IX25-0028,36,1/4/2025,1/4/2028,,,,,,,,,,,,,1/4/2028,677.00,NO,,,,,,,,,,,,,,
Maxis,Maxis Broadband Sdn Bhd,Kluang HS MEP-EN 01,,575,,3840x1080,CS SignHub,1 Online/Offline,IX25-0151,36,25/7/2025,25/7/2028,,,,,,,,,,,,,25/7/2028,792.00,NO,,,,,,,,,,,,,,
Maxis,Maxis Broadband Sdn Bhd,Kluang Mall MEP-BM,,542,,,CS SignHub,1 Online/Offline,IX25-0028,36,1/4/2025,1/4/2028,,,,,,,,,,,,,1/4/2028,677.00,NO,,,,,,,,,,,,,,
Maxis,Maxis Broadband Sdn Bhd,Kluang Mall MEPLite-EN 01 - Brandwall,,284,,1920x1080,CS SignHub,1 Online/Offline,IX25-0151,36,25/7/2025,25/7/2028,,,,,,,,,,,,,25/7/2028,792.00,NO,,,,,,,,,,,,,,
Mitsubishi,Team Moxim Sdn Bhd,"Lofty Ambition, Taiping - SC 01",4.3.0+build-auto v.5.8.0 MSI 5.7.0,131,,1920x1080,CS SignHub,1 Online/Offline,IX25-0146,13,1/8/2025,1/9/2026,,,,,,Yes,,,,,,,1/9/2026,99.00,NO,,,,,,,,,,,,,,
Mitsubishi,Team Moxim Sdn Bhd,"Lofty Ambition, Sitiawan - SC 01",4.3.0+build-auto v.5.8.0 MSI 5.7.0,129,,1920x1080,CS SignHub,1 Online/Offline,IX25-0146,13,1/8/2025,1/9/2026,,,,,,Yes,,,,,,,1/9/2026,99.00,NO,,,,,,,,,,,,,,
Mitsubishi,Team Moxim Sdn Bhd,"Lofty Ambition, Rawang - SC 01",4.3.0+build-auto v.5.8.0 MSI 5.7.0,118,,1920x1080,CS SignHub,1 Online/Offline,IX25-0146,13,1/8/2025,1/9/2026,,,,,,Yes,,,,,,,1/9/2026,99.00,NO,,,,,,,,,,,,,,
Mitsubishi,Team Moxim Sdn Bhd,"Lofty Ambition, Ipoh - SC 02",4.3.0+build-auto v.5.8.0 MSI 5.7.0,132,,1080x1920,CS SignHub,1 Online/Offline,IX25-0146,13,1/8/2025,1/9/2026,,,,,,Yes,,,,,,,1/9/2026,99.00,NO,,,,,,,,,,,,,,
Mitsubishi,Team Moxim Sdn Bhd,"Lofty Ambition, Ipoh - SC 01",4.3.0+build-auto v.5.8.0 MSI 5.7.0,130,,1920x1080,CS SignHub,1 Online/Offline,IX25-0146,13,1/8/2025,1/9/2026,,,,,,Yes,,,,,,,1/9/2026,99.00,NO,,,,,,,,,,,,,,
CEVA Logistics,Ledtronics,Lobby Player,,,,n/a,Intuiface,2 Inacitve ,"IX24-5, QT124",12,19/1/2024,20/1/2025,,,,,,,,,,,,,20/1/2025,-490.00,NO,ext.selventhiran.manimaran@cevalogistics.com,#N/A,-empty-,,,Wastah,,,,,,,,
Maxis,Maxis Broadband Sdn Bhd,Kluang Mall MEPLite-EN 02 - DS01,,136,,1920x540,CS SignHub,1 Online/Offline,IX25-0151,36,25/7/2025,25/7/2028,,,,,,,,,,,,,25/7/2028,792.00,NO,,,,,,,,,,,,,,
Maxis,Maxis Broadband Sdn Bhd,Kluang Mall MEPLite-EN 03 - DS02,,195,,1920x540,CS SignHub,1 Online/Offline,IX25-0151,36,25/7/2025,25/7/2028,,,,,,,,,,,,,25/7/2028,792.00,NO,,,,,,,,,,,,,,
Maxis,Maxis Broadband Sdn Bhd,Kluang MEP-BM,,541,,,CS SignHub,1 Online/Offline,IX25-0028,36,1/4/2025,1/4/2028,,,,,,,,,,,,,1/4/2028,677.00,NO,,,,,,,,,,,,,,
CIX,Click IX Sdn Bhd,LexusHonor,unknown 91/3.2.1,55,1,1920x1080,CS SignHub,4 Test,n/a,#NUM!,25/5/2026,22/1/2025,,,,,,,,,,,,,22/1/2025,-488.00,NO,lexus+demoSH@click-ix.com,#N/A,-empty-,,,Scala,,,,,,,,
CIX,Click IX Sdn Bhd,Lexus - Demo - &-Eleven,,58,1,1920x1080,CS SignHub,4 Test,n/a,#NUM!,25/5/2026,22/1/2025,,,,,,,,,,,,,22/1/2025,-488.00,NO,lexus+demoSH@click-ix.com,#N/A,-empty-,,,Scala,,,,,,,,
KPJ2,Damansara Specialist Hospital,LevelB2_LiftLobby,4.0.7+build-auto 13.2.0,47,2,2160x1920,CS SignHub,1 Online/Offline,QT132,12,27/2/2024,27/2/2025,IX25-357,,1/12/2025,1/12/2026,,,,,,,,,1/12/2026,190.00,NO,sukhpal@kpjdamansara2.com,#N/A,-empty-,,,Wastah,,,,,,,,
KPJ2,Damansara Specialist Hospital,LevelB1_LiftLobby,4.0.7+build-auto 13.2.0,64,2,2160x1920,CS SignHub,1 Online/Offline,"IX24-10, QT111",12,27/2/2024,27/2/2025,IX25-357,,1/12/2025,1/12/2026,,,,,,,,,1/12/2026,190.00,NO,sukhpal@kpjdamansara2.com,#N/A,-empty-,,,Wastah,,,,,,,,
KPJ2,Damansara Specialist Hospital,Level11_PremierWard,unknown 19.0.4,46,,1280x720,CS SignHub,1 Online/Offline,"IX24-10, QT111",12,27/2/2024,27/2/2025,IX25-357,,1/12/2025,1/12/2026,,,,,,,,,1/12/2026,190.00,NO,sukhpal@kpjdamansara2.com,#N/A,-empty-,,,Wastah,,,,,,,,
KPJ2,Damansara Specialist Hospital,Level10_PremierWard,unknown 19.0.4,44,1,1280x720,CS SignHub,3 Archive,"IX24-10, QT111",12,27/2/2024,27/2/2025,IX25-357,,1/12/2025,1/12/2026,,,,,,,,,1/12/2026,190.00,NO,sukhpal@kpjdamansara2.com,#N/A,-empty-,,,Scala,,,,,,,,
KPJ2,Damansara Specialist Hospital,Level07_SurgicalWard,unknown 19.0.4,41,1,1280x720,CS SignHub,1 Online/Offline,"IX24-10, QT111",12,27/2/2024,27/2/2025,IX25-357,,1/12/2025,1/12/2026,,,,,,,,,1/12/2026,190.00,NO,sukhpal@kpjdamansara2.com,#N/A,-empty-,,,Wastah,,,,,,,,
KPJ2,Damansara Specialist Hospital,Level07_PaedsWard,unknown 19.0.4,49,1,1280x720,CS SignHub,1 Online/Offline,"IX24-10, QT111",12,27/2/2024,27/2/2025,IX25-357,,1/12/2025,1/12/2026,,,,,,,,,1/12/2026,190.00,NO,sukhpal@kpjdamansara2.com,#N/A,-empty-,,,Wastah,,,,,,,,
KPJ2,Damansara Specialist Hospital,Level06_Ward_LandingPage,4.3.0+build-auto 17.1.0,48,1,1920x1080,CS SignHub,1 Online/Offline,"IX24-10, QT111",12,27/2/2024,27/2/2025,IX25-357,,1/12/2025,1/12/2026,,,,,,,,,1/12/2026,190.00,NO,sukhpal@kpjdamansara2.com,#N/A,-empty-,,,Wastah,,,,,,,,
KPJ2,Damansara Specialist Hospital,Level06_Rehab,unknown 19.0.4,45,1,1280x720,CS SignHub,1 Online/Offline,"IX24-10, QT111",12,27/2/2024,27/2/2025,IX25-357,,1/12/2025,1/12/2026,,,,,,,,,1/12/2026,190.00,NO,sukhpal@kpjdamansara2.com,#N/A,-empty-,,,Wastah,,,,,,,,
KPJ2,Damansara Specialist Hospital,Level06_HIMS_Indoor,unknown 19.0.4,42,1,1280x720,CS SignHub,1 Online/Offline,"IX24-10, QT111",12,27/2/2024,27/2/2025,IX25-357,,1/12/2025,1/12/2026,,,,,,,,,1/12/2026,190.00,NO,sukhpal@kpjdamansara2.com,#N/A,-empty-,,,Wastah,,,,,,,,
KPJ2,Damansara Specialist Hospital,Level06_HIIMS_Outdoor,unknown 19.0.4,43,1,1280x720,CS SignHub,1 Online/Offline,"IX24-10, QT111",12,27/2/2024,27/2/2025,IX25-357,,1/12/2025,1/12/2026,,,,,,,,,1/12/2026,190.00,NO,sukhpal@kpjdamansara2.com,#N/A,-empty-,,,Wastah,,,,,,,,
KPJ2,Damansara Specialist Hospital,Level04_ZoneG,4.3.0+build-auto 17.1.0,96,1,2160x1920,CS SignHub,1 Online/Offline,"IX24-10, QT111",12,27/2/2024,27/2/2025,IX25-357,,1/12/2025,1/12/2026,,,,,,,,,1/12/2026,190.00,NO,sukhpal@kpjdamansara2.com,#N/A,-empty-,,,Wastah,,,,,,,,
KPJ2,Damansara Specialist Hospital,Level04_Neonatal,unknown 19.0.4,39,1,1280x720,CS SignHub,1 Online/Offline,"IX24-10, QT111",12,27/2/2024,27/2/2025,IX25-357,,1/12/2025,1/12/2026,,,,,,,,,1/12/2026,190.00,NO,sukhpal@kpjdamansara2.com,#N/A,-empty-,,,Wastah,,,,,,,,
KPJ2,Damansara Specialist Hospital,Level04_Labour&Delivery,unknown 19.0.4,40,1,1280x720,CS SignHub,1 Online/Offline,"IX24-10, QT111",12,27/2/2024,27/2/2025,IX25-357,,1/12/2025,1/12/2026,,,,,,,,,1/12/2026,190.00,NO,sukhpal@kpjdamansara2.com,#N/A,-empty-,,,Wastah,,,,,,,,
KPJ2,Damansara Specialist Hospital,Level04_ElevatorAds 3,4.3.0+build-auto 17.1.0,98,1,1080x1920,CS SignHub,1 Online/Offline,"IX24-10, QT111",12,27/2/2024,27/2/2025,IX25-357,,1/12/2025,1/12/2026,,,,,,,,,1/12/2026,190.00,NO,sukhpal@kpjdamansara2.com,#N/A,-empty-,,,Wastah,,,,,,,,
KPJ2,Damansara Specialist Hospital,Level03_ZoneF,4.3.0+build-auto 17.1.0,93,1,2160x1920,CS SignHub,1 Online/Offline,"IX24-10, QT111",12,27/2/2024,27/2/2025,IX25-357,,1/12/2025,1/12/2026,,,,,,,,,1/12/2026,190.00,NO,sukhpal@kpjdamansara2.com,#N/A,-empty-,,,Wastah,,,,,,,,
KPJ2,Damansara Specialist Hospital,Level03_ZoneE,4.3.0+build-auto 17.1.0,95,1,2160x1920,CS SignHub,1 Online/Offline,"IX24-10, QT111",12,27/2/2024,27/2/2025,IX25-357,,1/12/2025,1/12/2026,,,,,,,,,1/12/2026,190.00,NO,sukhpal@kpjdamansara2.com,#N/A,-empty-,,,Wastah,,,,,,,,
KPJ2,Damansara Specialist Hospital,Level03_ZoneD,4.3.0+build-auto 17.1.0,94,1,2160x1920,CS SignHub,1 Online/Offline,"IX24-10, QT111",12,27/2/2024,27/2/2025,IX25-357,,1/12/2025,1/12/2026,,,,,,,,,1/12/2026,190.00,NO,sukhpal@kpjdamansara2.com,#N/A,-empty-,,,Wastah,,,,,,,,
KPJ2,Damansara Specialist Hospital,Level03_EntranceCounter_ZoneF,unknown 19.0.4,37,1,1280x720,CS SignHub,1 Online/Offline,"IX24-10, QT111",12,27/2/2024,27/2/2025,IX25-357,,1/12/2025,1/12/2026,,,,,,,,,1/12/2026,190.00,NO,sukhpal@kpjdamansara2.com,#N/A,-empty-,,,Wastah,,,,,,,,
KPJ2,Damansara Specialist Hospital,Level03_Endoscopy,unknown 19.0.4,36,1,1280x720,CS SignHub,1 Online/Offline,"IX24-10, QT111",12,27/2/2024,27/2/2025,IX25-357,,1/12/2025,1/12/2026,,,,,,,,,1/12/2026,190.00,NO,sukhpal@kpjdamansara2.com,#N/A,-empty-,,,Wastah,,,,,,,,
KPJ2,Damansara Specialist Hospital,Level03_ElevatorAds 2,4.0.7+build-auto 13.1.0,100,1,1080x1920,CS SignHub,1 Online/Offline,IX24-9,12,8/12/2023,8/12/2024,IX25-357,,1/12/2025,1/12/2026,,,,,,,,,1/12/2026,190.00,NO,sukhpal@kpjdamansara2.com,#N/A,-empty-,,,Wastah,,,,,,,,
KPJ2,Damansara Specialist Hospital,Level02_ZoneC,4.3.0+build-auto 17.1.0,92,1,2160x1920,CS SignHub,1 Online/Offline,IX80-23,11,8/12/2023,5/12/2024,,,,,,,,,,,,,5/12/2024,-536.00,YES,sukhpal@kpjdamansara2.com,#N/A,-empty-,,,Wastah,,,,,,,,
KPJ2,Damansara Specialist Hospital,Level02_ZoneB,4.3.0+build-auto 17.1.0,91,1,2160x1920,CS SignHub,1 Online/Offline,"IX24-10, QT111",12,27/2/2024,27/2/2025,IX25-357,,1/12/2025,1/12/2026,,,,,,,,,1/12/2026,190.00,NO,sukhpal@kpjdamansara2.com,#N/A,-empty-,,,Wastah,,,,,,,,
KPJ2,Damansara Specialist Hospital,Level02_ZoneA,4.3.0+build-auto 17.1.0,90,1,2160x1920,CS SignHub,1 Online/Offline,IX24-9,12,8/12/2023,8/12/2024,IX25-357,,1/12/2025,1/12/2026,,,,,,,,,1/12/2026,190.00,NO,sukhpal@kpjdamansara2.com,#N/A,-empty-,,,Wastah,,,,,,,,
KPJ2,Damansara Specialist Hospital,Level02_SatelliteLab,unknown 19.0.4,35,1,1920x1080,CS SignHub,1 Online/Offline,IX24-9,12,8/12/2023,8/12/2024,IX25-357,,1/12/2025,1/12/2026,,,,,,,,,1/12/2026,190.00,NO,sukhpal@kpjdamansara2.com,#N/A,-empty-,,,Wastah,,,,,,,,
KPJ2,Damansara Specialist Hospital,Level02_EscalatorAds2,4.3.0+build-auto 17.1.0,97,1,2160x1920,CS SignHub,1 Online/Offline,IX24-9,12,8/12/2023,8/12/2024,IX25-357,,1/12/2025,1/12/2026,,,,,,,,,1/12/2026,190.00,NO,sukhpal@kpjdamansara2.com,#N/A,-empty-,,,Wastah,,,,,,,,
KPJ2,Damansara Specialist Hospital,Level02_BusinessOffice,unknown 19.0.4,34,1,1280x720,CS SignHub,1 Online/Offline,IX24-9,12,8/12/2023,8/12/2024,IX25-357,,1/12/2025,1/12/2026,,,,,,,,,1/12/2026,190.00,NO,sukhpal@kpjdamansara2.com,#N/A,-empty-,,,Wastah,,,,,,,,
KPJ2,Damansara Specialist Hospital,Level01_PremierLounge_Right,unknown 19.0.4,31,1,1280x720,CS SignHub,1 Online/Offline,IX24-9,12,8/12/2023,8/12/2024,IX25-357,,1/12/2025,1/12/2026,,,,,,,,,1/12/2026,190.00,NO,sukhpal@kpjdamansara2.com,#N/A,-empty-,,,Wastah,,,,,,,,
KPJ2,Damansara Specialist Hospital,Level01_PremierLounge_Left,4.6.0+build-auto 19.0.5 19.0.4,30,1,1280x720,CS SignHub,1 Online/Offline,IX24-9,12,8/12/2023,8/12/2024,IX25-357,,1/12/2025,1/12/2026,,,,,,,,,1/12/2026,190.00,NO,sukhpal@kpjdamansara2.com,#N/A,-empty-,,,Wastah,,,,,,,,
KPJ2,Damansara Specialist Hospital,Level01_MainDirectory,4.7.3+build-auto 19.0.7,33,1,3840x1153,CS SignHub,1 Online/Offline,IX24-9,12,8/12/2023,8/12/2024,IX25-357,,1/12/2025,1/12/2026,,,,,,,,,1/12/2026,190.00,NO,sukhpal@kpjdamansara2.com,#N/A,-empty-,,,Wastah,,,,,,,,
KPJ2,Damansara Specialist Hospital,Level01_Kiosk,4.6.0+build-auto 19.0.5,32,1,1280x720,CS SignHub,1 Online/Offline,IX24-9,12,8/12/2023,8/12/2024,IX25-357,,1/12/2025,1/12/2026,,,,,,,,,1/12/2026,190.00,NO,sukhpal@kpjdamansara2.com,#N/A,-empty-,,,Wastah,,,,,,,,
KPJ2,Damansara Specialist Hospital,Level01_Emergency,unknown 19.0.4,38,1,1280x720,CS SignHub,1 Online/Offline,IX24-9,12,8/12/2023,8/12/2024,IX25-357,,1/12/2025,1/12/2026,,,,,,,,,1/12/2026,190.00,NO,sukhpal@kpjdamansara2.com,#N/A,-empty-,,,Wastah,,,,,,,,
KPJ2,Damansara Specialist Hospital,Level01_ElevatorAds 1,4.3.0+build-auto 17.1.0,99,1,1080x1920,CS SignHub,1 Online/Offline,IX24-9,12,8/12/2023,8/12/2024,IX25-357,,1/12/2025,1/12/2026,,,,,,,,,1/12/2026,190.00,NO,sukhpal@kpjdamansara2.com,#N/A,-empty-,,,Wastah,,,,,,,,
Cheras Leisure Mall,PPB Group Berhad,Leisure Mall Stage,,199,1,1408x1088,CS Play,1 Online/Offline,IX24-60,12,18/10/2024,18/10/2025,QT-615/IX25-210,,18/10/2025,17/10/2026,,,,,,,,,17/10/2026,145.00,NO,Kowsp@ppb.com.my,#N/A,MP2409-0038,,,CS Play (cityscreen.cloud),,,,,,,,
OOH,Out of Home Media Sdn Bhd,LDP1U_MRT,4.3.0+build-auto - v.5.8.0 MSI 5.7.0,106,1,672x960,CS Play,1 Online/Offline,"IX24-0053, PR0093",11,1/7/2024,30/6/2025,IX25-16,12,1/7/2025,1/12/2025,IX25-348,12,1/1/2026,1/12/2026,,,,,1/12/2026,190.00,NO,jinwei@outofhome.com.my,#N/A,CMP0003,renewed from ix24-13,,CS Play (cityscreen.cloud),,,,,,,,
Setia Media,Setia Media Sdn Bhd,LDP004_TmnMegah,,173,1,1152x1824,CS Play,3 Archive,"IX24-0023, QT161",12,1/7/2024,1/7/2025,IX25-356,12,1/1/2026,31/12/2026,,,,,,,,,31/12/2026,220.00,NO,content.setiamedia@gmail.com,#N/A,CMP0068,,,CS Play (cityscreen.cloud),,,,,,,,
Setia Media,Setia Media Sdn Bhd,LDP001_Paradigm,,172,1,1152x1824,CS Play,3 Archive,"IX24-0023, QT161",12,1/7/2024,1/7/2025,IX25-356,12,1/1/2026,31/12/2026,,,,,,,,,31/12/2026,220.00,NO,content.setiamedia@gmail.com,#N/A,CMP0067,,,CS Play (cityscreen.cloud),,,,,,,,
WOW Media,IB Mentari,LDP_SunwayMentari,4.3.0+build-auto,176,417,720x1140,CS Play,1 Online/Offline,IX25-0349,11,1/1/2026,31/12/2026,IX25-0349,12,1/1/2026,31/12/2026,,,,,,,,,31/12/2026,220.00,NO,aisah.s+wow@wowmedia.com.my,#N/A,-empty-,,,Wastah,,,,,,,,
Prowangsa,Axis Outdoor Solution Sdn Bhd,LDP_SD_TT,4.3.0+build-auto,201,1,480x1500,CS Play,1 Online/Offline,IX24-0054,12,1/9/2024,1/9/2025,IX25-347,12,1/1/2025,31/12/2026,,,,,,,,,31/12/2026,220.00,NO,siva@aosoutdoor.com,#N/A,CMP0079,,,CS Play (cityscreen.cloud),,,,,,,,
WOW Media,IB Mentari,LDP_PuchongLagenda,4.7.3+build-auto,364,711,720x1140,CS Play,1 Online/Offline,IX25-0349,11,1/1/2026,31/12/2026,IX25-0349,12,1/1/2026,31/12/2026,,,,,,,,,31/12/2026,220.00,NO,,,,,,,,,,,,,,
Setia Media,Setia Media Sdn Bhd,LDP_DesaParkCity_Gantry,,188,1,2752x1728,CS Play,3 Archive,"IX24-0029, QT191,PR85",12,1/8/2024,1/8/2025,IX25-356,12,1/1/2026,31/12/2026,,,,,,,,,31/12/2026,220.00,NO,content.setiamedia@gmail.com,#N/A,MP2407-0016,,,CS Play (cityscreen.cloud),,,,,,,,
Maxis,Maxis Broadband Sdn Bhd,Kompleks Central Square MEP-EN,,433,,,CS SignHub,1 Online/Offline,IX25-0028,36,1/4/2025,1/4/2028,,,,,,,,,,,,,1/4/2028,677.00,NO,,,,,,,,,,,,,,
Maxis,Maxis Broadband Sdn Bhd,Kompleks Tok Arau MEP-BM,,454,,,CS SignHub,1 Online/Offline,IX25-0028,36,1/4/2025,1/4/2028,,,,,,,,,,,,,1/4/2028,677.00,NO,,,,,,,,,,,,,,
Maxis,Maxis Broadband Sdn Bhd,Kota Bahru MC-BM 1 - Demo TV,,287,,,CS SignHub,1 Online/Offline,IX25-0028,36,1/4/2025,1/4/2028,,,,,,,,,,,,,1/4/2028,677.00,NO,,,,,,,,,,,,,,
Maxis,Maxis Broadband Sdn Bhd,Kota Bahru MC-BM 2 - MIRA,,288,,,CS SignHub,1 Online/Offline,IX25-0028,36,1/4/2025,1/4/2028,,,,,,,,,,,,,1/4/2028,677.00,NO,,,,,,,,,,,,,,
Maxis,Maxis Broadband Sdn Bhd,Kota Bahru MC-BM 3 - P2 (Postpaid),,290,,,CS SignHub,1 Online/Offline,IX25-0028,36,1/4/2025,1/4/2028,,,,,,,,,,,,,1/4/2028,677.00,NO,,,,,,,,,,,,,,
Maxis,Maxis Broadband Sdn Bhd,Kota Bahru MC-BM 4 - P3 (Hotlink),,291,,,CS SignHub,1 Online/Offline,IX25-0028,36,1/4/2025,1/4/2028,,,,,,,,,,,,,1/4/2028,677.00,NO,,,,,,,,,,,,,,
Maxis,Maxis Broadband Sdn Bhd,Kota Bahru MC-BM 5 - P1 (Zerolution),,289,,,CS SignHub,1 Online/Offline,IX25-0028,36,1/4/2025,1/4/2028,,,,,,,,,,,,,1/4/2028,677.00,NO,,,,,,,,,,,,,,
Mitsubishi,Team Moxim Sdn Bhd,"Lajina Motors, Kuala Terengganu - SC 01",4.3.0+build-auto v.5.8.0 MSI 5.7.0,139,,1920x1080,CS SignHub,1 Online/Offline,IX25-0146,13,1/8/2025,1/9/2026,,,,,,Yes,,,,,,,1/9/2026,99.00,NO,,,,,,,,,,,,,,
Mitsubishi,Team Moxim Sdn Bhd,"Lajina Motors, Jerteh - SC 01",4.3.0+build-auto v.5.8.0 MSI 5.7.0,140,,1920x1080,CS SignHub,1 Online/Offline,IX25-0146,13,1/8/2025,1/9/2026,,,,,,Yes,,,,,,,1/9/2026,99.00,NO,,,,,,,,,,,,,,
Maxis,Maxis Broadband Sdn Bhd,KSL City Mall MEP-EN 1 - SF,,558,,,CS SignHub,1 Online/Offline,IX25-0028,36,1/4/2025,1/4/2028,,,,,,,,,,,,,1/4/2028,677.00,NO,,,,,,,,,,,,,,
Maxis,Maxis Broadband Sdn Bhd,KSL City Mall MEP-EN 2 - P2 (Postpaid),,559,,,CS SignHub,1 Online/Offline,IX25-0028,36,1/4/2025,1/4/2028,,,,,,,,,,,,,1/4/2028,677.00,NO,,,,,,,,,,,,,,
Maxis,Maxis Broadband Sdn Bhd,KTCC MC-BM 1 - Demo TV,,175,,,CS SignHub,1 Online/Offline,IX25-0028,36,1/4/2025,1/4/2028,,,,,,,,,,,,,1/4/2028,677.00,NO,,,,,,,,,,,,,,
Maxis,Maxis Broadband Sdn Bhd,KTCC MC-BM 2 - SF,,174,,,CS SignHub,1 Online/Offline,IX25-0028,36,1/4/2025,1/4/2028,,,,,,,,,,,,,1/4/2028,677.00,NO,,,,,,,,,,,,,,
Aeon Mall,Kesion Malaysia Sdn Bhd,KulaiJaya_DS 5,4.5.0+build-auto,306,1,1080x1920,CS Play,1 Online/Offline,QT257,12,1/1/2025,1/1/2026,IX26-0137,12,1/1/2026,31/12/2026,,,,,,,,,31/12/2026,220.00,NO,naim@kesion.co.jp,K3s10njp,KEPL-0070,,,CS Play (cityscreen.cloud),,,,,,,,
Aeon Mall,Kesion Malaysia Sdn Bhd,KulaiJaya_DS 4,4.3.0+build-auto,308,1,1080x1920,CS Play,1 Online/Offline,QT257,12,1/1/2025,1/1/2026,IX26-0137,12,1/1/2026,31/12/2026,,,,,,,,,31/12/2026,220.00,NO,naim@kesion.co.jp,K3s10njp,KEPL-0069,,,CS Play (cityscreen.cloud),,,,,,,,
Aeon Mall,Kesion Malaysia Sdn Bhd,KulaiJaya_DS 3,4.4.0+build-auto,305,1,1080x1920,CS Play,1 Online/Offline,QT257,12,1/1/2025,1/1/2026,IX26-0137,12,1/1/2026,31/12/2026,,,,,,,,,31/12/2026,220.00,NO,naim@kesion.co.jp,K3s10njp,KEPL-0068,,,CS Play (cityscreen.cloud),,,,,,,,
Aeon Mall,Kesion Malaysia Sdn Bhd,KulaiJaya_DS 2,4.5.0+build-auto,304,1,1080x1920,CS Play,1 Online/Offline,QT257,12,1/1/2025,1/1/2026,IX26-0137,12,1/1/2026,31/12/2026,,,,,,,,,31/12/2026,220.00,NO,naim@kesion.co.jp,K3s10njp,KEPL-0067,,,CS Play (cityscreen.cloud),,,,,,,,
Aeon Mall,Kesion Malaysia Sdn Bhd,KulaiJaya_DS 1,4.5.0+build-auto,307,1,1080x1920,CS Play,1 Online/Offline,QT257,12,1/1/2025,1/1/2026,IX26-0137,12,1/1/2026,31/12/2026,,,,,,,,,31/12/2026,220.00,NO,naim@kesion.co.jp,K3s10njp,KEPL-0066,,,CS Play (cityscreen.cloud),,,,,,,,
Maxis,Maxis Broadband Sdn Bhd,KTCC MC-BM 3 - MIRA,,173,,,CS SignHub,1 Online/Offline,IX25-0028,36,1/4/2025,1/4/2028,,,,,,,,,,,,,1/4/2028,677.00,NO,,,,,,,,,,,,,,
Maxis,Maxis Broadband Sdn Bhd,Kuala Kangsar MEP-BM,,434,,,CS SignHub,1 Online/Offline,IX25-0028,36,1/4/2025,1/4/2028,,,,,,,,,,,,,1/4/2028,677.00,NO,,,,,,,,,,,,,,
Maxis,Maxis Broadband Sdn Bhd,Kuala Ketil MEP-BM,,502,,,CS SignHub,1 Online/Offline,IX25-0028,36,1/4/2025,1/4/2028,,,,,,,,,,,,,1/4/2028,677.00,NO,,,,,,,,,,,,,,
Maxis,Maxis Broadband Sdn Bhd,Kuala T'ganu MC-BM 1 - P3 (Hotlink),,205,,,CS SignHub,1 Online/Offline,IX25-0028,36,1/4/2025,1/4/2028,,,,,,,,,,,,,1/4/2028,677.00,NO,,,,,,,,,,,,,,
Maxis,Maxis Broadband Sdn Bhd,Kuala T'ganu MC-BM 2 - P2 (Postpaid),,206,,,CS SignHub,1 Online/Offline,IX25-0028,36,1/4/2025,1/4/2028,,,,,,,,,,,,,1/4/2028,677.00,NO,,,,,,,,,,,,,,
Maxis,Maxis Broadband Sdn Bhd,Kuala T'ganu MC-BM 3 - Demo TV,,207,,,CS SignHub,1 Online/Offline,IX25-0028,36,1/4/2025,1/4/2028,,,,,,,,,,,,,1/4/2028,677.00,NO,,,,,,,,,,,,,,
Maxis,Maxis Broadband Sdn Bhd,Kuala T'ganu MC-BM 4 - MIRA,,208,,,CS SignHub,1 Online/Offline,IX25-0028,36,1/4/2025,1/4/2028,,,,,,,,,,,,,1/4/2028,677.00,NO,,,,,,,,,,,,,,
Maxis,Maxis Broadband Sdn Bhd,Kuantan MC-BM 1 - SF,,142,,,CS SignHub,1 Online/Offline,IX25-0028,36,1/4/2025,1/4/2028,,,,,,,,,,,,,1/4/2028,677.00,NO,,,,,,,,,,,,,,
Maxis,Maxis Broadband Sdn Bhd,Kuantan MC-BM 2 - MIRA,,145,,,CS SignHub,1 Online/Offline,IX25-0028,36,1/4/2025,1/4/2028,,,,,,,,,,,,,1/4/2028,677.00,NO,,,,,,,,,,,,,,
Maxis,Maxis Broadband Sdn Bhd,Kuantan MC-BM 3 - P3 (Hotlink),,143,,,CS SignHub,1 Online/Offline,IX25-0028,36,1/4/2025,1/4/2028,,,,,,,,,,,,,1/4/2028,677.00,NO,,,,,,,,,,,,,,
Maxis,Maxis Broadband Sdn Bhd,Kuantan MC-BM 4 - P2 (LED),,144,,,CS SignHub,1 Online/Offline,IX25-0028,36,1/4/2025,1/4/2028,,,,,,,,,,,,,1/4/2028,677.00,NO,,,,,,,,,,,,,,
Gelumbang Jaya,Gelumbang Jaya ,Kuantan,4.3.0+build-auto,61,2,480x600,CS Play,1 Online/Offline,"IX77-23, QT74",13,23/11/2023,1/1/2025,QT273/IX25-9,11,1/1/2025,31/12/2025,IX25-352,11,1/1/2026,31/12/2026,,,,,31/12/2026,220.00,NO,jt+play@click-ix.com,#N/A,-empty-,,,CS Play (cityscreen.cloud),,,,,,,,
Gelumbang Jaya,Gelumbang Jaya ,Kuala Tggnu,4.3.0+build-auto,60,1,896x1152,CS Play,1 Online/Offline,"IX77-23, QT74",13,22/11/2023,1/1/2025,QT273/IX25-9,11,1/1/2025,31/12/2025,IX25-352,11,1/1/2026,31/12/2026,,,,,31/12/2026,220.00,NO,jt+play@click-ix.com,#N/A,-empty-,,,CS Play (cityscreen.cloud),,,,,,,,
Maxis,Maxis Broadband Sdn Bhd,Kuantan MC-BM 5 - Demo TV,,146,,,CS SignHub,1 Online/Offline,IX25-0028,36,1/4/2025,1/4/2028,,,,,,,,,,,,,1/4/2028,677.00,NO,,,,,,,,,,,,,,
Maxis,Maxis Broadband Sdn Bhd,Kubang Kerian MEP-BM,,587,,,CS SignHub,1 Online/Offline,IX25-0028,36,1/4/2025,1/4/2028,,,,,,,,,,,,,1/4/2028,677.00,NO,,,,,,,,,,,,,,
Maxis,Maxis Broadband Sdn Bhd,"Kubota, Tawau MEP-EN",,431,,,CS SignHub,1 Online/Offline,IX25-0028,36,1/4/2025,1/4/2028,,,,,,,,,,,,,1/4/2028,677.00,NO,,,,,,,,,,,,,,
Maxis,Maxis Broadband Sdn Bhd,Kuching MC-EN 1 - MIRA,,201,,,CS SignHub,1 Online/Offline,IX25-0028,36,1/4/2025,1/4/2028,,,,,,,,,,,,,1/4/2028,677.00,NO,,,,,,,,,,,,,,
Maxis,Maxis Broadband Sdn Bhd,Kuching MC-EN 2 - Demo TV,,202,,,CS SignHub,1 Online/Offline,IX25-0028,36,1/4/2025,1/4/2028,,,,,,,,,,,,,1/4/2028,677.00,NO,,,,,,,,,,,,,,
Maxis,Maxis Broadband Sdn Bhd,Kuching MC-EN 3 - P3 (Hotlink),,203,,,CS SignHub,1 Online/Offline,IX25-0028,36,1/4/2025,1/4/2028,,,,,,,,,,,,,1/4/2028,677.00,NO,,,,,,,,,,,,,,
Maxis,Maxis Broadband Sdn Bhd,Kuching MC-EN 4 - P2 (Fibre),,204,,,CS SignHub,1 Online/Offline,IX25-0028,36,1/4/2025,1/4/2028,,,,,,,,,,,,,1/4/2028,677.00,NO,,,,,,,,,,,,,,
Maxis,Maxis Broadband Sdn Bhd,Kulim Landmark Centre MEP-EN 1 - SF,,497,,,CS SignHub,1 Online/Offline,IX25-0028,36,1/4/2025,1/4/2028,,,,,,,,,,,,,1/4/2028,677.00,NO,,,,,,,,,,,,,,
Maxis,Maxis Broadband Sdn Bhd,Kulim Landmark Centre MEP-EN 2 - P3 (Fibre),,496,,,CS SignHub,1 Online/Offline,IX25-0028,36,1/4/2025,1/4/2028,,,,,,,,,,,,,1/4/2028,677.00,NO,,,,,,,,,,,,,,
Maxis,Maxis Broadband Sdn Bhd,Kulim Landmark Centre MEP-EN 3 - P2 (Postpaid),,495,,,CS SignHub,1 Online/Offline,IX25-0028,36,1/4/2025,1/4/2028,,,,,,,,,,,,,1/4/2028,677.00,NO,,,,,,,,,,,,,,
Maxis,Maxis Broadband Sdn Bhd,Kulim MEP-BM,,468,,,CS SignHub,1 Online/Offline,IX25-0028,36,1/4/2025,1/4/2028,,,,,,,,,,,,,1/4/2028,677.00,NO,,,,,,,,,,,,,,
KPJ2,Damansara Specialist Hospital,KPJ Ward,,,1,n/a,CS SignHub,1 Online/Offline,IX24-9,12,8/12/2023,8/12/2024,,,,,,,,,,,,,8/12/2024,-533.00,YES,sukhpal@kpjdamansara2.com,#N/A,-empty-,,,Wastah,,,,,,,,
Aeon Mall,Kesion Malaysia Sdn Bhd,KotaBharu_DS 4,4.5.0+build-auto,281,1,1080x1920,CS Play,1 Online/Offline,QT257,12,1/1/2025,1/1/2026,IX26-0137,12,1/1/2026,31/12/2026,,,,,,,,,31/12/2026,220.00,NO,naim@kesion.co.jp,K3s10njp,KEPL-0065,,,CS Play (cityscreen.cloud),,,,,,,,
Aeon Mall,Kesion Malaysia Sdn Bhd,KotaBharu_DS 3,4.3.0+build-auto,282,1,1080x1920,CS Play,1 Online/Offline,QT257,12,1/1/2025,1/1/2026,IX26-0137,12,1/1/2026,31/12/2026,,,,,,,,,31/12/2026,220.00,NO,naim@kesion.co.jp,K3s10njp,KEPL-0064,,,CS Play (cityscreen.cloud),,,,,,,,
Aeon Mall,Kesion Malaysia Sdn Bhd,KotaBharu_DS 2,4.5.0+build-auto,433,1,1080x1920,CS Play,1 Online/Offline,QT257,12,1/1/2025,1/1/2026,IX26-0137,12,1/1/2026,31/12/2026,,,,,,,,,31/12/2026,220.00,NO,naim@kesion.co.jp,K3s10njp,KEPL-0063,,,CS Play (cityscreen.cloud),,,,,,,,
Aeon Mall,Kesion Malaysia Sdn Bhd,KotaBharu_DS 1,4.3.0+build-auto,283,1,1080x1920,CS Play,1 Online/Offline,QT257,12,1/1/2025,1/1/2026,IX26-0137,12,1/1/2026,31/12/2026,,,,,,,,,31/12/2026,220.00,NO,naim@kesion.co.jp,K3s10njp,KEPL-0062,,,CS Play (cityscreen.cloud),,,,,,,,
Gelumbang Jaya,Abroad Multi-Network,Kota Bharu,4.3.0+build-auto,58,1,960x480,CS Play,1 Online/Offline,"IX79-23, QT97",13,22/11/2023,1/1/2025,IX25-0007,11,1/1/2025,31/12/2025,IX25-354,11,1/1/2026,31/12/2026,,,,,31/12/2026,220.00,NO,jt+play@click-ix.com,#N/A,-empty-,,,CS Play (cityscreen.cloud),,,,,,,,
Maxis,Maxis Broadband Sdn Bhd,Langkawi Int'l Airport MC-EN 1 - Left,,369,,,CS SignHub,1 Online/Offline,IX25-0028,36,1/4/2025,1/4/2028,,,,,,,,,,,,,1/4/2028,677.00,NO,,,,,,,,,,,,,,
Maxis,Maxis Broadband Sdn Bhd,Langkawi Int'l Airport MC-EN 2 - Mid,,371,,,CS SignHub,1 Online/Offline,IX25-0028,36,1/4/2025,1/4/2028,,,,,,,,,,,,,1/4/2028,677.00,NO,,,,,,,,,,,,,,
Maxis,Maxis Broadband Sdn Bhd,Langkawi Int'l Airport MC-EN 3 - Right,,370,,,CS SignHub,1 Online/Offline,IX25-0028,36,1/4/2025,1/4/2028,,,,,,,,,,,,,1/4/2028,677.00,NO,,,,,,,,,,,,,,
Maxis,Maxis Broadband Sdn Bhd,Langkawi MC-BM 1 - P1 (Hotlink),,357,,,CS SignHub,1 Online/Offline,IX25-0028,36,1/4/2025,1/4/2028,,,,,,,,,,,,,1/4/2028,677.00,NO,,,,,,,,,,,,,,
Maxis,Maxis Broadband Sdn Bhd,Langkawi MC-BM 2 - Demo TV,,358,,,CS SignHub,1 Online/Offline,IX25-0028,36,1/4/2025,1/4/2028,,,,,,,,,,,,,1/4/2028,677.00,NO,,,,,,,,,,,,,,
Maxis,Maxis Broadband Sdn Bhd,Langkawi MC-BM 3 - MIRA,,356,,,CS SignHub,1 Online/Offline,IX25-0028,36,1/4/2025,1/4/2028,,,,,,,,,,,,,1/4/2028,677.00,NO,,,,,,,,,,,,,,
Maxis,Maxis Broadband Sdn Bhd,Langkawi MEP-BM,,494,,,CS SignHub,1 Online/Offline,IX25-0028,36,1/4/2025,1/4/2028,,,,,,,,,,,,,1/4/2028,677.00,NO,,,,,,,,,,,,,,
Mitsubishi,Team Moxim Sdn Bhd,"KM LIm Motor, Kluang - SC 01",4.4.0+build-auto v.5.9.1,122,,1920x1080,CS SignHub,1 Online/Offline,IX25-0146,13,1/8/2025,1/9/2026,,,,,,Yes,,,,,,,1/9/2026,99.00,NO,,,,,,,,,,,,,,
Maxis,Maxis Broadband Sdn Bhd,Lintas MC-EN 1 - P3 (Hotlink),,329,,,CS SignHub,1 Online/Offline,IX25-0028,36,1/4/2025,1/4/2028,,,,,,,,,,,,,1/4/2028,677.00,NO,,,,,,,,,,,,,,
Maxis,Maxis Broadband Sdn Bhd,Lintas MC-EN 2 - P2 (Business),,331,,,CS SignHub,1 Online/Offline,IX25-0028,36,1/4/2025,1/4/2028,,,,,,,,,,,,,1/4/2028,677.00,NO,,,,,,,,,,,,,,
Maxis,Maxis Broadband Sdn Bhd,Lintas MC-EN 3 - P1 (Meeting Point),,330,,,CS SignHub,1 Online/Offline,IX25-0028,36,1/4/2025,1/4/2028,,,,,,,,,,,,,1/4/2028,677.00,NO,,,,,,,,,,,,,,
Maxis,Maxis Broadband Sdn Bhd,Lotus Ampang MEP-EN 1 - SF,,222,,,CS SignHub,1 Online/Offline,IX25-0028,36,1/4/2025,1/4/2028,,,,,,,,,,,,,1/4/2028,677.00,NO,,,,,,,,,,,,,,
Maxis,Maxis Broadband Sdn Bhd,Lotus Ampang MEP-EN 2 - Postpaid P2,,221,,,CS SignHub,1 Online/Offline,IX25-0028,36,1/4/2025,1/4/2028,,,,,,,,,,,,,1/4/2028,677.00,NO,,,,,,,,,,,,,,
Maxis,Maxis Broadband Sdn Bhd,Lotus Desa Tebrau MEP-BM 1 - P2 (Ceiling),,562,,,CS SignHub,1 Online/Offline,IX25-0028,36,1/4/2025,1/4/2028,,,,,,,,,,,,,1/4/2028,677.00,NO,,,,,,,,,,,,,,
Prowangsa,Axis Outdoor Solution Sdn Bhd,KLSeremban_GiantDesaPetaling,4.0.8+build-auto,194,1,720x1080,CS Play,1 Online/Offline,IX24-0054,12,1/9/2024,1/9/2025,IX25-347,12,1/1/2025,31/12/2026,,,,,,,,,31/12/2026,220.00,NO,siva@aosoutdoor.com,#N/A,CMP0075,,,CS Play (cityscreen.cloud),,,,,,,,
BTO,BIg Tree Outdoor,KLMKLSentralP2,4.3.0+build-auto v.5.8.0 MSI 5.7.0 17.1.0,143,1,1280x320,CS Play,1 Online/Offline,QT156 / IX24-19,12,10/6/2024,10/6/2025,QT423 / IX25-65,12,10/6/2025,10/6/2026,QT-000949,12,10/6/2026,9/6/2027,,,,,9/6/2027,380.00,NO,faezan.ajlan@bigtree.com.my,#N/A,CMP0041,,,CS Play (cityscreen.cloud),,,,,,,,
BTO,BIg Tree Outdoor,KLMKLSentralP1,4.3.0+build-auto v.5.8.0 MSI 5.7.0 17.1.0,142,1,1280x320,CS Play,1 Online/Offline,QT156 / IX24-19,12,10/6/2024,10/6/2025,QT423 / IX25-65,12,10/6/2025,10/6/2026,QT-000949,12,10/6/2026,9/6/2027,,,,,9/6/2027,380.00,NO,faezan.ajlan@bigtree.com.my,#N/A,CMP0040,,,CS Play (cityscreen.cloud),,,,,,,,
BTO,BIg Tree Outdoor,KLMImbiP2,4.3.0+build-auto v.5.8.0 MSI 5.7.0 17.1.0,141,1,1280x320,CS Play,1 Online/Offline,QT156 / IX24-19,12,10/6/2024,10/6/2025,QT423 / IX25-65,12,10/6/2025,10/6/2026,QT-000949,12,10/6/2026,9/6/2027,,,,,9/6/2027,380.00,NO,faezan.ajlan@bigtree.com.my,#N/A,CMP0039,,,CS Play (cityscreen.cloud),,,,,,,,
BTO,BIg Tree Outdoor,KLMImbiP1,4.3.0+build-auto v.5.8.0 MSI 5.7.0 17.1.0,140,1,1280x320,CS Play,1 Online/Offline,QT156 / IX24-19,12,10/6/2024,10/6/2025,QT423 / IX25-65,12,10/6/2025,10/6/2026,QT-000949,12,10/6/2026,9/6/2027,,,,,9/6/2027,380.00,NO,faezan.ajlan@bigtree.com.my,#N/A,CMP0038,,,CS Play (cityscreen.cloud),,,,,,,,
BTO,BIg Tree Outdoor,KLMHangTuahP2,4.3.0+build-auto v.5.8.0 MSI 5.7.0 17.1.0,139,1,1280x320,CS Play,1 Online/Offline,QT156 / IX24-19,12,10/6/2024,10/6/2025,QT423 / IX25-65,12,10/6/2025,10/6/2026,QT-000949,12,10/6/2026,9/6/2027,,,,,9/6/2027,380.00,NO,faezan.ajlan@bigtree.com.my,#N/A,CMP0037,,,CS Play (cityscreen.cloud),,,,,,,,
BTO,BIg Tree Outdoor,KLMHangTuahP1,4.3.0+build-auto v.5.8.0 MSI 5.7.0 17.1.0,138,1,1280x320,CS Play,1 Online/Offline,QT156 / IX24-19,12,10/6/2024,10/6/2025,QT423 / IX25-65,12,10/6/2025,10/6/2026,QT-000949,12,10/6/2026,9/6/2027,,,,,9/6/2027,380.00,NO,faezan.ajlan@bigtree.com.my,#N/A,CMP0036,,,CS Play (cityscreen.cloud),,,,,,,,
BTO,BIg Tree Outdoor,KLMBukitBintangP2,4.3.0+build-auto v.5.8.0 MSI 5.7.0 17.1.0,137,1,1280x320,CS Play,1 Online/Offline,QT156 / IX24-19,12,10/6/2024,10/6/2025,QT423 / IX25-65,12,10/6/2025,10/6/2026,QT-000949,12,10/6/2026,9/6/2027,,,,,9/6/2027,380.00,NO,faezan.ajlan@bigtree.com.my,#N/A,CMP0035,,,CS Play (cityscreen.cloud),,,,,,,,
BTO,BIg Tree Outdoor,KLMBukitBintangP1,4.3.0+build-auto v.5.8.0 MSI 5.7.0 17.1.0,136,1,1280x320,CS Play,1 Online/Offline,QT156 / IX24-19,12,10/6/2024,10/6/2025,QT423 / IX25-65,12,10/6/2025,10/6/2026,QT-000949,12,10/6/2026,9/6/2027,,,,,9/6/2027,380.00,NO,faezan.ajlan@bigtree.com.my,#N/A,CMP0034,,,CS Play (cityscreen.cloud),,,,,,,,
Maxis,Maxis Broadband Sdn Bhd,Lotus Desa Tebrau MEP-BM 2 - SF,,563,,,CS SignHub,1 Online/Offline,IX25-0028,36,1/4/2025,1/4/2028,,,,,,,,,,,,,1/4/2028,677.00,NO,,,,,,,,,,,,,,
Maxis,Maxis Broadband Sdn Bhd,"Lotus Egate, PEN MEP-BM",,471,,,CS SignHub,1 Online/Offline,IX25-0028,36,1/4/2025,1/4/2028,,,,,,,,,,,,,1/4/2028,677.00,NO,,,,,,,,,,,,,,
Maxis,Maxis Broadband Sdn Bhd,Lotus Extra Puchong MEP-EN - P1 (Postpaid),,242,,,CS SignHub,1 Online/Offline,IX25-0028,36,1/4/2025,1/4/2028,,,,,,,,,,,,,1/4/2028,677.00,NO,,,,,,,,,,,,,,
Maxis,Maxis Broadband Sdn Bhd,Lotus Indera Mahkota MEP-BM 1 - P1 (Postpaid),,589,,,CS SignHub,1 Online/Offline,IX25-0028,36,1/4/2025,1/4/2028,,,,,,,,,,,,,1/4/2028,677.00,NO,,,,,,,,,,,,,,
Maxis,Maxis Broadband Sdn Bhd,Lotus Indera Mahkota MEP-BM 2 - Demo TV,,590,,,CS SignHub,1 Online/Offline,IX25-0028,36,1/4/2025,1/4/2028,,,,,,,,,,,,,1/4/2028,677.00,NO,,,,,,,,,,,,,,
KLIATV,Rimbun Hybrid TV Sdn Bhd,KLIA_TestScreen2,#N/A,#N/A,,#N/A,CS Play,6 Not Tracked,,11,1/7/2025,30/6/2026,,,,,,,,,,,,,30/6/2026,36.00,NO,cms@klia-tv.com.my,,,,,,,,,,,,,
KLIATV,Rimbun Hybrid TV Sdn Bhd,KLIA_TestScreen,#N/A,#N/A,,#N/A,CS Play,6 Not Tracked,,11,1/7/2025,30/6/2026,,,,,,,,,,,,,30/6/2026,36.00,NO,cms@klia-tv.com.my,,,,,,,,,,,,,
Eyeball Channel,Eyeball Channel Sdn Bhd,KLIA KM10.2Expressway,V5.8.0 qt4.3.0,385,`744/745,3360x1620,CS Play,1 Online/Offline,SO-198/ IX25-0017,1,1/3/2025,1/3/2026,,,,,,,,,,,,,1/3/2026,-85.00,YES,limjuneu@mediapertiwi.com,3y3b@ll,,Follow Up with Lexus,,,,,,,,,,
CIX,Click IX Sdn Bhd,KLIA Demo,,42,,728x1152,CS Play,6 Not Tracked,n/a,0,22/1/2025,22/1/2025,,,,,,,,,,,,,22/1/2025,-488.00,NO,jt+demo@click-ix.com,,,,,,,,,,,,,
Maxis,Maxis Broadband Sdn Bhd,Lotus Ipoh 2 MEP-EN 1 - P3 (Hotlink),,504,,,CS SignHub,1 Online/Offline,IX25-0028,36,1/4/2025,1/4/2028,,,,,,,,,,,,,1/4/2028,677.00,NO,,,,,,,,,,,,,,
BTO,BIg Tree Outdoor,KLCCParkingP4SB,4.0.8+build-auto v.5.5.0 MSI 5.5.0 14.2.0,152,2,1280x224,CS Play,1 Online/Offline,QT156 / IX24-19,12,10/6/2024,10/6/2025,QT423 / IX25-65,12,10/6/2025,10/6/2026,QT-000949,12,10/6/2026,9/6/2027,,,,,9/6/2027,380.00,NO,faezan.ajlan@bigtree.com.my,#N/A,CMP0050,,,CS Play (cityscreen.cloud),,,,,,,,
BTO,BIg Tree Outdoor,KLCCParkingP4NB,4.0.8+build-auto v.5.5.0 MSI 5.5.0 14.2.0,149,2,1280x224,CS Play,1 Online/Offline,QT156 / IX24-19,12,10/6/2024,10/6/2025,QT423 / IX25-65,12,10/6/2025,10/6/2026,QT-000949,12,10/6/2026,9/6/2027,,,,,9/6/2027,380.00,NO,faezan.ajlan@bigtree.com.my,#N/A,CMP0047,,,CS Play (cityscreen.cloud),,,,,,,,
BTO,BIg Tree Outdoor,KLCCParkingP3SB,4.0.8+build-auto v.5.5.0 MSI 5.5.0 14.2.0,151,2,1280x224,CS Play,1 Online/Offline,QT156 / IX24-19,12,10/6/2024,10/6/2025,QT423 / IX25-65,12,10/6/2025,10/6/2026,QT-000949,12,10/6/2026,9/6/2027,,,,,9/6/2027,380.00,NO,faezan.ajlan@bigtree.com.my,#N/A,CMP0049,,,CS Play (cityscreen.cloud),,,,,,,,
BTO,BIg Tree Outdoor,KLCCParkingP3NB,4.0.8+build-auto v.5.5.0 MSI 5.5.0 14.2.0,148,2,1280x224,CS Play,1 Online/Offline,QT156 / IX24-19,12,10/6/2024,10/6/2025,QT423 / IX25-65,12,10/6/2025,10/6/2026,QT-000949,12,10/6/2026,9/6/2027,,,,,9/6/2027,380.00,NO,faezan.ajlan@bigtree.com.my,#N/A,CMP0046,,,CS Play (cityscreen.cloud),,,,,,,,
BTO,BIg Tree Outdoor,KLCCParkingP2NB,4.0.8+build-auto v.5.5.0 MSI 5.5.0 14.2.0,147,2,1280x224,CS Play,1 Online/Offline,QT156 / IX24-19,12,10/6/2024,10/6/2025,QT423 / IX25-65,12,10/6/2025,10/6/2026,QT-000949,12,10/6/2026,9/6/2027,,,,,9/6/2027,380.00,NO,faezan.ajlan@bigtree.com.my,#N/A,CMP0045,,,CS Play (cityscreen.cloud),,,,,,,,
BTO,BIg Tree Outdoor,KLCCParkingP1SB,4.0.8+build-auto v.5.5.0 MSI 5.5.0 14.2.0,150,2,1280x224,CS Play,1 Online/Offline,QT156 / IX24-19,12,10/6/2024,10/6/2025,QT423 / IX25-65,12,10/6/2025,10/6/2026,QT-000949,12,10/6/2026,9/6/2027,,,,,9/6/2027,380.00,NO,faezan.ajlan@bigtree.com.my,#N/A,CMP0048,,,CS Play (cityscreen.cloud),,,,,,,,
BTO,BIg Tree Outdoor,KLCCParkingP1NB,4.0.8+build-auto v.5.5.0 MSI 5.5.0 14.2.0,146,2,1280x224,CS Play,1 Online/Offline,QT156 / IX24-19,12,10/6/2024,10/6/2025,QT423 / IX25-65,12,10/6/2025,10/6/2026,QT-000949,12,10/6/2026,9/6/2027,,,,,9/6/2027,380.00,NO,faezan.ajlan@bigtree.com.my,#N/A,CMP0044,,,CS Play (cityscreen.cloud),,,,,,,,
Maxis,Maxis Broadband Sdn Bhd,Lotus Ipoh 2 MEP-EN 2 - P1 (Zerolution),,503,,,CS SignHub,1 Online/Offline,IX25-0028,36,1/4/2025,1/4/2028,,,,,,,,,,,,,1/4/2028,677.00,NO,,,,,,,,,,,,,,
Maxis,Maxis Broadband Sdn Bhd,Lotus Ipoh 2 MEP-EN 3 - P2 (Postpaid),,505,,,CS SignHub,1 Online/Offline,IX25-0028,36,1/4/2025,1/4/2028,,,,,,,,,,,,,1/4/2028,677.00,NO,,,,,,,,,,,,,,
Maxis,Maxis Broadband Sdn Bhd,Lotus Jitra MEP-BM P1,,463,,1920x1089,CS SignHub,1 Online/Offline,IX25-0088,36,6/6/2025,6/6/2028,,,,,,,,,,,,,6/6/2028,743.00,NO,,,,,,,,,,,,,,
Maxis,Maxis Broadband Sdn Bhd,Lotus K. Selangor MEP-BM,,239,,,CS SignHub,1 Online/Offline,IX25-0028,36,1/4/2025,1/4/2028,,,,,,,,,,,,,1/4/2028,677.00,NO,,,,,,,,,,,,,,
Maxis,Maxis Broadband Sdn Bhd,Lotus Kampar MEP-EN,,443,,,CS SignHub,1 Online/Offline,IX25-0028,36,1/4/2025,1/4/2028,,,,,,,,,,,,,1/4/2028,677.00,NO,,,,,,,,,,,,,,
Maxis,Maxis Broadband Sdn Bhd,Lotus Kepong Village Mall MEP-EN 1 - Postpaid,,276,,,CS SignHub,1 Online/Offline,IX25-0028,36,1/4/2025,1/4/2028,,,,,,,,,,,,,1/4/2028,677.00,NO,,,,,,,,,,,,,,
Maxis,Maxis Broadband Sdn Bhd,Lotus Kepong Village Mall MEP-EN 2 - Hotlink,,275,,,CS SignHub,1 Online/Offline,IX25-0028,36,1/4/2025,1/4/2028,,,,,,,,,,,,,1/4/2028,677.00,NO,,,,,,,,,,,,,,
Maxis,Maxis Broadband Sdn Bhd,Lotus Kepong Village Mall MEP-EN 3 - SF,,277,,,CS SignHub,1 Online/Offline,IX25-0028,36,1/4/2025,1/4/2028,,,,,,,,,,,,,1/4/2028,677.00,NO,,,,,,,,,,,,,,
Gelumbang Jaya,Twintech / Gelumbang Jaya ,KL Seremban,4.6.0+build-auto,200,1,760x1140,CS Play,1 Online/Offline,IX25/009,4,1/8/2024,31/12/2024,IX25-352,11,1/1/2026,31/12/2026,IX25-352,11,1/1/2026,31/12/2026,,,,,31/12/2026,220.00,NO,,,,,,CS Play (cityscreen.cloud),,,,,,,,
Maxis,Maxis Broadband Sdn Bhd,Lotus Kulai MEP-EN 1,,548,,,CS SignHub,1 Online/Offline,IX25-0028,36,1/4/2025,1/4/2028,,,,,,,,,,,,,1/4/2028,677.00,NO,,,,,,,,,,,,,,
KLIATV,Rimbun Hybrid TV Sdn Bhd,KKIATV050_DomBaggage,0.0.75,356,762,1920x1080,CS Play,1 Online/Offline,IX25-0022,11,1/7/2025,30/6/2026,,,,,,,,,,,,,30/6/2026,36.00,YES,cms@klia-tv.com.my,,,,,,,,,,,,,
KLIATV,Rimbun Hybrid TV Sdn Bhd,KKIATV049_DomBaggage,0.0.75,332,702,1920x1080,CS Play,1 Online/Offline,IX25-0022,11,1/7/2025,30/6/2026,,,,,,,,,,,,,30/6/2026,36.00,YES,cms@klia-tv.com.my,,,,,,,,,,,,,
KLIATV,Rimbun Hybrid TV Sdn Bhd,KKIATV048_DomBaggage,0.0.75,326,678,1920x1080,CS Play,1 Online/Offline,IX25-0022,11,1/7/2025,30/6/2026,,,,,,,,,,,,,30/6/2026,36.00,YES,cms@klia-tv.com.my,,,,,,,,,,,,,
KLIATV,Rimbun Hybrid TV Sdn Bhd,KKIATV047_DomBaggage,0.0.75,357,672,1920x1080,CS Play,1 Online/Offline,IX25-0022,11,1/7/2025,30/6/2026,,,,,,,,,,,,,30/6/2026,36.00,YES,cms@klia-tv.com.my,,,,,,,,,,,,,
KLIATV,Rimbun Hybrid TV Sdn Bhd,KKIATV046_DomBaggage,0.0.75,335,703,1920x1080,CS Play,1 Online/Offline,IX25-0022,11,1/7/2025,30/6/2026,,,,,,,,,,,,,30/6/2026,36.00,YES,cms@klia-tv.com.my,,,,,,,,,,,,,
KLIATV,Rimbun Hybrid TV Sdn Bhd,KKIATV045_DomBaggage,0.0.75,348,681,1920x1080,CS Play,1 Online/Offline,IX25-0022,11,1/7/2025,30/6/2026,,,,,,,,,,,,,30/6/2026,36.00,YES,cms@klia-tv.com.my,,,,,,,,,,,,,
KLIATV,Rimbun Hybrid TV Sdn Bhd,KKIATV044_IntBaggage,0.0.75,353,694,1920x1080,CS Play,1 Online/Offline,IX25-0022,11,1/7/2025,30/6/2026,,,,,,,,,,,,,30/6/2026,36.00,YES,cms@klia-tv.com.my,,,,,,,,,,,,,
KLIATV,Rimbun Hybrid TV Sdn Bhd,KKIATV043_IntBaggage,0.0.75,336,699,1920x1080,CS Play,1 Online/Offline,IX25-0022,11,1/7/2025,30/6/2026,,,,,,,,,,,,,30/6/2026,36.00,YES,cms@klia-tv.com.my,,,,,,,,,,,,,
KLIATV,Rimbun Hybrid TV Sdn Bhd,KKIATV042_IntBaggage,0.0.75,327,682,1920x1080,CS Play,1 Online/Offline,IX25-0022,11,1/7/2025,30/6/2026,,,,,,,,,,,,,30/6/2026,36.00,YES,cms@klia-tv.com.my,,,,,,,,,,,,,
KLIATV,Rimbun Hybrid TV Sdn Bhd,KKIATV041_IntBaggage,0.0.75,339,673,1920x1080,CS Play,1 Online/Offline,IX25-0022,11,1/7/2025,30/6/2026,,,,,,,,,,,,,30/6/2026,36.00,YES,cms@klia-tv.com.my,,,,,,,,,,,,,
KLIATV,Rimbun Hybrid TV Sdn Bhd,KKIATV040_DomBoardingGateA9,0.0.79,350,685,1920x1080,CS Play,1 Online/Offline,IX25-0022,11,1/7/2025,30/6/2026,,,,,,,,,,,,,30/6/2026,36.00,YES,cms@klia-tv.com.my,,,,,,,,,,,,,
KLIATV,Rimbun Hybrid TV Sdn Bhd,KKIATV039_DomBoardingGateA8,0.0.75,344,696,1920x1080,CS Play,1 Online/Offline,IX25-0022,11,1/7/2025,30/6/2026,,,,,,,,,,,,,30/6/2026,36.00,YES,cms@klia-tv.com.my,,,,,,,,,,,,,
KLIATV,Rimbun Hybrid TV Sdn Bhd,KKIATV038_DomBoardingGateA7,0.0.75,351,690,1920x1080,CS Play,1 Online/Offline,IX25-0022,11,1/7/2025,30/6/2026,,,,,,,,,,,,,30/6/2026,36.00,YES,cms@klia-tv.com.my,,,,,,,,,,,,,
KLIATV,Rimbun Hybrid TV Sdn Bhd,KKIATV037_DomBoardingGateA10,0.0.75,342,697,1920x1080,CS Play,1 Online/Offline,IX25-0022,11,1/7/2025,30/6/2026,,,,,,,,,,,,,30/6/2026,36.00,YES,cms@klia-tv.com.my,,,,,,,,,,,,,
KLIATV,Rimbun Hybrid TV Sdn Bhd,KKIATV036_DomBoardingGateA10,0.0.75,328,688,1920x1080,CS Play,1 Online/Offline,IX25-0022,11,1/7/2025,30/6/2026,,,,,,,,,,,,,30/6/2026,36.00,YES,cms@klia-tv.com.my,,,,,,,,,,,,,
KLIATV,Rimbun Hybrid TV Sdn Bhd,KKIATV035_DomBoardingGateA9,0.0.75,331,674,1920x1080,CS Play,1 Online/Offline,IX25-0022,11,1/7/2025,30/6/2026,,,,,,,,,,,,,30/6/2026,36.00,YES,cms@klia-tv.com.my,,,,,,,,,,,,,
KLIATV,Rimbun Hybrid TV Sdn Bhd,KKIATV034_DomBoardingGateA8,0.0.75,325,671,1920x1080,CS Play,1 Online/Offline,IX25-0022,11,1/7/2025,30/6/2026,,,,,,,,,,,,,30/6/2026,36.00,YES,cms@klia-tv.com.my,,,,,,,,,,,,,
KLIATV,Rimbun Hybrid TV Sdn Bhd,KKIATV033_DomBoardingGateA7,0.0.75,330,676,1920x1080,CS Play,1 Online/Offline,IX25-0022,11,1/7/2025,30/6/2026,,,,,,,,,,,,,30/6/2026,36.00,YES,cms@klia-tv.com.my,,,,,,,,,,,,,
KLIATV,Rimbun Hybrid TV Sdn Bhd,KKIATV032_Int/DomBoardingGateA6,0.0.75,347,693,1920x1080,CS Play,1 Online/Offline,IX25-0022,11,1/7/2025,30/6/2026,,,,,,,,,,,,,30/6/2026,36.00,YES,cms@klia-tv.com.my,,,,,,,,,,,,,
KLIATV,Rimbun Hybrid TV Sdn Bhd,KKIATV031_Int/DomBoardingGateA6,0.0.75,329,675,1920x1080,CS Play,1 Online/Offline,IX25-0022,11,1/7/2025,30/6/2026,,,,,,,,,,,,,30/6/2026,36.00,YES,cms@klia-tv.com.my,,,,,,,,,,,,,
KLIATV,Rimbun Hybrid TV Sdn Bhd,KKIATV030_Int/DomBoardingGateA6,0.0.75,354,700,1920x1080,CS Play,1 Online/Offline,IX25-0022,11,1/7/2025,30/6/2026,,,,,,,,,,,,,30/6/2026,36.00,YES,cms@klia-tv.com.my,,,,,,,,,,,,,
KLIATV,Rimbun Hybrid TV Sdn Bhd,KKIATV029_Int/DomBoardingGateA5,0.0.75,343,689,1920x1080,CS Play,1 Online/Offline,IX25-0022,11,1/7/2025,30/6/2026,,,,,,,,,,,,,30/6/2026,36.00,YES,cms@klia-tv.com.my,,,,,,,,,,,,,
KLIATV,Rimbun Hybrid TV Sdn Bhd,KKIATV028_Int/DomBoardingGateA5,0.0.75,346,692,1920x1080,CS Play,1 Online/Offline,IX25-0022,11,1/7/2025,30/6/2026,,,,,,,,,,,,,30/6/2026,36.00,YES,cms@klia-tv.com.my,,,,,,,,,,,,,
KLIATV,Rimbun Hybrid TV Sdn Bhd,KKIATV027_Int/DomBoardingGateA5,0.0.75,345,691,1920x1080,CS Play,1 Online/Offline,IX25-0022,11,1/7/2025,30/6/2026,,,,,,,,,,,,,30/6/2026,36.00,YES,cms@klia-tv.com.my,,,,,,,,,,,,,
KLIATV,Rimbun Hybrid TV Sdn Bhd,KKIATV026_Int/DomBoardingGateA4,0.0.75,355,701,1920x1080,CS Play,1 Online/Offline,IX25-0022,11,1/7/2025,30/6/2026,,,,,,,,,,,,,30/6/2026,36.00,YES,cms@klia-tv.com.my,,,,,,,,,,,,,
KLIATV,Rimbun Hybrid TV Sdn Bhd,KKIATV025_Int/DomBoardingGateA4,0.0.75,340,686,1920x1080,CS Play,1 Online/Offline,IX25-0022,11,1/7/2025,30/6/2026,,,,,,,,,,,,,30/6/2026,36.00,YES,cms@klia-tv.com.my,,,,,,,,,,,,,
KLIATV,Rimbun Hybrid TV Sdn Bhd,KKIATV024_Int/DomBoardingGateA4,0.0.75,334,680,1920x1080,CS Play,1 Online/Offline,IX25-0022,11,1/7/2025,30/6/2026,,,,,,,,,,,,,30/6/2026,36.00,YES,cms@klia-tv.com.my,,,,,,,,,,,,,
KLIATV,Rimbun Hybrid TV Sdn Bhd,KKIATV023_Int/DomBoardingGateA3,0.0.75,352,698,1920x1080,CS Play,1 Online/Offline,IX25-0022,11,1/7/2025,30/6/2026,,,,,,,,,,,,,30/6/2026,36.00,YES,cms@klia-tv.com.my,,,,,,,,,,,,,
KLIATV,Rimbun Hybrid TV Sdn Bhd,KKIATV022_Int/DomBoardingGateA3,0.0.75,341,687,1920x1080,CS Play,1 Online/Offline,IX25-0022,11,1/7/2025,30/6/2026,,,,,,,,,,,,,30/6/2026,36.00,YES,cms@klia-tv.com.my,,,,,,,,,,,,,
KLIATV,Rimbun Hybrid TV Sdn Bhd,KKIATV021_Int/DomBoardingGateA3,0.0.75,349,695,1920x1080,CS Play,1 Online/Offline,IX25-0022,11,1/7/2025,30/6/2026,,,,,,,,,,,,,30/6/2026,36.00,YES,cms@klia-tv.com.my,,,,,,,,,,,,,
KLIATV,Rimbun Hybrid TV Sdn Bhd,KKIATV020_Int/DomBoardingGateA2,0.0.75,337,683,1920x1080,CS Play,1 Online/Offline,IX25-0022,11,1/7/2025,30/6/2026,,,,,,,,,,,,,30/6/2026,36.00,YES,cms@klia-tv.com.my,,,,,,,,,,,,,
KLIATV,Rimbun Hybrid TV Sdn Bhd,KKIATV019_Int/DomBoardingGateA2,0.0.75,338,684,1920x1080,CS Play,1 Online/Offline,IX25-0022,11,1/7/2025,30/6/2026,,,,,,,,,,,,,30/6/2026,36.00,YES,cms@klia-tv.com.my,,,,,,,,,,,,,
KLIATV,Rimbun Hybrid TV Sdn Bhd,KKIATV018_Int/DomBoardingGateA2,0.0.75,333,679,1920x1080,CS Play,1 Online/Offline,IX25-0022,11,1/7/2025,30/6/2026,,,,,,,,,,,,,30/6/2026,36.00,YES,cms@klia-tv.com.my,,,,,,,,,,,,,
KLIATV,Rimbun Hybrid TV Sdn Bhd,KKIATV017_VIP,0.0.75,361,707,1920x1080,CS Play,1 Online/Offline,IX25-0022,11,1/7/2025,30/6/2026,,,,,,,,,,,,,30/6/2026,36.00,YES,cms@klia-tv.com.my,,,,,,,,,,,,,
KLIATV,Rimbun Hybrid TV Sdn Bhd,KKIATV016_VIP,0.0.75,363,709,1920x1080,CS Play,1 Online/Offline,IX25-0022,11,1/7/2025,30/6/2026,,,,,,,,,,,,,30/6/2026,36.00,YES,cms@klia-tv.com.my,,,,,,,,,,,,,
KLIATV,Rimbun Hybrid TV Sdn Bhd,KKIATV015_VIP,0.0.75,360,706,1920x1080,CS Play,1 Online/Offline,IX25-0022,11,1/7/2025,30/6/2026,,,,,,,,,,,,,30/6/2026,36.00,YES,cms@klia-tv.com.my,,,,,,,,,,,,,
KLIATV,Rimbun Hybrid TV Sdn Bhd,KKIATV014_VIP,0.0.75,362,708,1920x1080,CS Play,1 Online/Offline,IX25-0022,11,1/7/2025,30/6/2026,,,,,,,,,,,,,30/6/2026,36.00,YES,cms@klia-tv.com.my,,,,,,,,,,,,,
KLIATV,Rimbun Hybrid TV Sdn Bhd,KKIATV013_Arrival,0.0.75,358,704,1920x1080,CS Play,1 Online/Offline,IX25-0022,11,1/7/2025,30/6/2026,,,,,,,,,,,,,30/6/2026,36.00,YES,cms@klia-tv.com.my,,,,,,,,,,,,,
KLIATV,Rimbun Hybrid TV Sdn Bhd,KKIATV012_Arrival,0.0.75,359,705,1920x1080,CS Play,1 Online/Offline,IX25-0022,11,1/7/2025,30/6/2026,,,,,,,,,,,,,30/6/2026,36.00,YES,cms@klia-tv.com.my,,,,,,,,,,,,,
KLIATV,Rimbun Hybrid TV Sdn Bhd,KKIATV011_Departure,0.0.79,273,619,1920x1080,CS Play,1 Online/Offline,IX25-0022,11,1/7/2025,30/6/2026,,,,,,,,,,,,,30/6/2026,36.00,YES,cms@klia-tv.com.my,,,,,,,,,,,,,
KLIATV,Rimbun Hybrid TV Sdn Bhd,KKIATV010_Departure,0.0.79,269,615,1920x1080,CS Play,1 Online/Offline,IX25-0022,11,1/7/2025,30/6/2026,,,,,,,,,,,,,30/6/2026,36.00,YES,cms@klia-tv.com.my,,,,,,,,,,,,,
KLIATV,Rimbun Hybrid TV Sdn Bhd,KKIATV009_Departure,0.0.79,274,620,1920x1080,CS Play,1 Online/Offline,IX25-0022,11,1/7/2025,30/6/2026,,,,,,,,,,,,,30/6/2026,36.00,YES,cms@klia-tv.com.my,,,,,,,,,,,,,
KLIATV,Rimbun Hybrid TV Sdn Bhd,KKIATV008_Departure,0.0.79,265,611,1920x1080,CS Play,1 Online/Offline,IX25-0022,11,1/7/2025,30/6/2026,,,,,,,,,,,,,30/6/2026,36.00,YES,cms@klia-tv.com.my,,,,,,,,,,,,,
KLIATV,Rimbun Hybrid TV Sdn Bhd,KKIATV007_Departure,0.0.79,268,614,1920x1080,CS Play,1 Online/Offline,IX25-0022,11,1/7/2025,30/6/2026,,,,,,,,,,,,,30/6/2026,36.00,YES,cms@klia-tv.com.my,,,,,,,,,,,,,
KLIATV,Rimbun Hybrid TV Sdn Bhd,KKIATV006_Departure,0.0.79,267,613,1920x1080,CS Play,1 Online/Offline,IX25-0022,11,1/7/2025,30/6/2026,,,,,,,,,,,,,30/6/2026,36.00,YES,cms@klia-tv.com.my,,,,,,,,,,,,,
KLIATV,Rimbun Hybrid TV Sdn Bhd,KKIATV005_Departure,0.0.79,272,,1920x1080,CS Play,1 Online/Offline,IX25-0022,11,1/7/2025,30/6/2026,,,,,,,,,,,,,30/6/2026,36.00,YES,cms@klia-tv.com.my,,,,,,,,,,,,,
KLIATV,Rimbun Hybrid TV Sdn Bhd,KKIATV004_Departure,0.0.79,275,618,1920x1080,CS Play,1 Online/Offline,IX25-0022,11,1/7/2025,30/6/2026,,,,,,,,,,,,,30/6/2026,36.00,YES,cms@klia-tv.com.my,,,,,,,,,,,,,
KLIATV,Rimbun Hybrid TV Sdn Bhd,KKIATV003_Departure,0.0.79,271,621,1920x1080,CS Play,1 Online/Offline,IX25-0022,11,1/7/2025,30/6/2026,,,,,,,,,,,,,30/6/2026,36.00,YES,cms@klia-tv.com.my,,,,,,,,,,,,,
KLIATV,Rimbun Hybrid TV Sdn Bhd,KKIATV002_Departure,0.0.79,266,617,1920x1080,CS Play,1 Online/Offline,IX25-0022,11,1/7/2025,30/6/2026,,,,,,,,,,,,,30/6/2026,36.00,YES,cms@klia-tv.com.my,,,,,,,,,,,,,
KLIATV,Rimbun Hybrid TV Sdn Bhd,KKIATV001_Departure,0.0.79,270,612,1920x1080,CS Play,1 Online/Offline,IX25-0022,11,1/7/2025,30/6/2026,,,,,,,,,,,,,30/6/2026,36.00,YES,cms@klia-tv.com.my,,,,,,,,,,,,,
Aeon Mall,Kesion Malaysia Sdn Bhd,KintaCity_DS 3,4.3.0+build-auto,264,1,1080x1920,CS Play,1 Online/Offline,QT257,12,1/1/2025,1/1/2026,IX26-0137,12,1/1/2026,31/12/2026,,,,,,,,,31/12/2026,220.00,NO,naim@kesion.co.jp,K3s10njp,KEPL-0061,,,CS Play (cityscreen.cloud),,,,,,,,
Aeon Mall,Kesion Malaysia Sdn Bhd,KintaCity_DS 2,4.5.0+build-auto,291,1,1080x1920,CS Play,1 Online/Offline,QT257,12,1/1/2025,1/1/2026,IX26-0137,12,1/1/2026,31/12/2026,,,,,,,,,31/12/2026,220.00,NO,naim@kesion.co.jp,K3s10njp,KEPL-0060,,,CS Play (cityscreen.cloud),,,,,,,,
Aeon Mall,Kesion Malaysia Sdn Bhd,KintaCity_DS 1,4.5.0+build-auto,289,1,1080x1920,CS Play,1 Online/Offline,QT257,12,1/1/2025,1/1/2026,IX26-0137,12,1/1/2026,31/12/2026,,,,,,,,,31/12/2026,220.00,NO,naim@kesion.co.jp,K3s10njp,KEPL-0059,,,CS Play (cityscreen.cloud),,,,,,,,
Maxis,Maxis Broadband Sdn Bhd,Lotus Kulai MEP-EN 2,,547,,,CS SignHub,1 Online/Offline,IX25-0028,36,1/4/2025,1/4/2028,,,,,,,,,,,,,1/4/2028,677.00,NO,,,,,,,,,,,,,,
Prowangsa,Axis Outdoor Solution Sdn Bhd,KGPA_SprintHighway,4.0.8+build-auto,193,1,640x900,CS Play,1 Online/Offline,IX24-0054,12,1/9/2024,1/9/2025,IX25-347,12,1/1/2025,31/12/2026,,,,,,,,,31/12/2026,220.00,NO,siva@aosoutdoor.com,#N/A,CMP0074,,,CS Play (cityscreen.cloud),,,,,,,,
WOW Media,IB Mentari,Kesas_KM41.9,4.3.0+build-auto,365,712,720x1140,CS Play,1 Online/Offline,IX25-30,12,19/3/2025,31/3/2026,IX26-0167,12,19/3/2026,31/3/2027,,,,,,,,,31/3/2027,310.00,NO,,,,,,,,,,,,,,
Maxis,Maxis Broadband Sdn Bhd,Lotus Melaka MEP-BM,,519,,,CS SignHub,1 Online/Offline,IX25-0028,36,1/4/2025,1/4/2028,,,,,,,,,,,,,1/4/2028,677.00,NO,,,,,,,,,,,,,,
OOH,Out of Home Media Sdn Bhd,Kepong,4.3.0+build-auto - v.5.8.0 MSI 5.7.0,373,,,CS Play,1 Online/Offline,QT-318,9,1/3/2025,31/12/2025,IX25-16,12,1/3/2025,1/12/2025,IX25-348,12,1/1/2026,1/12/2026,,,,,1/12/2026,190.00,NO,,,OOH8,,,,,,,,,,,
Maxis,Maxis Broadband Sdn Bhd,Lotus Parit Raja MEP-BM 1 - SF,,530,,,CS SignHub,1 Online/Offline,IX25-0028,36,1/4/2025,1/4/2028,,,,,,,,,,,,,1/4/2028,677.00,NO,,,,,,,,,,,,,,
Maxis,Maxis Broadband Sdn Bhd,Lotus Parit Raja MEP-BM 2 - P2 (Postpaid),,531,,,CS SignHub,1 Online/Offline,IX25-0028,36,1/4/2025,1/4/2028,,,,,,,,,,,,,1/4/2028,677.00,NO,,,,,,,,,,,,,,
KLIATV,Rimbun Hybrid TV Sdn Bhd,KCHTV035_IntlBaggage,0.0.75,257,616,1920x1080,CS Play,1 Online/Offline,IX25-0022,11,1/7/2025,30/6/2026,,,,,,,,,,,,,30/6/2026,36.00,YES,cms@klia-tv.com.my,,,,,,,,,,,,,
KLIATV,Rimbun Hybrid TV Sdn Bhd,KCHTV034_IntlBaggage,0.0.75,250,602,1920x1080,CS Play,1 Online/Offline,IX25-0022,11,1/7/2025,30/6/2026,,,,,,,,,,,,,30/6/2026,36.00,YES,cms@klia-tv.com.my,,,,,,,,,,,,,
KLIATV,Rimbun Hybrid TV Sdn Bhd,KCHTV033_DomBaggage,0.0.75,246,595,1920x1080,CS Play,1 Online/Offline,IX25-0022,11,1/7/2025,30/6/2026,,,,,,,,,,,,,30/6/2026,36.00,YES,cms@klia-tv.com.my,,,,,,,,,,,,,
KLIATV,Rimbun Hybrid TV Sdn Bhd,KCHTV032_FoodCourt,0.0.75,238,583,1920x1080,CS Play,1 Online/Offline,IX25-0022,11,1/7/2025,30/6/2026,,,,,,,,,,,,,30/6/2026,36.00,YES,cms@klia-tv.com.my,,,,,,,,,,,,,
KLIATV,Rimbun Hybrid TV Sdn Bhd,KCHTV031_FoodCourt,0.0.75,255,600,1920x1080,CS Play,1 Online/Offline,IX25-0022,11,1/7/2025,30/6/2026,,,,,,,,,,,,,30/6/2026,36.00,YES,cms@klia-tv.com.my,,,,,,,,,,,,,
KLIATV,Rimbun Hybrid TV Sdn Bhd,KCHTV030_FoodCourt,0.0.75,231,576,1920x1080,CS Play,1 Online/Offline,IX25-0022,11,1/7/2025,30/6/2026,,,,,,,,,,,,,30/6/2026,36.00,YES,cms@klia-tv.com.my,,,,,,,,,,,,,
KLIATV,Rimbun Hybrid TV Sdn Bhd,KCHTV029_FoodCourt,0.0.75,240,585,1920x1080,CS Play,1 Online/Offline,IX25-0022,11,1/7/2025,30/6/2026,,,,,,,,,,,,,30/6/2026,36.00,YES,cms@klia-tv.com.my,,,,,,,,,,,,,
KLIATV,Rimbun Hybrid TV Sdn Bhd,KCHTV028_FoodCourt,0.0.75,247,592,1920x1080,CS Play,1 Online/Offline,IX25-0022,11,1/7/2025,30/6/2026,,,,,,,,,,,,,30/6/2026,36.00,YES,cms@klia-tv.com.my,,,,,,,,,,,,,
KLIATV,Rimbun Hybrid TV Sdn Bhd,KCHTV027_FoodCourt,0.0.75,258,603,1920x1080,CS Play,1 Online/Offline,IX25-0022,11,1/7/2025,30/6/2026,,,,,,,,,,,,,30/6/2026,36.00,YES,cms@klia-tv.com.my,,,,,,,,,,,,,
KLIATV,Rimbun Hybrid TV Sdn Bhd,KCHTV026_BoardingGate09,0.0.75,236,581,1920x1080,CS Play,1 Online/Offline,IX25-0022,11,1/7/2025,30/6/2026,,,,,,,,,,,,,30/6/2026,36.00,YES,cms@klia-tv.com.my,,,,,,,,,,,,,
KLIATV,Rimbun Hybrid TV Sdn Bhd,KCHTV025_BoardingGate09,0.0.75,260,605,1920x1080,CS Play,1 Online/Offline,IX25-0022,11,1/7/2025,30/6/2026,,,,,,,,,,,,,30/6/2026,36.00,YES,cms@klia-tv.com.my,,,,,,,,,,,,,
KLIATV,Rimbun Hybrid TV Sdn Bhd,KCHTV024_BoardingGate09,0.0.79,252,597,1920x1080,CS Play,1 Online/Offline,IX25-0022,11,1/7/2025,30/6/2026,,,,,,,,,,,,,30/6/2026,36.00,YES,cms@klia-tv.com.my,,,,,,,,,,,,,
KLIATV,Rimbun Hybrid TV Sdn Bhd,KCHTV023_BoardingGate08,0.0.75,256,601,1920x1080,CS Play,1 Online/Offline,IX25-0022,11,1/7/2025,30/6/2026,,,,,,,,,,,,,30/6/2026,36.00,YES,cms@klia-tv.com.my,,,,,,,,,,,,,
KLIATV,Rimbun Hybrid TV Sdn Bhd,KCHTV022_BoardingGate08,0.0.75,248,593,1920x1080,CS Play,1 Online/Offline,IX25-0022,11,1/7/2025,30/6/2026,,,,,,,,,,,,,30/6/2026,36.00,YES,cms@klia-tv.com.my,,,,,,,,,,,,,
KLIATV,Rimbun Hybrid TV Sdn Bhd,KCHTV021_Int/DomBoardingGate07,0.0.75,261,606,1920x1080,CS Play,1 Online/Offline,IX25-0022,11,1/7/2025,30/6/2026,,,,,,,,,,,,,30/6/2026,36.00,YES,cms@klia-tv.com.my,,,,,,,,,,,,,
KLIATV,Rimbun Hybrid TV Sdn Bhd,KCHTV020_Int/DomBoardingGate07,0.0.75,237,582,1920x1080,CS Play,1 Online/Offline,IX25-0022,11,1/7/2025,30/6/2026,,,,,,,,,,,,,30/6/2026,36.00,YES,cms@klia-tv.com.my,,,,,,,,,,,,,
KLIATV,Rimbun Hybrid TV Sdn Bhd,KCHTV019_Int/DomBoardingGate07,0.0.75,245,590,1920x1080,CS Play,1 Online/Offline,IX25-0022,11,1/7/2025,30/6/2026,,,,,,,,,,,,,30/6/2026,36.00,YES,cms@klia-tv.com.my,,,,,,,,,,,,,
KLIATV,Rimbun Hybrid TV Sdn Bhd,KCHTV018_BoardingGate06,0.0.75,235,580,1920x1080,CS Play,1 Online/Offline,IX25-0022,11,1/7/2025,30/6/2026,,,,,,,,,,,,,30/6/2026,36.00,YES,cms@klia-tv.com.my,,,,,,,,,,,,,
KLIATV,Rimbun Hybrid TV Sdn Bhd,KCHTV017_BoardingGate06,0.0.75,239,584,1920x1080,CS Play,1 Online/Offline,IX25-0022,11,1/7/2025,30/6/2026,,,,,,,,,,,,,30/6/2026,36.00,YES,cms@klia-tv.com.my,,,,,,,,,,,,,
KLIATV,Rimbun Hybrid TV Sdn Bhd,KCHTV016_BoardingGate05,0.0.75,253,598,1920x1080,CS Play,1 Online/Offline,IX25-0022,11,1/7/2025,30/6/2026,,,,,,,,,,,,,30/6/2026,36.00,YES,cms@klia-tv.com.my,,,,,,,,,,,,,
KLIATV,Rimbun Hybrid TV Sdn Bhd,KCHTV015_BoardingGate03,0.0.75,243,588,1920x1080,CS Play,1 Online/Offline,IX25-0022,11,1/7/2025,30/6/2026,,,,,,,,,,,,,30/6/2026,36.00,YES,cms@klia-tv.com.my,,,,,,,,,,,,,
KLIATV,Rimbun Hybrid TV Sdn Bhd,KCHTV014_BoardingGate02,0.0.75,244,589,1920x1080,CS Play,1 Online/Offline,IX25-0022,11,1/7/2025,30/6/2026,,,,,,,,,,,,,30/6/2026,36.00,YES,cms@klia-tv.com.my,,,,,,,,,,,,,
KLIATV,Rimbun Hybrid TV Sdn Bhd,KCHTV013_BoardingGate02,0.0.75,254,599,1920x1080,CS Play,1 Online/Offline,IX25-0022,11,1/7/2025,30/6/2026,,,,,,,,,,,,,30/6/2026,36.00,YES,cms@klia-tv.com.my,,,,,,,,,,,,,
KLIATV,Rimbun Hybrid TV Sdn Bhd,KCHTV011_VIP_Dahlia,0.0.75,263,608,1920x1080,CS Play,1 Online/Offline,IX25-0022,11,1/7/2025,30/6/2026,,,,,,,,,,,,,30/6/2026,36.00,YES,cms@klia-tv.com.my,,,,,,,,,,,,,
KLIATV,Rimbun Hybrid TV Sdn Bhd,KCHTV010_Arrival,0.0.79,259,604,1920x1080,CS Play,1 Online/Offline,IX25-0022,11,1/7/2025,30/6/2026,,,,,,,,,,,,,30/6/2026,36.00,YES,cms@klia-tv.com.my,,,,,,,,,,,,,
KLIATV,Rimbun Hybrid TV Sdn Bhd,KCHTV009_BoardingGateI,0.0.75,230,575,1920x1080,CS Play,1 Online/Offline,IX25-0022,11,1/7/2025,30/6/2026,,,,,,,,,,,,,30/6/2026,36.00,YES,cms@klia-tv.com.my,,,,,,,,,,,,,
KLIATV,Rimbun Hybrid TV Sdn Bhd,KCHTV008_BoardingGateR,0.0.75,233,578,1920x1080,CS Play,1 Online/Offline,IX25-0022,11,1/7/2025,30/6/2026,,,,,,,,,,,,,30/6/2026,36.00,YES,cms@klia-tv.com.my,,,,,,,,,,,,,
KLIATV,Rimbun Hybrid TV Sdn Bhd,KCHTV007_VIP_Anggerik,0.0.75,241,586,1920x1080,CS Play,1 Online/Offline,IX25-0022,11,1/7/2025,30/6/2026,,,,,,,,,,,,,30/6/2026,36.00,YES,cms@klia-tv.com.my,,,,,,,,,,,,,
KLIATV,Rimbun Hybrid TV Sdn Bhd,KCHTV006_VIP_Rafflesia,0.0.75,249,594,1920x1080,CS Play,1 Online/Offline,IX25-0022,11,1/7/2025,30/6/2026,,,,,,,,,,,,,30/6/2026,36.00,YES,cms@klia-tv.com.my,,,,,,,,,,,,,
KLIATV,Rimbun Hybrid TV Sdn Bhd,KCHTV005_Arrival,0.0.79,262,607,1920x1080,CS Play,1 Online/Offline,IX25-0022,11,1/7/2025,30/6/2026,,,,,,,,,,,,,30/6/2026,36.00,YES,cms@klia-tv.com.my,,,,,,,,,,,,,
KLIATV,Rimbun Hybrid TV Sdn Bhd,KCHTV004_Arrival,0.0.79,251,596,1920x1080,CS Play,1 Online/Offline,IX25-0022,11,1/7/2025,30/6/2026,,,,,,,,,,,,,30/6/2026,36.00,YES,cms@klia-tv.com.my,,,,,,,,,,,,,
KLIATV,Rimbun Hybrid TV Sdn Bhd,KCHTV003_Arrival,0.0.79,234,579,1920x1080,CS Play,1 Online/Offline,IX25-0022,11,1/7/2025,30/6/2026,,,,,,,,,,,,,30/6/2026,36.00,YES,cms@klia-tv.com.my,,,,,,,,,,,,,
KLIATV,Rimbun Hybrid TV Sdn Bhd,KCHTV002_Arrival,0.0.79,232,577,1920x1080,CS Play,1 Online/Offline,IX25-0022,11,1/7/2025,30/6/2026,,,,,,,,,,,,,30/6/2026,36.00,YES,cms@klia-tv.com.my,,,,,,,,,,,,,
KLIATV,Rimbun Hybrid TV Sdn Bhd,KCHTV001_Arrival,0.0.79,242,587,1920x1080,CS Play,1 Online/Offline,IX25-0022,11,1/7/2025,30/6/2026,,,,,,,,,,,,,30/6/2026,36.00,YES,cms@klia-tv.com.my,,,,,,,,,,,,,
Seni Jaya,Seni Jaya Sdn Bhd,KBMall_Pillars,4.3.0+build-auto,178,1,4092x544,CS Play,1 Online/Offline,IX24-0065,17,1/7/2024,31/12/2025,IX25-355,12,1/1/2026,31/12/2026,,,,,,,,,31/12/2026,220.00,NO,edgarlim+csplay@aims-research.com,#N/A,CMP0072,,,CS Play (cityscreen.cloud),,,,,,,,
Maxis,Maxis Broadband Sdn Bhd,Lotus Puncak Alam MEP-BM 1 - SF,,399,,,CS SignHub,1 Online/Offline,IX25-0028,36,1/4/2025,1/4/2028,,,,,,,,,,,,,1/4/2028,677.00,NO,,,,,,,,,,,,,,
Maxis,Maxis Broadband Sdn Bhd,Lotus Puncak Alam MEP-BM 2 - P3 (Hotlink),,400,,,CS SignHub,1 Online/Offline,IX25-0028,36,1/4/2025,1/4/2028,,,,,,,,,,,,,1/4/2028,677.00,NO,,,,,,,,,,,,,,
Maxis,Maxis Broadband Sdn Bhd,Lotus Puncak Alam MEP-BM 3 - P2 (Back),,401,,,CS SignHub,1 Online/Offline,IX25-0028,36,1/4/2025,1/4/2028,,,,,,,,,,,,,1/4/2028,677.00,NO,,,,,,,,,,,,,,
Maxis,Maxis Broadband Sdn Bhd,Lotus Semenyih MEP-EN 1 - SF (Left),,376,,,CS SignHub,1 Online/Offline,IX25-0028,36,1/4/2025,1/4/2028,,,,,,,,,,,,,1/4/2028,677.00,NO,,,,,,,,,,,,,,
Maxis,Maxis Broadband Sdn Bhd,Lotus Semenyih MEP-EN 2 - SF (Standees),,377,,,CS SignHub,1 Online/Offline,IX25-0028,36,1/4/2025,1/4/2028,,,,,,,,,,,,,1/4/2028,677.00,NO,,,,,,,,,,,,,,
Maxis,Maxis Broadband Sdn Bhd,Lotus Semenyih MEP-EN 3 - P2 (Zerolution),,378,,,CS SignHub,1 Online/Offline,IX25-0028,36,1/4/2025,1/4/2028,,,,,,,,,,,,,1/4/2028,677.00,NO,,,,,,,,,,,,,,
OOH,Out of Home Media Sdn Bhd,Kajang Town,4.3.0+build-auto - v.5.8.0 MSI 5.7.0,377,,,CS Play,1 Online/Offline,QT-318,9,1/3/2025,31/12/2025,IX25-16,12,1/3/2025,1/12/2025,IX25-348,12,1/1/2026,1/12/2026,,,,,1/12/2026,190.00,NO,,,OOH12,,,,,,,,,,,
Mitsubishi,Team Moxim Sdn Bhd,"Kah Classic Auto, Jalan Ipoh - SC 01",4.3.0+build-auto v.5.8.0 MSI 5.7.0,112,,1920x1080,CS SignHub,1 Online/Offline,IX25-0146,13,1/8/2025,1/9/2026,,,,,,Yes,,,,,,,1/9/2026,99.00,NO,,,,,,,,,,,,,,
CIX,Click IX Sdn Bhd,JT Andriod Player ,,48,,1920x1080,CS Play,4 Test,n/a,0,2/5/2025,2/5/2025,,,,,,,,,,,,,2/5/2025,-388.00,NO,jt+demo@click-ix.com,,,,,,,,,,,,,
CEVA Logistics,Ledtronics,Johnson & Johnson,,I,1,n/a,Intuiface I/active,2 Inacitve ,"IX62-23, QT51",12,11/10/2024,12/10/2025,,,,,,,,,,,,,12/10/2025,-225.00,NO,shah@click-ix.com,#N/A,-empty-,30/8/24 - LEDtronics to clarify with JJ/CEVA,,Share & Deploy | My Intuiface,,,,,,,,
Mitsubishi,Team Moxim Sdn Bhd,"JM Auto Gallery, Sungai Petani - SC 01",4.5.0+build-auto v.5.9.2,156,,1920x1080,CS SignHub,1 Online/Offline,IX25-0323,12,12/11/2025,1/12/2026,,,,,,Yes,,,,,,,1/12/2026,190.00,NO,,,,,,,,,,,,,,
Mitsubishi,Team Moxim Sdn Bhd,"JM Auto Gallery, Butterworth - SC 01",4.4.0+build-auto v.5.9.1,135,,1920x1080,CS SignHub,1 Online/Offline,IX25-0146,13,1/8/2025,1/9/2026,,,,,,Yes,,,,,,,1/9/2026,99.00,NO,,,,,,,,,,,,,,
Mitsubishi,Team Moxim Sdn Bhd,"JM Auto Gallery, Bukit Mertajam - SC 01",4.4.0+build-auto v.5.9.1,134,,1920x1080,CS SignHub,1 Online/Offline,IX25-0146,13,1/8/2025,1/9/2026,,,,,,Yes,,,,,,,1/9/2026,99.00,NO,,,,,,,,,,,,,,
Imec,Imec Plus Sdn Bhd,JlnTunRazak,4.0.8+build-auto,159,352,720x1080,CS Play,1 Online/Offline,IX24-0056,12,1/8/2024,1/8/2025,QT471/IX25-161,12,1/8/2025,31/7/2026,,,,,,,,,31/7/2026,67.00,YES,sales@imecplus.com,#N/A,MP2404-0012,,,CS Play (cityscreen.cloud),,,,,,,,
Imec,Imec Plus Sdn Bhd,JlnSemantan_Ramp,4.6.0+build-auto,191,498,576x864,CS Play,1 Online/Offline,IX24-0056,12,1/8/2024,1/8/2025,QT471/IX25-161,12,1/8/2025,31/7/2026,,,,,,,,,31/7/2026,67.00,YES,sales@imecplus.com,#N/A,MP2407-0020,,,CS Play (cityscreen.cloud),,,,,,,,
Imec,Imec Plus Sdn Bhd,JlnKuching,4.3.0+build-auto,189,496,720x1080,CS Play,1 Online/Offline,IX24-0056,12,1/8/2024,1/8/2025,QT471/IX25-161,12,1/8/2025,31/7/2026,,,,,,,,,31/7/2026,67.00,YES,sales@imecplus.com,#N/A,MP2407-0017,,,CS Play (cityscreen.cloud),,,,,,,,
Maxis,Maxis Broadband Sdn Bhd,Lotus Semenyih MEP-EN 4 - P3 (Hotlink),,379,,,CS SignHub,1 Online/Offline,IX25-0028,36,1/4/2025,1/4/2028,,,,,,,,,,,,,1/4/2028,677.00,NO,,,,,,,,,,,,,,
Maxis,Maxis Broadband Sdn Bhd,"Lotus Seri Alam, Masai MEP-BM 1 - P1 (Postpaid)",,571,,,CS SignHub,1 Online/Offline,IX25-0028,36,1/4/2025,1/4/2028,,,,,,,,,,,,,1/4/2028,677.00,NO,,,,,,,,,,,,,,
Maxis,Maxis Broadband Sdn Bhd,"Lotus Seri Alam, Masai MEP-BM 2 - P2 (Business)",,570,,,CS SignHub,1 Online/Offline,IX25-0028,36,1/4/2025,1/4/2028,,,,,,,,,,,,,1/4/2028,677.00,NO,,,,,,,,,,,,,,
Maxis,Maxis Broadband Sdn Bhd,"Lotus Seri Alam, Masai MEP-BM 3 - Demo TV",,569,,,CS SignHub,1 Online/Offline,IX25-0028,36,1/4/2025,1/4/2028,,,,,,,,,,,,,1/4/2028,677.00,NO,,,,,,,,,,,,,,
Maxis,Maxis Broadband Sdn Bhd,Mahkota Cheras MEP-EN,,236,,,CS SignHub,1 Online/Offline,IX25-0028,36,1/4/2025,1/4/2028,,,,,,,,,,,,,1/4/2028,677.00,NO,,,,,,,,,,,,,,
Maxis,Maxis Broadband Sdn Bhd,"Malim Jaya, Melaka MEP-BM",,518,,,CS SignHub,1 Online/Offline,IX25-0028,36,1/4/2025,1/4/2028,,,,,,,,,,,,,1/4/2028,677.00,NO,,,,,,,,,,,,,,
Maxis,Maxis Broadband Sdn Bhd,Medan Sg Besar MEP-EN,,237,,,CS SignHub,1 Online/Offline,IX25-0028,36,1/4/2025,1/4/2028,,,,,,,,,,,,,1/4/2028,677.00,NO,,,,,,,,,,,,,,
OOH,Out of Home Media Sdn Bhd,"JG_The Tropica, Bukit Jalil",110/3.9.1,438,,1080x1920,CS Play,1 Online/Offline,IX25-348,11,1/1/2026,31/12/2026,,,,,,Yes,,,,,,,31/12/2026,220.00,NO,,,,,,,,,,,,,,
OOH,Out of Home Media Sdn Bhd,JG_The Gardens,110/3.9.1,442,,1080x1920,CS Play,1 Online/Offline,IX25-348,11,1/1/2026,31/12/2026,,,,,,Yes,,,,,,,31/12/2026,220.00,NO,,,,,,,,,,,,,,
OOH,Out of Home Media Sdn Bhd,JG_Starling Mall,110/3.9.1,444,,1080x1920,CS Play,1 Online/Offline,IX25-348,11,1/1/2026,31/12/2026,,,,,,Yes,,,,,,,31/12/2026,220.00,NO,,,,,,,,,,,,,,
OOH,Out of Home Media Sdn Bhd,"JG_Quayside Mall, TPG",110/3.9.1,453,,1080x1920,CS Play,1 Online/Offline,IX25-348,11,1/1/2026,31/12/2026,,,,,,Yes,,,,,,,31/12/2026,220.00,NO,,,,,,,,,,,,,,
OOH,Out of Home Media Sdn Bhd,"JG_Plaza Jelutong, Shah Alam",110/3.9.1,446,,1080x1920,CS Play,1 Online/Offline,IX25-348,11,1/1/2026,31/12/2026,,,,,,Yes,,,,,,,31/12/2026,220.00,NO,,,,,,,,,,,,,,
OOH,Out of Home Media Sdn Bhd,"JG_Pearl Point, Old Klang KL",110/3.9.1,449,,1080x1920,CS Play,1 Online/Offline,IX25-348,11,1/1/2026,31/12/2026,,,,,,Yes,,,,,,,31/12/2026,220.00,NO,,,,,,,,,,,,,,
OOH,Out of Home Media Sdn Bhd,"JG_Mitsui Lalaport, KL",110/3.9.1,441,,1080x1920,CS Play,1 Online/Offline,IX25-348,11,1/1/2026,31/12/2026,,,,,,Yes,,,,,,,31/12/2026,220.00,NO,,,,,,,,,,,,,,
OOH,Out of Home Media Sdn Bhd,"JG_KLIA2 Gateway, Sepang",110/3.9.1,451,,1080x1920,CS Play,1 Online/Offline,IX25-348,11,1/1/2026,31/12/2026,,,,,,Yes,,,,,,,31/12/2026,220.00,NO,,,,,,,,,,,,,,
OOH,Out of Home Media Sdn Bhd,JG_KLEM,110/3.9.1,448,,1080x1920,CS Play,1 Online/Offline,IX25-348,11,1/1/2026,31/12/2026,,,,,,Yes,,,,,,,31/12/2026,220.00,NO,,,,,,,,,,,,,,
OOH,Out of Home Media Sdn Bhd,"JG_IOI Rio, Bandar Puteri Puchong",110/3.9.1,439,,1080x1920,CS Play,1 Online/Offline,IX25-348,11,1/1/2026,31/12/2026,,,,,,Yes,,,,,,,31/12/2026,220.00,NO,,,,,,,,,,,,,,
OOH,Out of Home Media Sdn Bhd,JG_Empire Subang,110/3.9.1,447,,1080x1920,CS Play,1 Online/Offline,IX25-348,11,1/1/2026,31/12/2026,,,,,,Yes,,,,,,,31/12/2026,220.00,NO,,,,,,,,,,,,,,
OOH,Out of Home Media Sdn Bhd,"JG_Eco Majestic, Semenyih",110/3.9.1,452,,1080x1920,CS Play,1 Online/Offline,IX25-348,11,1/1/2026,31/12/2026,,,,,,Yes,,,,,,,31/12/2026,220.00,NO,,,,,,,,,,,,,,
OOH,Out of Home Media Sdn Bhd,"JG_Eco Ardence, Shah Alam",110/3.9.1,445,,1080x1920,CS Play,1 Online/Offline,IX25-348,11,1/1/2026,31/12/2026,,,,,,Yes,,,,,,,31/12/2026,220.00,NO,,,,,,,,,,,,,,
OOH,Out of Home Media Sdn Bhd,JG_DPulze Cyberjaya,110/3.9.1,450,,1080x1920,CS Play,1 Online/Offline,IX25-348,11,1/1/2026,31/12/2026,,,,,,Yes,,,,,,,31/12/2026,220.00,NO,,,,,,,,,,,,,,
OOH,Out of Home Media Sdn Bhd,JG_1Utama,110/3.9.1,443,,1080x1920,CS Play,1 Online/Offline,IX25-348,11,1/1/2026,31/12/2026,,,,,,Yes,,,,,,,31/12/2026,220.00,NO,,,,,,,,,,,,,,
OOH,Out of Home Media Sdn Bhd,"JG_163 Retail Park, Mont Kiara",110/3.9.1,440,,1080x1920,CS Play,1 Online/Offline,IX25-348,11,1/1/2026,31/12/2026,,,,,,Yes,,,,,,,31/12/2026,220.00,NO,,,,,,,,,,,,,,
Maxis,Maxis Broadband Sdn Bhd,Melaka Mahkota Parade MC-EN 1 - P1 (Zerolution),,524,,,CS SignHub,1 Online/Offline,IX25-0028,36,1/4/2025,1/4/2028,,,,,,,,,,,,,1/4/2028,677.00,NO,,,,,,,,,,,,,,
Maxis,Maxis Broadband Sdn Bhd,Melaka Mahkota Parade MC-EN 2 - Demo TV,,526,,,CS SignHub,1 Online/Offline,IX25-0028,36,1/4/2025,1/4/2028,,,,,,,,,,,,,1/4/2028,677.00,NO,,,,,,,,,,,,,,
Maxis,Maxis Broadband Sdn Bhd,Melaka Mahkota Parade MC-EN 3 - MIRA,,525,,,CS SignHub,1 Online/Offline,IX25-0028,36,1/4/2025,1/4/2028,,,,,,,,,,,,,1/4/2028,677.00,NO,,,,,,,,,,,,,,
Maxis,Maxis Broadband Sdn Bhd,Melaka Mahkota Parade MC-EN 4 - P2 (LED),,527,,,CS SignHub,1 Online/Offline,IX25-0028,36,1/4/2025,1/4/2028,,,,,,,,,,,,,1/4/2028,677.00,NO,,,,,,,,,,,,,,
Maxis,Maxis Broadband Sdn Bhd,Melaka Mahkota Parade MC-EN 5 - P3 (Hotlink),,528,,,CS SignHub,1 Online/Offline,IX25-0028,36,1/4/2025,1/4/2028,,,,,,,,,,,,,1/4/2028,677.00,NO,,,,,,,,,,,,,,
Maxis,Maxis Broadband Sdn Bhd,"Menglembu, Ipoh MEP-BM",,493,,,CS SignHub,1 Online/Offline,IX25-0028,36,1/4/2025,1/4/2028,,,,,,,,,,,,,1/4/2028,677.00,NO,,,,,,,,,,,,,,
Maxis,Maxis Broadband Sdn Bhd,"Mentakab, Pahang MEP-BM",,592,,,CS SignHub,1 Online/Offline,IX25-0028,36,1/4/2025,1/4/2028,,,,,,,,,,,,,1/4/2028,677.00,NO,,,,,,,,,,,,,,
OOH,Out of Home Media Sdn Bhd,Jalan Tun Razak,4.3.0+build-auto - v.5.8.0 MSI 5.7.0,372,,,CS Play,1 Online/Offline,QT-318,9,1/3/2025,31/12/2025,IX25-16,12,1/3/2025,1/12/2025,IX25-348,12,1/1/2026,1/12/2026,,,,,1/12/2026,190.00,NO,,,OOH7,,,,,,,,,,,
Maxis,Maxis Broadband Sdn Bhd,Mersing Town MEP-BM,,580,,,CS SignHub,1 Online/Offline,IX25-0028,36,1/4/2025,1/4/2028,,,,,,,,,,,,,1/4/2028,677.00,NO,,,,,,,,,,,,,,
Maxis,Maxis Broadband Sdn Bhd,Metro Kajang MC-BM 1 - SF,,90,,,CS SignHub,1 Online/Offline,IX25-0028,36,1/4/2025,1/4/2028,,,,,,,,,,,,,1/4/2028,677.00,NO,,,,,,,,,,,,,,
Maxis,Maxis Broadband Sdn Bhd,Metro Kajang MC-BM 2 - Demo TV (SF),,93,,,CS SignHub,1 Online/Offline,IX25-0028,36,1/4/2025,1/4/2028,,,,,,,,,,,,,1/4/2028,677.00,NO,,,,,,,,,,,,,,
Maxis,Maxis Broadband Sdn Bhd,Metro Kajang MC-BM 3 - P3 (Hotlink),,94,,,CS SignHub,1 Online/Offline,IX25-0028,36,1/4/2025,1/4/2028,,,,,,,,,,,,,1/4/2028,677.00,NO,,,,,,,,,,,,,,
Maxis,Maxis Broadband Sdn Bhd,Metro Kajang MC-BM 4 - MIRA,,92,,,CS SignHub,1 Online/Offline,IX25-0028,36,1/4/2025,1/4/2028,,,,,,,,,,,,,1/4/2028,677.00,NO,,,,,,,,,,,,,,
Gelumbang Jaya,Gelumbang Jaya ,Jalan Maarof_Bangsar_Compositre,4.3.0+build-auto,384,1,1152x1728,CS Play,3 Archive,,,,,,0,,,,0,,,,,,,0/1/1900,-46167.00,NO,jt+play@click-ix.com,#N/A,MP2407-0019,twintech source license for client,,CS Play (cityscreen.cloud),,,,,,,,
Gelumbang Jaya,Biz media,"Jalan Maarof, Bangsar",4.3.0+build-auto,57,1,1152x1728,CS Play,1 Online/Offline,"IX78-23, QT96",13,17/11/2023,1/1/2025,IX25-0008,11,1/1/2025,31/12/2025,IX25-353,11,1/1/2026,31/12/2026,,,,,31/12/2026,220.00,NO,jt+play@click-ix.com,#N/A,-empty-,,,CS Play (cityscreen.cloud),,,,,,,,
Maxis,Maxis Broadband Sdn Bhd,Metro Kajang MC-BM 5 - Kiosk,,91,,,CS SignHub,1 Online/Offline,IX25-0028,36,1/4/2025,1/4/2028,,,,,,,,,,,,,1/4/2028,677.00,NO,,,,,,,,,,,,,,
Maxis,Maxis Broadband Sdn Bhd,Midvalley Kiosk MC-EN,,64,,,CS SignHub,1 Online/Offline,IX25-0028,36,1/4/2025,1/4/2028,,,,,,,,,,,,,1/4/2028,677.00,NO,,,,,,,,,,,,,,
Maxis,Maxis Broadband Sdn Bhd,Miri MC-EN - MIRA,,408,,,CS SignHub,1 Online/Offline,IX25-0028,36,1/4/2025,1/4/2028,,,,,,,,,,,,,1/4/2028,677.00,NO,,,,,,,,,,,,,,
Maxis,Maxis Broadband Sdn Bhd,Miri Times Square MC-EN 1 - P3 (Hotlink),,364,,,CS SignHub,1 Online/Offline,IX25-0028,36,1/4/2025,1/4/2028,,,,,,,,,,,,,1/4/2028,677.00,NO,,,,,,,,,,,,,,
Maxis,Maxis Broadband Sdn Bhd,Miri Times Square MC-EN 2 - P1 (Postpaid),,365,,,CS SignHub,1 Online/Offline,IX25-0028,36,1/4/2025,1/4/2028,,,,,,,,,,,,,1/4/2028,677.00,NO,,,,,,,,,,,,,,
Maxis,Maxis Broadband Sdn Bhd,Miri Times Square MC-EN 3 - P2 (Business),,366,,,CS SignHub,1 Online/Offline,IX25-0028,36,1/4/2025,1/4/2028,,,,,,,,,,,,,1/4/2028,677.00,NO,,,,,,,,,,,,,,
Maxis,Maxis Broadband Sdn Bhd,Nibong Tebal MEP-BM,,456,,,CS SignHub,1 Online/Offline,IX25-0028,36,1/4/2025,1/4/2028,,,,,,,,,,,,,1/4/2028,677.00,NO,,,,,,,,,,,,,,
OOH,Out of Home Media Sdn Bhd,Jalan Ampang,4.3.0+build-auto - v.5.8.0 MSI 5.7.0,374,,,CS Play,1 Online/Offline,QT-318,9,1/3/2025,31/12/2025,IX25-16,12,1/3/2025,1/12/2025,IX25-348,12,1/1/2026,1/12/2026,,,,,1/12/2026,190.00,NO,,,OOH9,,,,,,,,,,,
Prisma ads,Prisma Ads PT,Jakarta,,,,,CS Play,3 Archive,n/a,0,21/1/2026,4/2/2026,,,,,,,,,,,,,4/2/2026,-110.00,NO,jt+demo@click-ix.com,,,Suspended License,,,,,,,,,,
Maxis,Maxis Broadband Sdn Bhd,NSK Kuchai Lama MEPLite-BM 02 - DS1,,542,,1920x540,CS SignHub,1 Online/Offline,IX25-0205,36,9/4/2025,9/4/2028,,,,,,,,,,,,,9/4/2028,685.00,NO,,,,,,,,,,,,,,
Maxis,Maxis Broadband Sdn Bhd,NSK Kuchai Lama MEPLite-BM 03 - DS2,,455,,1920x540,CS SignHub,1 Online/Offline,IX25-0205,36,9/4/2025,9/4/2028,,,,,,,,,,,,,9/4/2028,685.00,NO,,,,,,,,,,,,,,
Maxis,Maxis Broadband Sdn Bhd,NSK Kuchai Lama MEPLite-EN 01 - Brandwall,,296,,3840x2160,CS SignHub,1 Online/Offline,IX25-0205,36,9/4/2025,9/4/2028,,,,,,,,,,,,,9/4/2028,685.00,NO,,,,,,,,,,,,,,
Aeon Mall,Kesion Malaysia Sdn Bhd,Ipoh Station18_DS 4,4.3.0+build-auto,295,1,1080x1920,CS Play,1 Online/Offline,QT257,12,1/1/2025,1/1/2026,IX26-0137,12,1/1/2026,31/12/2026,,,,,,,,,31/12/2026,220.00,NO,naim@kesion.co.jp,K3s10njp,KEPL-0058,,,CS Play (cityscreen.cloud),,,,,,,,
Aeon Mall,Kesion Malaysia Sdn Bhd,Ipoh Station18_DS 3,4.3.0+build-auto,293,1,1080x1920,CS Play,1 Online/Offline,QT257,12,1/1/2025,1/1/2026,IX26-0137,12,1/1/2026,31/12/2026,,,,,,,,,31/12/2026,220.00,NO,naim@kesion.co.jp,K3s10njp,KEPL-0057,,,CS Play (cityscreen.cloud),,,,,,,,
Aeon Mall,Kesion Malaysia Sdn Bhd,Ipoh Station18_DS 2,4.3.0+build-auto,292,1,1080x1920,CS Play,1 Online/Offline,QT257,12,1/1/2025,1/1/2026,IX26-0137,12,1/1/2026,31/12/2026,,,,,,,,,31/12/2026,220.00,NO,naim@kesion.co.jp,K3s10njp,KEPL-0056,,,CS Play (cityscreen.cloud),,,,,,,,
Aeon Mall,Kesion Malaysia Sdn Bhd,Ipoh Station18_DS 1,4.5.0+build-auto,294,1,1080x1920,CS Play,1 Online/Offline,QT257,12,1/1/2025,1/1/2026,IX26-0137,12,1/1/2026,31/12/2026,,,,,,,,,31/12/2026,220.00,NO,naim@kesion.co.jp,K3s10njp,KEPL-0055,,,CS Play (cityscreen.cloud),,,,,,,,
Maxis,Maxis Broadband Sdn Bhd,NU Sentral MC-EN 1 - LED,,88,,,CS SignHub,1 Online/Offline,IX25-0028,36,1/4/2025,1/4/2028,,,,,,,,,,,,,1/4/2028,677.00,NO,,,,,,,,,,,,,,
Maxis,Maxis Broadband Sdn Bhd,NU Sentral MC-EN 2 - MIRA,,86,,,CS SignHub,1 Online/Offline,IX25-0028,36,1/4/2025,1/4/2028,,,,,,,,,,,,,1/4/2028,677.00,NO,,,,,,,,,,,,,,
Maxis,Maxis Broadband Sdn Bhd,NU Sentral MC-EN 3 - Demo TV,,89,,,CS SignHub,1 Online/Offline,IX25-0028,36,1/4/2025,1/4/2028,,,,,,,,,,,,,1/4/2028,677.00,NO,,,,,,,,,,,,,,
Maxis,Maxis Broadband Sdn Bhd,NU Sentral MC-EN 4 - SF,,87,,,CS SignHub,1 Online/Offline,IX25-0028,36,1/4/2025,1/4/2028,,,,,,,,,,,,,1/4/2028,677.00,NO,,,,,,,,,,,,,,
Maxis,Maxis Broadband Sdn Bhd,Octagon MEP-EN 1 - P1 (Postpaid),,507,,,CS SignHub,1 Online/Offline,IX25-0028,36,1/4/2025,1/4/2028,,,,,,,,,,,,,1/4/2028,677.00,NO,,,,,,,,,,,,,,
Maxis,Maxis Broadband Sdn Bhd,Octagon MEP-EN 2 - Demo TV,,506,,,CS SignHub,1 Online/Offline,IX25-0028,36,1/4/2025,1/4/2028,,,,,,,,,,,,,1/4/2028,677.00,NO,,,,,,,,,,,,,,
Maxis,Maxis Broadband Sdn Bhd,Octagon MEP-EN 3 - P2 (Hotlink),,508,,,CS SignHub,1 Online/Offline,IX25-0028,36,1/4/2025,1/4/2028,,,,,,,,,,,,,1/4/2028,677.00,NO,,,,,,,,,,,,,,
Maxis,Maxis Broadband Sdn Bhd,One Utama MCP-EN 01 - MyEnterprise 01,,623,,1920x1080,CS SignHub,1 Online/Offline,IX25-0332,36,19/11/2025,19/11/2028,,,,,,,,,,,,,19/11/2028,909.00,NO,,,,,,,,,,,,,,
Maxis,Maxis Broadband Sdn Bhd,One Utama MCP-EN 02 - MyGadget,,626,,7680x1080,CS SignHub,1 Online/Offline,IX25-0332,36,19/11/2025,19/11/2028,,,,,,,,,,,,,19/11/2028,909.00,NO,,,,,,,,,,,,,,
Maxis,Maxis Broadband Sdn Bhd,One Utama MCP-EN 03 - Brandwall,,627,,3840x2160,CS SignHub,1 Online/Offline,IX25-0332,36,19/11/2025,19/11/2028,,,,,,,,,,,,,19/11/2028,909.00,NO,,,,,,,,,,,,,,
Maxis,Maxis Broadband Sdn Bhd,One Utama MCP-EN 04 - MyHome-Lifestyle,,628,,7680x2160,CS SignHub,1 Online/Offline,IX25-0332,36,19/11/2025,19/11/2028,,,,,,,,,,,,,19/11/2028,909.00,NO,,,,,,,,,,,,,,
Maxis,Maxis Broadband Sdn Bhd,One Utama MCP-EN 05 - Hotlink-MyBusiness ,,629,,4320x3840,CS SignHub,1 Online/Offline,IX25-0332,36,19/11/2025,19/11/2028,,,,,,,,,,,,,19/11/2028,909.00,NO,,,,,,,,,,,,,,
Maxis,Maxis Broadband Sdn Bhd,One Utama MCP-EN 06 - SF,,630,,2160x3840,CS SignHub,1 Online/Offline,IX25-0332,36,19/11/2025,19/11/2028,,,,,,,,,,,,,19/11/2028,909.00,NO,,,,,,,,,,,,,,
Maxis,Maxis Broadband Sdn Bhd,One Utama MCP-EN 07 - MyEnterprise 02,,631,,1920x1080,CS SignHub,1 Online/Offline,IX25-0332,36,19/11/2025,19/11/2028,,,,,,,,,,,,,19/11/2028,909.00,NO,,,,,,,,,,,,,,
Laguna De Bay,Laguna Sdn Bhd,IOIMallPetronPuchong_B,,158,800x1140,2720x1140,CS Play,3 Archive,tbc,1,30/4/2024,1/6/2024,,,,,,,,,,,,,1/6/2024,-723.00,NO,lagunadb@gmailcom,#N/A,-empty-,,,Wastah,,,,,,,,
Laguna De Bay,Laguna Sdn Bhd,IOIMallPetronPuchong_A,,157,800x1140,2720x1140,CS Play,3 Archive,tbc,1,30/4/2024,1/6/2024,,,,,,,,,,,,,1/6/2024,-723.00,NO,lagunadb@gmailcom,#N/A,-empty-,,,Wastah,,,,,,,,
Maxis,Maxis Broadband Sdn Bhd,One Utama MCP-EN 08 - DS01-DS02,,632,,3840x540,CS SignHub,1 Online/Offline,IX25-0332,36,19/11/2025,19/11/2028,,,,,,,,,,,,,19/11/2028,909.00,NO,,,,,,,,,,,,,,
Maxis,Maxis Broadband Sdn Bhd,One Utama MCP-EN 09 - DS03-DS04,,633,,3840x540,CS SignHub,1 Online/Offline,IX25-0332,36,19/11/2025,19/11/2028,,,,,,,,,,,,,19/11/2028,909.00,NO,,,,,,,,,,,,,,
Maxis,Maxis Broadband Sdn Bhd,One Utama MCP-EN 10 - DS03,,634,,1920x540,CS SignHub,1 Online/Offline,IX25-0332,36,19/11/2025,19/11/2028,,,,,,,,,,,,,19/11/2028,909.00,NO,,,,,,,,,,,,,,
Maxis,Maxis Broadband Sdn Bhd,One Utama MCP-EN 11 - DS04,,635,,1920x540,CS SignHub,1 Online/Offline,IX25-0332,36,19/11/2025,19/11/2028,,,,,,,,,,,,,19/11/2028,909.00,NO,,,,,,,,,,,,,,
Maxis,Maxis Broadband Sdn Bhd,One Utama MCP-EN 12 - DPOP01,,636,,1080x1920,CS SignHub,1 Online/Offline,IX25-0332,36,19/11/2025,19/11/2028,,,,,,,,,,,,,19/11/2028,909.00,NO,,,,,,,,,,,,,,
Maxis,Maxis Broadband Sdn Bhd,One Utama MCP-EN 13 - DPOP02,,637,,1080x1920,CS SignHub,1 Online/Offline,IX25-0332,36,19/11/2025,19/11/2028,,,,,,,,,,,,,19/11/2028,909.00,NO,,,,,,,,,,,,,,
Maxis,Maxis Broadband Sdn Bhd,One Utama MCP-EN 14 - DPOP03,,638,,1080x1920,CS SignHub,1 Online/Offline,IX25-0332,36,19/11/2025,19/11/2028,,,,,,,,,,,,,19/11/2028,909.00,NO,,,,,,,,,,,,,,
Maxis,Maxis Broadband Sdn Bhd,One Utama MCP-EN 15 - DPOP04,,639,,1080x1920,CS SignHub,1 Online/Offline,IX25-0332,36,19/11/2025,19/11/2028,,,,,,,,,,,,,19/11/2028,909.00,NO,,,,,,,,,,,,,,
Maxis,Maxis Broadband Sdn Bhd,One Utama MCP-EN 16 - DPOP05,,640,,1080x1920,CS SignHub,1 Online/Offline,IX25-0332,36,19/11/2025,19/11/2028,,,,,,,,,,,,,19/11/2028,909.00,NO,,,,,,,,,,,,,,
Mitsubishi,Team Moxim Sdn Bhd,"Ingress Motors Centre, Puchong - SC 02",4.4.0+build-auto v.5.9.1,113,,1080x1920,CS SignHub,1 Online/Offline,IX25-0146,13,1/8/2025,1/9/2026,,,,,,Yes,,,,,,,1/9/2026,99.00,NO,,,,,,,,,,,,,,
Mitsubishi,Team Moxim Sdn Bhd,"Ingress Motors Centre, Puchong - SC 01",4.4.0+build-auto v.5.9.1,106,,1920x1080,CS SignHub,1 Online/Offline,IX25-0146,13,1/8/2025,1/9/2026,,,,,,Yes,,,,,,,1/9/2026,99.00,NO,,,,,,,,,,,,,,
Mitsubishi,Team Moxim Sdn Bhd,"Ingress Motors Centre, Petaling Jaya - SC 01",4.4.0+build-auto v.5.9.1,108,,1920x1080,CS SignHub,1 Online/Offline,IX25-0146,13,1/8/2025,1/9/2026,,,,,,Yes,,,,,,,1/9/2026,99.00,NO,,,,,,,,,,,,,,
Mitsubishi,Team Moxim Sdn Bhd,"Ingress Motors Centre, Bangi - SC 01",4.3.0+build-auto v.5.8.0 MSI 5.7.0,105,,1920x1080,CS SignHub,1 Online/Offline,IX25-0146,13,1/8/2025,1/9/2026,,,,,,Yes,,,,,,,1/9/2026,99.00,NO,,,,,,,,,,,,,,
Mitsubishi,Team Moxim Sdn Bhd,"Ingress Motor Centre, Shah Alam - SC 01",4.3.0+build-auto v.5.8.0 MSI 5.7.0,107,,1920x1080,CS SignHub,1 Online/Offline,IX25-0146,13,1/8/2025,1/9/2026,,,,,,Yes,,,,,,,1/9/2026,99.00,NO,,,,,,,,,,,,,,
Maxis,Maxis Broadband Sdn Bhd,One Utama MCP-EN 17 - DPOP06,,649,,1080x1920,CS SignHub,1 Online/Offline,IX25-0332,36,19/11/2025,19/11/2028,,,,,,,,,,,,,19/11/2028,909.00,NO,,,,,,,,,,,,,,
Maxis,Maxis Broadband Sdn Bhd,One Utama MCP-EN 18 - DPOP07,,650,,1080x1920,CS SignHub,1 Online/Offline,IX25-0332,36,19/11/2025,19/11/2028,,,,,,,,,,,,,19/11/2028,909.00,NO,,,,,,,,,,,,,,
Maxis,Maxis Broadband Sdn Bhd,One Utama MCP-EN 19 - DPOP08,,651,,1080x1920,CS SignHub,1 Online/Offline,IX25-0332,36,19/11/2025,19/11/2028,,,,,,,,,,,,,19/11/2028,909.00,NO,,,,,,,,,,,,,,
Maxis,Maxis Broadband Sdn Bhd,One Utama MCP-EN 20 - DPOP09,,652,,1080x1920,CS SignHub,1 Online/Offline,IX25-0332,36,19/11/2025,19/11/2028,,,,,,,,,,,,,19/11/2028,909.00,NO,,,,,,,,,,,,,,
Maxis,Maxis Broadband Sdn Bhd,One Utama MCP-EN 21 - DPOP10,,653,,1080x1920,CS SignHub,1 Online/Offline,IX25-0332,36,19/11/2025,19/11/2028,,,,,,,,,,,,,19/11/2028,909.00,NO,,,,,,,,,,,,,,
Maxis,Maxis Broadband Sdn Bhd,One Utama MCP-EN 22 - Transparent Screen,,692,,1920x1080,CS SignHub,1 Online/Offline,IX25-0371,36,22/12/2025,22/12/2028,,,,,,,,,,,,,22/12/2028,942.00,NO,,,,,,,,,,,,,,
Maxis,Maxis Broadband Sdn Bhd,Pandan Kapital MEP-EN,,223,,,CS SignHub,1 Online/Offline,IX25-0028,36,1/4/2025,1/4/2028,,,,,,,,,,,,,1/4/2028,677.00,NO,,,,,,,,,,,,,,
Maxis,Maxis Broadband Sdn Bhd,Paradigm JB MC-EN 1 - SF,,297,,,CS SignHub,1 Online/Offline,IX25-0028,36,1/4/2025,1/4/2028,,,,,,,,,,,,,1/4/2028,677.00,NO,,,,,,,,,,,,,,
Maxis,Maxis Broadband Sdn Bhd,Paradigm JB MC-EN 2 - MIRA,,299,,,CS SignHub,1 Online/Offline,IX25-0028,36,1/4/2025,1/4/2028,,,,,,,,,,,,,1/4/2028,677.00,NO,,,,,,,,,,,,,,
Rollti,Iwealth Global,ID_GDC@Seating,4.3.0+build-auto v.5.8.0 MSI 5.7.0,152,,1080x1920,CS SignHub,3 Archive,,0,,,,,,,,Yes,,,,,,,0/1/1900,-46167.00,NO,,,,,,,,,,,,,,
Rollti,Iwealth Global,ID_GDC@Cashier_3,4.3.0+build-auto v.5.8.0 MSI 5.7.0,151,,1080x1920,CS SignHub,3 Archive,,0,,,,,,,,Yes,,,,,,,0/1/1900,-46167.00,NO,,,,,,,,,,,,,,
Rollti,Iwealth Global,ID_GDC@Cashier_2,4.3.0+build-auto v.5.8.0 MSI 5.7.0,150,,1080x1920,CS SignHub,3 Archive,,0,,,,,,,,Yes,,,,,,,0/1/1900,-46167.00,NO,,,,,,,,,,,,,,
Rollti,Iwealth Global,ID_GDC@Cashier_1,4.3.0+build-auto v.5.8.0 MSI 5.7.0,149,,1080x1920,CS SignHub,3 Archive,,0,,,,,,,,Yes,,,,,,,0/1/1900,-46167.00,NO,,,,,,,,,,,,,,
Hotlink,Maxis Broadband Sdn Bhd,"Hotlink Zul Air Cond & Electrical, Kota Bharu Kelantan BM",4.6.0+build-auto,619,1325,1080x1920,CS SignHub,1 Online/Offline,IX26-0010,11,20/1/2026,31/12/2026,,,,,,,,,,,,,31/12/2026,220.00,NO,,,,,,,,,,,,,,
Hotlink,Maxis Broadband Sdn Bhd,"Hotlink Zara Mohamed Enterprise, Pasir Mas BM",4.6.0+build-auto,674,1405,1080x1920,CS SignHub,1 Online/Offline,IX26-0010,11,20/1/2026,31/12/2026,,,,,,,,,,,,,31/12/2026,220.00,NO,,,,,,,,,,,,,,
Hotlink,Maxis Broadband Sdn Bhd,"Hotlink WF Telecommunication, Bayan Lepas BM",4.6.0+build-auto,655,1375,1080x1920,CS SignHub,1 Online/Offline,IX26-0010,11,20/1/2026,31/12/2026,,,,,,,,,,,,,31/12/2026,220.00,NO,,,,,,,,,,,,,,
Hotlink,Maxis Broadband Sdn Bhd,"Hotlink Twins City Tele, Tapah EN",4.6.0+build-auto,188,304,1080x1920,CS SignHub,1 Online/Offline,IX26-0010,11,20/1/2026,31/12/2026,,,,,,,,,,,,,31/12/2026,220.00,NO,,,,,,,,,,,,,,
Hotlink,Maxis Broadband Sdn Bhd,"Hotlink Twenty Eight Sales and Supply, Port Dickson",4.6.0+build-auto,72,140,1080x1920,CS SignHub,1 Online/Offline,IX26-0010,11,20/1/2026,31/12/2026,,,,,,,,,,,,,31/12/2026,220.00,NO,,,,,,,,,,,,,,
Hotlink,Maxis Broadband Sdn Bhd,"Hotlink Texcel Mobile, Sg Besar Selangor",4.6.0+build-auto,666,1387,1080x1920,CS SignHub,1 Online/Offline,IX26-0010,11,20/1/2026,31/12/2026,,,,,,,,,,,,,31/12/2026,220.00,NO,,,,,,,,,,,,,,
Hotlink,Maxis Broadband Sdn Bhd,"Hotlink Star Connect Communication, Cukai Terengganu EN",4.6.0+build-auto,617,1323,1080x1920,CS SignHub,1 Online/Offline,IX26-0010,11,20/1/2026,31/12/2026,,,,,,,,,,,,,31/12/2026,220.00,NO,,,,,,,,,,,,,,
Hotlink,Maxis Broadband Sdn Bhd,"Hotlink SS One Communication, Lunas Kedah",4.6.0+build-auto,660,1380,1080x1920,CS SignHub,1 Online/Offline,IX26-0010,11,20/1/2026,31/12/2026,,,,,,,,,,,,,31/12/2026,220.00,NO,,,,,,,,,,,,,,
Hotlink,Maxis Broadband Sdn Bhd,"Hotlink SM Phone Shop, Mahkota Cheras",4.6.0+build-auto,301,422,1080x1920,CS SignHub,1 Online/Offline,IX26-0010,11,20/1/2026,31/12/2026,,,,,,,,,,,,,31/12/2026,220.00,NO,,,,,,,,,,,,,,
Hotlink,Maxis Broadband Sdn Bhd,"Hotlink Seremban One O One, Seremban",4.6.0+build-auto,114,229,1080x1920,CS SignHub,1 Online/Offline,IX26-0010,11,20/1/2026,31/12/2026,,,,,,,,,,,,,31/12/2026,220.00,NO,,,,,,,,,,,,,,
Hotlink,Maxis Broadband Sdn Bhd,"Hotlink Pusat Digital Utama Jaya, Tanah Merah Kelantan BM",4.6.0+build-auto,621,1327,1080x1920,CS SignHub,1 Online/Offline,IX26-0010,11,20/1/2026,31/12/2026,,,,,,,,,,,,,31/12/2026,220.00,NO,,,,,,,,,,,,,,
Hotlink,Maxis Broadband Sdn Bhd,"Hotlink Power Points Telecommunication, Penang",4.6.0+build-auto,700,1440,1080x1920,CS SignHub,1 Online/Offline,IX26-0010,11,20/1/2026,31/12/2026,,,,,,,,,,,,,31/12/2026,220.00,NO,,,,,,,,,,,,,,
Hotlink,Maxis Broadband Sdn Bhd,"Hotlink Planet Mobile Centre, Segamat BM",4.6.0+build-auto,614,1320,1080x1920,CS SignHub,1 Online/Offline,IX26-0010,11,20/1/2026,31/12/2026,,,,,,,,,,,,,31/12/2026,220.00,NO,,,,,,,,,,,,,,
Hotlink,Maxis Broadband Sdn Bhd,"Hotlink Phone Solution Trading, Kuala Perlis BM",4.6.0+build-auto,661,1381,1080x1920,CS SignHub,1 Online/Offline,IX26-0010,11,20/1/2026,31/12/2026,,,,,,,,,,,,,31/12/2026,220.00,NO,,,,,,,,,,,,,,
Hotlink,Maxis Broadband Sdn Bhd,"Hotlink OTW Mobile Telecommunication, Alor Setar",4.6.0+build-auto,659,1379,1080x1920,CS SignHub,1 Online/Offline,IX26-0010,11,20/1/2026,31/12/2026,,,,,,,,,,,,,31/12/2026,220.00,NO,,,,,,,,,,,,,,
Hotlink,Maxis Broadband Sdn Bhd,"Hotlink Nyee Kean Tan Enterprise, Selama, Perak",4.6.0+build-auto,699,1439,1080x1920,CS SignHub,1 Online/Offline,IX26-0010,11,20/1/2026,31/12/2026,,,,,,,,,,,,,31/12/2026,220.00,NO,,,,,,,,,,,,,,
Hotlink,Maxis Broadband Sdn Bhd,"Hotlink Northern Cell Enterprise, Sg Petani BM",4.6.0+build-auto,656,1376,1080x1920,CS SignHub,1 Online/Offline,IX26-0010,11,20/1/2026,31/12/2026,,,,,,,,,,,,,31/12/2026,220.00,NO,,,,,,,,,,,,,,
Hotlink,Maxis Broadband Sdn Bhd,"Hotlink Ninety Nine Mobile, Bahau Negeri Sembilan",4.6.0+build-auto,663,1383,1080x1920,CS SignHub,1 Online/Offline,IX26-0010,11,20/1/2026,31/12/2026,,,,,,,,,,,,,31/12/2026,220.00,NO,,,,,,,,,,,,,,
Hotlink,Maxis Broadband Sdn Bhd,"Hotlink NHC 82 Telecommunication, Gurun Kedah BM",4.6.0+build-auto,658,1378,1080x1920,CS SignHub,1 Online/Offline,IX26-0010,11,20/1/2026,31/12/2026,,,,,,,,,,,,,31/12/2026,220.00,NO,,,,,,,,,,,,,,
Hotlink,Maxis Broadband Sdn Bhd,"Hotlink Neptune Mobile Teleshop, Air Itam, Penang",4.6.0+build-auto,610,1316,1080x1920,CS SignHub,1 Online/Offline,IX26-0010,11,20/1/2026,31/12/2026,,,,,,,,,,,,,31/12/2026,220.00,NO,,,,,,,,,,,,,,
Hotlink,Maxis Broadband Sdn Bhd,"Hotlink My Eighty Eight Venture, Tangkak Johor BM",4.6.0+build-auto,615,1321,1080x1920,CS SignHub,1 Online/Offline,IX26-0010,11,20/1/2026,31/12/2026,,,,,,,,,,,,,31/12/2026,220.00,NO,,,,,,,,,,,,,,
Hotlink,Maxis Broadband Sdn Bhd,"Hotlink Maju Jaya, PJ",4.5.0+build-auto,107,212,1080x1920,CS SignHub,1 Online/Offline,IX26-0010,11,20/1/2026,31/12/2026,,,,,,,,,,,,,31/12/2026,220.00,NO,,,,,,,,,,,,,,
Hotlink,Maxis Broadband Sdn Bhd,"Hotlink Lon World Enterprise, Butterworth",4.6.0+build-auto,608,1314,1080x1920,CS SignHub,1 Online/Offline,IX26-0010,11,20/1/2026,31/12/2026,,,,,,,,,,,,,31/12/2026,220.00,NO,,,,,,,,,,,,,,
Hotlink,Maxis Broadband Sdn Bhd,"Hotlink KL Original Shop, Permaisuri BM",4.6.0+build-auto,43,83,1080x1920,CS SignHub,1 Online/Offline,IX26-0010,11,20/1/2026,31/12/2026,,,,,,,,,,,,,31/12/2026,220.00,NO,,,,,,,,,,,,,,
Hotlink,Maxis Broadband Sdn Bhd,"Hotlink JW One Sdn Bhd, Kedah BM",4.6.0+build-auto,657,1377,1080x1920,CS SignHub,1 Online/Offline,IX26-0010,11,20/1/2026,31/12/2026,,,,,,,,,,,,,31/12/2026,220.00,NO,,,,,,,,,,,,,,
Hotlink,Maxis Broadband Sdn Bhd,"Hotlink JJ Enterprise, Sri Aman, Sarawak",4.6.0+build-auto,697,1436,1080x1920,CS SignHub,1 Online/Offline,IX26-0010,11,20/1/2026,31/12/2026,,,,,,,,,,,,,31/12/2026,220.00,NO,,,,,,,,,,,,,,
Hotlink,Maxis Broadband Sdn Bhd,"Hotlink Jaai Enterprise, Nibong Tebal",4.6.0+build-auto,609,1315,1080x1920,CS SignHub,1 Online/Offline,IX26-0010,11,20/1/2026,31/12/2026,,,,,,,,,,,,,31/12/2026,220.00,NO,,,,,,,,,,,,,,
Hotlink,Maxis Broadband Sdn Bhd,"Hotlink J Tech Mobile, Tanah Merah Kelantan BM",4.6.0+build-auto,620,1326,1080x1920,CS SignHub,1 Online/Offline,IX26-0010,11,20/1/2026,31/12/2026,,,,,,,,,,,,,31/12/2026,220.00,NO,,,,,,,,,,,,,,
Hotlink,Maxis Broadband Sdn Bhd,"Hotlink Innovatex Communicat SB, Berjaya Times Square",4.6.0+build-auto,667,1388,1080x1920,CS SignHub,1 Online/Offline,IX26-0010,11,20/1/2026,31/12/2026,,,,,,,,,,,,,31/12/2026,220.00,NO,,,,,,,,,,,,,,
Hotlink,Maxis Broadband Sdn Bhd,"Hotlink Ieran Jaya Enterprise, Jeniang Kedah",4.6.0+build-auto,662,1382,1080x1920,CS SignHub,1 Online/Offline,IX26-0010,11,20/1/2026,31/12/2026,,,,,,,,,,,,,31/12/2026,220.00,NO,,,,,,,,,,,,,,
Hotlink,Maxis Broadband Sdn Bhd,"Hotlink H&C Sales & Service (2), Sandakan",4.6.0+build-auto,698,1437,1080x1920,CS SignHub,1 Online/Offline,IX26-0010,11,20/1/2026,31/12/2026,,,,,,,,,,,,,31/12/2026,220.00,NO,,,,,,,,,,,,,,
Hotlink,Maxis Broadband Sdn Bhd,"Hotlink Great Cellular Netline Plt, Taman Sri Andalas, Klang",4.6.0+build-auto,669,,1080x1920,CS SignHub,1 Online/Offline,IX26-0010,11,20/1/2026,31/12/2026,,,,,,,,,,,,,31/12/2026,220.00,NO,,,,,,,,,,,,,,
Hotlink,Maxis Broadband Sdn Bhd,"Hotlink Gemilang Cellular Network Sdn Bhd, Sg Pinang, Klang",4.6.0+build-auto,668,1389,1080x1920,CS SignHub,1 Online/Offline,IX26-0010,11,20/1/2026,31/12/2026,,,,,,,,,,,,,31/12/2026,220.00,NO,,,,,,,,,,,,,,
Hotlink,Maxis Broadband Sdn Bhd,"Hotlink Future Phone Trading, Kok Lanas Ketereh Kelantan BM",4.6.0+build-auto,618,1324,1080x1920,CS SignHub,1 Online/Offline,IX26-0010,11,20/1/2026,31/12/2026,,,,,,,,,,,,,31/12/2026,220.00,NO,,,,,,,,,,,,,,
Hotlink,Maxis Broadband Sdn Bhd,"Hotlink Five Zal Super Enterprise, Durian Tunggal EN",4.6.0+build-auto,616,1322,1080x1920,CS SignHub,1 Online/Offline,IX26-0010,11,20/1/2026,31/12/2026,,,,,,,,,,,,,31/12/2026,220.00,NO,,,,,,,,,,,,,,
Hotlink,Maxis Broadband Sdn Bhd,Hotlink Five Star Mobile Tele EN,,161,280,1920x1080,CS SignHub,1 Online/Offline,IX26-0010,11,20/1/2026,31/12/2026,,,,,,,,,,,,,31/12/2026,220.00,NO,,,,,,,,,,,,,,
Hotlink,Maxis Broadband Sdn Bhd,"Hotlink Five Mobile Tele, Teluk Intan",4.6.0+build-auto,607,1313,1080x1920,CS SignHub,1 Online/Offline,IX26-0010,11,20/1/2026,31/12/2026,,,,,,,,,,,,,31/12/2026,220.00,NO,,,,,,,,,,,,,,
Hotlink,Maxis Broadband Sdn Bhd,"Hotlink Esprit Always Enterprise, Pusat Bandar Senawang",4.6.0+build-auto,665,1385,1080x1920,CS SignHub,1 Online/Offline,IX26-0010,11,20/1/2026,31/12/2026,,,,,,,,,,,,,31/12/2026,220.00,NO,,,,,,,,,,,,,,
Hotlink,Maxis Broadband Sdn Bhd,"Hotlink Econcept Mobile Trading, Batu Pahat BM",4.6.0+build-auto,606,1312,1080x1920,CS SignHub,1 Online/Offline,IX26-0010,11,20/1/2026,31/12/2026,,,,,,,,,,,,,31/12/2026,220.00,NO,,,,,,,,,,,,,,
Hotlink,Maxis Broadband Sdn Bhd,"Hotlink Denly Tele Sdn Bhd, Balik Pulau",4.6.0+build-auto,611,1317,1080x1920,CS SignHub,1 Online/Offline,IX26-0010,11,20/1/2026,31/12/2026,,,,,,,,,,,,,31/12/2026,220.00,NO,,,,,,,,,,,,,,
Hotlink,Maxis Broadband Sdn Bhd,"Hotlink City Phone Care, Kuala Krai BM",4.6.0+build-auto,622,1328,1080x1920,CS SignHub,1 Online/Offline,IX26-0010,11,20/1/2026,31/12/2026,,,,,,,,,,,,,31/12/2026,220.00,NO,,,,,,,,,,,,,,
Hotlink,Maxis Broadband Sdn Bhd,"Hotlink C Two Gadget, Pavilion Bukit Jalil EN",4.6.0+build-auto,325,446,1080x1920,CS SignHub,1 Online/Offline,IX26-0010,11,20/1/2026,31/12/2026,,,,,,,,,,,,,31/12/2026,220.00,NO,,,,,,,,,,,,,,
Hotlink,Maxis Broadband Sdn Bhd,"Hotlink Belcam Network Sdn Bhd, Port Dickson",4.6.0+build-auto,664,1384,1080x1920,CS SignHub,1 Online/Offline,IX26-0010,11,20/1/2026,31/12/2026,,,,,,,,,,,,,31/12/2026,220.00,NO,,,,,,,,,,,,,,
Hotlink,Maxis Broadband Sdn Bhd,"Hotlink 99 Mobile, Bahau",,673,1404,1080x1920,CS SignHub,1 Online/Offline,IX26-0010,11,20/1/2026,31/12/2026,,,,,,,,,,,,,31/12/2026,220.00,NO,,,,,,,,,,,,,,
Parisign,Parisign,Holofan 2,,63,1,1080x1080,CS SignHub,1 Online/Offline,"IX24-6, QT109",12,23/1/2024,23/1/2025,,,,,,,,,,,,,23/1/2025,-487.00,YES,henrytan@parisign.com.my,#N/A,-empty-,,,Wastah,,,,,,,,
Parisign,Parisign,Holofan 1,,62,1,1080x1080,CS SignHub,1 Online/Offline,"IX24-6, QT109",12,23/1/2024,23/1/2025,,,,,,,,,,,,,23/1/2025,-487.00,YES,henrytan@parisign.com.my,#N/A,-empty-,,,Wastah,,,,,,,,
Maxis,Maxis Broadband Sdn Bhd,Paradigm JB MC-EN 3 - Demo TV,,300,,,CS SignHub,1 Online/Offline,IX25-0028,36,1/4/2025,1/4/2028,,,,,,,,,,,,,1/4/2028,677.00,NO,,,,,,,,,,,,,,
Maxis,Maxis Broadband Sdn Bhd,Paradigm JB MC-EN 4 - P3 (Hotlink),,298,,,CS SignHub,1 Online/Offline,IX25-0028,36,1/4/2025,1/4/2028,,,,,,,,,,,,,1/4/2028,677.00,NO,,,,,,,,,,,,,,
Maxis,Maxis Broadband Sdn Bhd,Paradigm MEP-EN 1 - Hotlink,,252,,,CS SignHub,1 Online/Offline,IX25-0028,36,1/4/2025,1/4/2028,,,,,,,,,,,,,1/4/2028,677.00,NO,,,,,,,,,,,,,,
Maxis,Maxis Broadband Sdn Bhd,Paradigm MEP-EN 2 - Postpaid P1,,251,,,CS SignHub,1 Online/Offline,IX25-0028,36,1/4/2025,1/4/2028,,,,,,,,,,,,,1/4/2028,677.00,NO,,,,,,,,,,,,,,
Maxis,Maxis Broadband Sdn Bhd,Parit Buntar MEP-EN 1 - SF,,440,,,CS SignHub,1 Online/Offline,IX25-0028,36,1/4/2025,1/4/2028,,,,,,,,,,,,,1/4/2028,677.00,NO,,,,,,,,,,,,,,
Maxis,Maxis Broadband Sdn Bhd,Parit Buntar MEP-EN 2 - Demo TV,,441,,,CS SignHub,1 Online/Offline,IX25-0028,36,1/4/2025,1/4/2028,,,,,,,,,,,,,1/4/2028,677.00,NO,,,,,,,,,,,,,,
Maxis,Maxis Broadband Sdn Bhd,Parit Buntar MEP-EN 3 - P3 (Hotlink),,442,,,CS SignHub,1 Online/Offline,IX25-0028,36,1/4/2025,1/4/2028,,,,,,,,,,,,,1/4/2028,677.00,NO,,,,,,,,,,,,,,
Maxis,Maxis Broadband Sdn Bhd,"Pasaraya Aneka, Kangar MEP-EN 1 - P3 (Hotlink)",,452,,,CS SignHub,1 Online/Offline,IX25-0028,36,1/4/2025,1/4/2028,,,,,,,,,,,,,1/4/2028,677.00,NO,,,,,,,,,,,,,,
Maxis,Maxis Broadband Sdn Bhd,"Pasaraya Aneka, Kangar MEP-EN 2 - P1 (Zerolution)",,453,,,CS SignHub,1 Online/Offline,IX25-0028,36,1/4/2025,1/4/2028,,,,,,,,,,,,,1/4/2028,677.00,NO,,,,,,,,,,,,,,
Maxis,Maxis Broadband Sdn Bhd,Pasir Mas MEPLite-BM 01 - Brandwall,,508,,1920x1080,CS SignHub,1 Online/Offline,IX25-0223,36,9/10/2025,9/10/2028,,,,,,,,,,,,,9/10/2028,868.00,NO,,,,,,,,,,,,,,
Maxis,Maxis Broadband Sdn Bhd,Pasir Mas MEPLite-BM 02 - DS 01,,507,,1920x540,CS SignHub,1 Online/Offline,IX25-0223,36,9/10/2025,9/10/2028,,,,,,,,,,,,,9/10/2028,868.00,NO,,,,,,,,,,,,,,
Maxis,Maxis Broadband Sdn Bhd,Pasir Mas MEPLite-BM 03 - DS 02,,506,,1920x540,CS SignHub,1 Online/Offline,IX25-0223,36,9/10/2025,9/10/2028,,,,,,,,,,,,,9/10/2028,868.00,NO,,,,,,,,,,,,,,
Maxis,Maxis Broadband Sdn Bhd,Pearl Point MEP-EN 1 - SF,,247,,,CS SignHub,1 Online/Offline,IX25-0028,36,1/4/2025,1/4/2028,,,,,,,,,,,,,1/4/2028,677.00,NO,,,,,,,,,,,,,,
KPJ2,Damansara Specialist Hospital,GF_AstroLED,4.6.0+build-auto 19.0.5,157,1,1920x1080,CS SignHub,1 Online/Offline,IX24-9,12,9/5/2025,9/5/2026,IX25-357,,1/12/2025,1/12/2026,,,,,,,,,1/12/2026,190.00,NO,sukhpal@kpjdamansara2.com,#N/A,-empty-,,,Wastah,,,,,,,,
Maxis,Maxis Broadband Sdn Bhd,Pearl Point MEP-EN 2 - P2,,248,,,CS SignHub,1 Online/Offline,IX25-0028,36,1/4/2025,1/4/2028,,,,,,,,,,,,,1/4/2028,677.00,NO,,,,,,,,,,,,,,
Maxis,Maxis Broadband Sdn Bhd,"Pekan Nenas, Pontian MEP-BM",,553,,,CS SignHub,1 Online/Offline,IX25-0028,36,1/4/2025,1/4/2028,,,,,,,,,,,,,1/4/2028,677.00,NO,,,,,,,,,,,,,,
Maxis,Maxis Broadband Sdn Bhd,Penang Int'l Airport MC 1 - SF,,367,,,CS SignHub,1 Online/Offline,IX25-0028,36,1/4/2025,1/4/2028,,,,,,,,,,,,,1/4/2028,677.00,NO,,,,,,,,,,,,,,
Maxis,Maxis Broadband Sdn Bhd,Penang Int'l Airport MC 2 - Postpaid,,368,,,CS SignHub,1 Online/Offline,IX25-0028,36,1/4/2025,1/4/2028,,,,,,,,,,,,,1/4/2028,677.00,NO,,,,,,,,,,,,,,
Maxis,Maxis Broadband Sdn Bhd,"Pendang, Kedah MEP-BM 1 - P1 (Postpaid)",,491,,,CS SignHub,1 Online/Offline,IX25-0028,36,1/4/2025,1/4/2028,,,,,,,,,,,,,1/4/2028,677.00,NO,,,,,,,,,,,,,,
Maxis,Maxis Broadband Sdn Bhd,"Pendang, Kedah MEP-BM 2 - P2 (Fibre)",,492,,,CS SignHub,1 Online/Offline,IX25-0028,36,1/4/2025,1/4/2028,,,,,,,,,,,,,1/4/2028,677.00,NO,,,,,,,,,,,,,,
Maxis,Maxis Broadband Sdn Bhd,"Pengkalan Chepa, KB MEP-BM",,588,,,CS SignHub,1 Online/Offline,IX25-0028,36,1/4/2025,1/4/2028,,,,,,,,,,,,,1/4/2028,677.00,NO,,,,,,,,,,,,,,
Maxis,Maxis Broadband Sdn Bhd,"Permaisuri Imperial City Mall, Miri 1 - P1 (Hanging Pole)",,409,,,CS SignHub,1 Online/Offline,IX25-0028,36,1/4/2025,1/4/2028,,,,,,,,,,,,,1/4/2028,677.00,NO,,,,,,,,,,,,,,
Maxis,Maxis Broadband Sdn Bhd,"Permaisuri Imperial City Mall, Miri 2 - P3 (Hotlink)",,410,,,CS SignHub,1 Online/Offline,IX25-0028,36,1/4/2025,1/4/2028,,,,,,,,,,,,,1/4/2028,677.00,NO,,,,,,,,,,,,,,
Maxis,Maxis Broadband Sdn Bhd,"Permaisuri Imperial City Mall, Miri 4 - SF",,411,,,CS SignHub,1 Online/Offline,IX25-0028,36,1/4/2025,1/4/2028,,,,,,,,,,,,,1/4/2028,677.00,NO,,,,,,,,,,,,,,
Maxis,Maxis Broadband Sdn Bhd,"Permaisuri Imperial City Mall, Miri MEP-EN 3 - P2 (Postpaid)",,412,,,CS SignHub,1 Online/Offline,IX25-0028,36,1/4/2025,1/4/2028,,,,,,,,,,,,,1/4/2028,677.00,NO,,,,,,,,,,,,,,
Maxis,Maxis Broadband Sdn Bhd,Permata Gedong MEP-BM 1 - P1 (Postpaid),,438,,,CS SignHub,1 Online/Offline,IX25-0028,36,1/4/2025,1/4/2028,,,,,,,,,,,,,1/4/2028,677.00,NO,,,,,,,,,,,,,,
Maxis,Maxis Broadband Sdn Bhd,Permata Gedong MEP-BM 2 - P2 (Fibre),,439,,,CS SignHub,1 Online/Offline,IX25-0028,36,1/4/2025,1/4/2028,,,,,,,,,,,,,1/4/2028,677.00,NO,,,,,,,,,,,,,,
Setia Media,Setia Media Sdn Bhd,FH008_B_Gantry,,98,1,2496x768,CS Play,3 Archive,"IX24-0023, QT161",12,1/7/2024,1/7/2025,IX25-356,12,1/1/2026,31/12/2026,,,,,,,,,31/12/2026,220.00,NO,content.setiamedia@gmail.com,#N/A,CMP0064,,,CS Play (cityscreen.cloud),,,,,,,,
Setia Media,Setia Media Sdn Bhd,FH008_A_Gantry,,171,1,2496x768,CS Play,3 Archive,"IX24-0023, QT161",12,1/7/2024,1/7/2025,IX25-356,12,1/1/2026,31/12/2026,,,,,,,,,31/12/2026,220.00,NO,content.setiamedia@gmail.com,#N/A,CMP0066,FH008_A; FH008_B,,CS Play (cityscreen.cloud),,,,,,,,
Setia Media,Setia Media Sdn Bhd,FH002_B_30x20,,185,1,1152x864,CS Play,3 Archive,"IX24-0023, QT161",12,1/7/2024,1/7/2025,IX25-356,12,1/1/2026,31/12/2026,,,,,,,,,31/12/2026,220.00,NO,content.setiamedia@gmail.com,#N/A,CMP0070,,,CS Play (cityscreen.cloud),,,,,,,,
Setia Media,Setia Media Sdn Bhd,FH002_A_30x20,,174,1,1152x864,CS Play,3 Archive,"IX24-0023, QT161",12,1/7/2024,1/7/2025,IX25-356,12,1/1/2026,31/12/2026,,,,,,,,,31/12/2026,220.00,NO,content.setiamedia@gmail.com,#N/A,CMP0069,,,CS Play (cityscreen.cloud),,,,,,,,
Icandy Ads,3 MEDIA SDN BHD,FedHiway_SubangInterX,v5.4.1 qt4.0.7,112,2,1568x1200,CS Play,1 Online/Offline,"ix24-0017, PR-0031",12,1/5/2024,1/5/2025,QT385/IX25-50,12,1/5/2025,30/4/2026,,,,,,,,,30/4/2026,-25.00,YES,admin@icandyads.com,#N/A,-empty-,,,Wastah,,,,,,,,
Prowangsa,Axis Outdoor Solution Sdn Bhd,FedHighway_NPE_Junction,4.3.0+build-auto,195,1,720x1080,CS Play,1 Online/Offline,IX24-0054,12,1/9/2024,1/9/2025,IX25-347,12,1/1/2025,31/12/2026,,,,,,,,,31/12/2026,220.00,NO,siva@aosoutdoor.com,#N/A,CMP0076,,,CS Play (cityscreen.cloud),,,,,,,,
WOW Media,IB Mentari,Federal Highway,4.0.7+build-auto,104,219,720x1140,CS Play,1 Online/Offline,IX25-0349,11,1/1/2026,31/12/2026,IX25-0349,12,1/1/2026,31/12/2026,,,,,,,,,31/12/2026,220.00,NO,aisah.s+wow@wowmedia.com.my,#N/A,-empty-,,,Wastah,,,,,,,,
OOH,Out of Home Media Sdn Bhd,Federal Highway,4.5.0+build-auto - v.5.9.2,382,,,CS Play,1 Online/Offline,QT-318,9,1/3/2025,31/12/2025,IX25-16,12,1/3/2025,1/12/2025,IX25-348,12,1/1/2026,1/12/2026,,,,,1/12/2026,190.00,NO,,,OOH1,,,,,,,,,,,
Mitsubishi,Team Moxim Sdn Bhd,"Evatrend, Taman Midah, Cheras - SC 01",4.4.0+build-auto v.5.9.1,103,,1920x1080,CS SignHub,1 Online/Offline,IX25-0146,13,1/8/2025,1/9/2026,,,,,,Yes,,,,,,,1/9/2026,99.00,NO,,,,,,,,,,,,,,
Mitsubishi,Team Moxim Sdn Bhd,"Evatrend, Setapak - SC 01",4.4.0+build-auto v.5.9.1,104,,1920x1080,CS SignHub,1 Online/Offline,IX25-0146,13,1/8/2025,1/9/2026,,,,,,Yes,,,,,,,1/9/2026,99.00,NO,,,,,,,,,,,,,,
Mitsubishi,Team Moxim Sdn Bhd,"EON Auto Mart, Kuching - SC 01",4.3.0+build-auto v.5.8.0 MSI 5.7.0,147,,1920x1080,CS SignHub,1 Online/Offline,IX25-0146,13,1/8/2025,1/9/2026,,,,,,Yes,,,,,,,1/9/2026,99.00,NO,,,,,,,,,,,,,,
Mitsubishi,Team Moxim Sdn Bhd,"EON Auto Mart, Kota Kinabalu 2 - SC 01",4.3.0+build-auto v.5.8.0 MSI 5.7.0,145,,1920x1080,CS SignHub,1 Online/Offline,IX25-0146,13,1/8/2025,1/9/2026,,,,,,Yes,,,,,,,1/9/2026,99.00,NO,,,,,,,,,,,,,,
Mitsubishi,Team Moxim Sdn Bhd,"EON Auto Mart, Johor Bahru - SC 01",4.4.0+build-auto v.5.9.1,126,,1920x1080,CS SignHub,1 Online/Offline,IX25-0146,13,1/8/2025,1/9/2026,,,,,,Yes,,,,,,,1/9/2026,99.00,NO,,,,,,,,,,,,,,
Mitsubishi,Team Moxim Sdn Bhd,"EON Auto Mart, Inanam, Kota Kinabalu - SC 01",4.3.0+build-auto v.5.8.0 MSI 5.7.0,144,,1920x1080,CS SignHub,1 Online/Offline,IX25-0146,13,1/8/2025,1/9/2026,,,,,,Yes,,,,,,,1/9/2026,99.00,NO,,,,,,,,,,,,,,
Mitsubishi,Team Moxim Sdn Bhd,"EON Auto Mart, Glenmarie - SC 01",4.3.0+build-auto v.5.8.0 MSI 5.7.0,101,,1920x1080,CS SignHub,1 Online/Offline,IX25-0146,13,1/8/2025,1/9/2026,,,,,,Yes,,,,,,,1/9/2026,99.00,NO,,,,,,,,,,,,,,
Mitsubishi,Team Moxim Sdn Bhd,"EON Auto Mart, Durian Tunggal, Melaka - SC 01",4.5.0+build-auto v.5.9.2,158,,1920x1080,CS SignHub,1 Online/Offline,IX26-0026,11,1/1/2026,31/12/2026,,,,,,Yes,,,,,,,31/12/2026,220.00,NO,,,,,,,,,,,,,,
Mitsubishi,Team Moxim Sdn Bhd,"EON Auto Mart, Bayan Lepas - SC 01",4.4.0+build-auto v.5.9.1,133,,1920x1080,CS SignHub,1 Online/Offline,IX25-0146,13,1/8/2025,1/9/2026,,,,,,Yes,,,,,,,1/9/2026,99.00,NO,,,,,,,,,,,,,,
Mitsubishi,Team Moxim Sdn Bhd,"EON Auto Mart, Ampang - SC 02",4.3.0+build-auto v.5.8.0 MSI 5.7.0,109,,1080x1920,CS SignHub,1 Online/Offline,IX25-0146,13,1/8/2025,1/9/2026,,,,,,Yes,,,,,,,1/9/2026,99.00,NO,,,,,,,,,,,,,,
Mitsubishi,Team Moxim Sdn Bhd,"EON Auto Mart, Ampang - SC 01",4.3.0+build-auto v.5.8.0 MSI 5.7.0,102,,1920x1080,CS SignHub,1 Online/Offline,IX25-0146,13,1/8/2025,1/9/2026,,,,,,Yes,,,,,,,1/9/2026,99.00,NO,,,,,,,,,,,,,,
Rollti,Iwealth Global,ELM@Pillar,4.0.8+build-auto v.5.5.0 MSI 5.5.0,85,1,384x704,CS SignHub,1 Online/Offline,PR82,12,2/8/2024,2/8/2025,QT539/IX25-157,12,2/8/2025,1/8/2026,,,,,,,,,1/8/2026,68.00,YES,admin@rollti.co,#N/A,MP2407-0025,Installation on 5/8/24. Store opened on 22/8/24,,CS SignHub (cityscreen.cloud),,,,,,,,
Rollti,Iwealth Global,ELM@Cashier,4.0.8+build-auto v.5.5.0 MSI 5.5.0,84,3,3240x1920,CS SignHub,1 Online/Offline,PR82,12,2/8/2024,2/8/2025,QT539/IX25-157,12,2/8/2025,1/8/2026,,,,,,,,,1/8/2026,68.00,YES,admin@rollti.co,#N/A,MP2407-0022,Installation on 5/8/24. Store opened on 22/8/24,,CS SignHub (cityscreen.cloud),,,,,,,,
ASC,ASC Agenda Suria Sdn Bhd,Elite Highway,,368,,,CS Play,3 Archive,IX25-0035,0,16/4/2025,16/4/2025,,,,,,,,,,,,,16/4/2025,-404.00,NO,,,,non-active,,,,,,,,,,
Maxis,Maxis Broadband Sdn Bhd,PJ New Town MEP-EN,,220,,,CS SignHub,1 Online/Offline,IX25-0028,36,1/4/2025,1/4/2028,,,,,,,,,,,,,1/4/2028,677.00,NO,,,,,,,,,,,,,,
Maxis,Maxis Broadband Sdn Bhd,Plaza 333 MEP-EN 1 - P1 (Next to Hotlink),,423,,,CS SignHub,1 Online/Offline,IX25-0028,36,1/4/2025,1/4/2028,,,,,,,,,,,,,1/4/2028,677.00,NO,,,,,,,,,,,,,,
Maxis,Maxis Broadband Sdn Bhd,Plaza 333 MEP-EN 2 - P2 (Fibre),,424,,,CS SignHub,1 Online/Offline,IX25-0028,36,1/4/2025,1/4/2028,,,,,,,,,,,,,1/4/2028,677.00,NO,,,,,,,,,,,,,,
Maxis,Maxis Broadband Sdn Bhd,Plaza Low Yat MEP-EN 1 - Demo TV,,231,,,CS SignHub,1 Online/Offline,IX25-0028,36,1/4/2025,1/4/2028,,,,,,,,,,,,,1/4/2028,677.00,NO,,,,,,,,,,,,,,
Maxis,Maxis Broadband Sdn Bhd,Plaza Low Yat MEP-EN 2 - Video Wall,,230,,,CS SignHub,1 Online/Offline,IX25-0028,36,1/4/2025,1/4/2028,,,,,,,,,,,,,1/4/2028,677.00,NO,,,,,,,,,,,,,,
Maxis,Maxis Broadband Sdn Bhd,Plaza Low Yat MEP-EN 3 - Hotlink,,232,,,CS SignHub,1 Online/Offline,IX25-0028,36,1/4/2025,1/4/2028,,,,,,,,,,,,,1/4/2028,677.00,NO,,,,,,,,,,,,,,
Maxis,Maxis Broadband Sdn Bhd,Plaza Low Yat MEP-EN 4 - P2,,233,,,CS SignHub,1 Online/Offline,IX25-0028,36,1/4/2025,1/4/2028,,,,,,,,,,,,,1/4/2028,677.00,NO,,,,,,,,,,,,,,
Maxis,Maxis Broadband Sdn Bhd,Plaza Merdeka MC-BM 1 - SF,,312,,,CS SignHub,1 Online/Offline,IX25-0028,36,1/4/2025,1/4/2028,,,,,,,,,,,,,1/4/2028,677.00,NO,,,,,,,,,,,,,,
Maxis,Maxis Broadband Sdn Bhd,Plaza Merdeka MC-BM 2 - P2 (Postpaid),,314,,,CS SignHub,1 Online/Offline,IX25-0028,36,1/4/2025,1/4/2028,,,,,,,,,,,,,1/4/2028,677.00,NO,,,,,,,,,,,,,,
Maxis,Maxis Broadband Sdn Bhd,Plaza Merdeka MC-BM 3 - Demo TV,,313,,,CS SignHub,1 Online/Offline,IX25-0028,36,1/4/2025,1/4/2028,,,,,,,,,,,,,1/4/2028,677.00,NO,,,,,,,,,,,,,,
Maxis,Maxis Broadband Sdn Bhd,Plaza Merdeka MC-BM 4 - MIRA,,315,,,CS SignHub,1 Online/Offline,IX25-0028,36,1/4/2025,1/4/2028,,,,,,,,,,,,,1/4/2028,677.00,NO,,,,,,,,,,,,,,
Maxis,Maxis Broadband Sdn Bhd,Plaza Merdeka MC-BM 5 - P3 (Hotlink),,316,,,CS SignHub,1 Online/Offline,IX25-0028,36,1/4/2025,1/4/2028,,,,,,,,,,,,,1/4/2028,677.00,NO,,,,,,,,,,,,,,
Maxis,Maxis Broadband Sdn Bhd,Pontian Town MEP-BM,,549,,,CS SignHub,1 Online/Offline,IX25-0028,36,1/4/2025,1/4/2028,,,,,,,,,,,,,1/4/2028,677.00,NO,,,,,,,,,,,,,,
Maxis,Maxis Broadband Sdn Bhd,Port Dickson MEP-EN,,246,,,CS SignHub,1 Online/Offline,IX25-0028,36,1/4/2025,1/4/2028,,,,,,,,,,,,,1/4/2028,677.00,NO,,,,,,,,,,,,,,
Maxis,Maxis Broadband Sdn Bhd,Prai MC-EN 1 - P3 (Hotlink),,304,,,CS SignHub,1 Online/Offline,IX25-0028,36,1/4/2025,1/4/2028,,,,,,,,,,,,,1/4/2028,677.00,NO,,,,,,,,,,,,,,
Maxis,Maxis Broadband Sdn Bhd,Prai MC-EN 2 - MIRA,,305,,,CS SignHub,1 Online/Offline,IX25-0028,36,1/4/2025,1/4/2028,,,,,,,,,,,,,1/4/2028,677.00,NO,,,,,,,,,,,,,,
Maxis,Maxis Broadband Sdn Bhd,Prai MC-EN 3 - Demo TV,,306,,,CS SignHub,1 Online/Offline,IX25-0028,36,1/4/2025,1/4/2028,,,,,,,,,,,,,1/4/2028,677.00,NO,,,,,,,,,,,,,,
Maxis,Maxis Broadband Sdn Bhd,Prai MC-EN 4 - P1 (Back),,307,,,CS SignHub,1 Online/Offline,IX25-0028,36,1/4/2025,1/4/2028,,,,,,,,,,,,,1/4/2028,677.00,NO,,,,,,,,,,,,,,
Maxis,Maxis Broadband Sdn Bhd,Prangin Mall MEP-EN 1 - P2 (Fibree),,477,,,CS SignHub,1 Online/Offline,IX25-0028,36,1/4/2025,1/4/2028,,,,,,,,,,,,,1/4/2028,677.00,NO,,,,,,,,,,,,,,
Maxis,Maxis Broadband Sdn Bhd,Prangin Mall MEP-EN 2 - P1 (Postpaid),,476,,,CS SignHub,1 Online/Offline,IX25-0028,36,1/4/2025,1/4/2028,,,,,,,,,,,,,1/4/2028,677.00,NO,,,,,,,,,,,,,,
Maxis,Maxis Broadband Sdn Bhd,Prangin Mall MEP-EN 3 - P3 (Hotlink),,478,,,CS SignHub,1 Online/Offline,IX25-0028,36,1/4/2025,1/4/2028,,,,,,,,,,,,,1/4/2028,677.00,NO,,,,,,,,,,,,,,
BTO,BIg Tree Outdoor,DigitalTowerZenithMall,4.0.8+build-auto v.5.5.0 MSI 5.5.0 14.2.0,133,3,1344x896,CS Play,1 Online/Offline,QT156 / IX24-19,12,10/6/2024,10/6/2025,QT423 / IX25-65,12,10/6/2025,10/6/2026,QT-000949,12,10/6/2026,9/6/2027,,,,,9/6/2027,380.00,NO,faezan.ajlan@bigtree.com.my,#N/A,CMP0031,,3 verticals side by side,CS Play (cityscreen.cloud),,,,,,,,
BTO,BIg Tree Outdoor,DigitalTowerTTDI,4.0.7+build-auto v.5.4.1 MSI 5.4.1 13.2.0,126,1,1680x1344,CS Play,1 Online/Offline,QT156 / IX24-19,12,10/6/2024,10/6/2025,QT423 / IX25-65,12,10/6/2025,10/6/2026,QT-000949,12,10/6/2026,9/6/2027,,,,,9/6/2027,380.00,NO,faezan.ajlan@bigtree.com.my,#N/A,CMP0024,,,CS Play (cityscreen.cloud),,,,,,,,
BTO,BIg Tree Outdoor,DigitalTowerPersiaranSurian,4.3.0+build-auto v.5.8.0 MSI 5.7.0 17.1.0,134,4,1920x1008,CS Play,1 Online/Offline,QT156 / IX24-19,12,10/6/2024,10/6/2025,QT423 / IX25-65,12,10/6/2025,10/6/2026,QT-000949,12,10/6/2026,9/6/2027,,,,,9/6/2027,380.00,NO,faezan.ajlan@bigtree.com.my,#N/A,CMP0032,,4 verticals side by side,CS Play (cityscreen.cloud),,,,,,,,
BTO,BIg Tree Outdoor,DigitalTowerPBD,4.0.7+build-auto v.5.4.1 MSI 5.4.1 13.2.0,127,1,1920x756,CS Play,1 Online/Offline,QT156 / IX24-19,12,10/6/2024,10/6/2025,QT423 / IX25-65,12,10/6/2025,10/6/2026,QT-000949,12,10/6/2026,9/6/2027,,,,,9/6/2027,380.00,NO,faezan.ajlan@bigtree.com.my,#N/A,CMP0025,,,CS Play (cityscreen.cloud),,,,,,,,
BTO,BIg Tree Outdoor,DigitalTowerJalanCheras,4.3.0+build-auto v.5.8.0 MSI 5.7.0 17.1.0,135,4,1920x1008,CS Play,1 Online/Offline,QT156 / IX24-19,12,10/6/2024,10/6/2025,QT423 / IX25-65,12,10/6/2025,10/6/2026,QT-000949,12,10/6/2026,9/6/2027,,,,,9/6/2027,380.00,NO,faezan.ajlan@bigtree.com.my,#N/A,CMP0033,,4 verticals side by side,CS Play (cityscreen.cloud),,,,,,,,
Maxis,Maxis Broadband Sdn Bhd,Prangin Mall MEP-EN 4 - SF,,479,,,CS SignHub,1 Online/Offline,IX25-0028,36,1/4/2025,1/4/2028,,,,,,,,,,,,,1/4/2028,677.00,NO,,,,,,,,,,,,,,
CEVA Logistics,Ledtronics,Decathlon,,,,n/a,Intuiface,2 Inacitve ,"IX24-5, QT124",12,19/1/2024,20/1/2025,,,,,,,,,,,,,20/1/2025,-490.00,NO,ext.selventhiran.manimaran@cevalogistics.com,#N/A,-empty-,,,Wastah,,,,,,,,
Maxis,Maxis Broadband Sdn Bhd,Publika MEP-EN,,45,,1920x1080,CS SignHub,1 Online/Offline,IX25-0028,36,1/4/2025,1/4/2028,,,,,,,,,,,,,1/4/2028,677.00,NO,,,,,,,,,,,,,,
Maxis,Maxis Broadband Sdn Bhd,Quayside MC-EN 1 - SF,,111,,,CS SignHub,1 Online/Offline,IX25-0028,36,1/4/2025,1/4/2028,,,,,,,,,,,,,1/4/2028,677.00,NO,,,,,,,,,,,,,,
Maxis,Maxis Broadband Sdn Bhd,Quayside MC-EN 2 - Demo TV,,110,,,CS SignHub,1 Online/Offline,IX25-0028,36,1/4/2025,1/4/2028,,,,,,,,,,,,,1/4/2028,677.00,NO,,,,,,,,,,,,,,
Maxis,Maxis Broadband Sdn Bhd,Quayside MC-EN 3 - MIRA,,109,,,CS SignHub,1 Online/Offline,IX25-0028,36,1/4/2025,1/4/2028,,,,,,,,,,,,,1/4/2028,677.00,NO,,,,,,,,,,,,,,
Maxis,Maxis Broadband Sdn Bhd,Queensbay MC-EN 1 - MIRA,,126,,,CS SignHub,1 Online/Offline,IX25-0028,36,1/4/2025,1/4/2028,,,,,,,,,,,,,1/4/2028,677.00,NO,,,,,,,,,,,,,,
Maxis,Maxis Broadband Sdn Bhd,Queensbay MC-EN 2 - Demo TV,,127,,,CS SignHub,1 Online/Offline,IX25-0028,36,1/4/2025,1/4/2028,,,,,,,,,,,,,1/4/2028,677.00,NO,,,,,,,,,,,,,,
Maxis,Maxis Broadband Sdn Bhd,Queensbay MC-EN 3 - P3 (LED),,124,,,CS SignHub,1 Online/Offline,IX25-0028,36,1/4/2025,1/4/2028,,,,,,,,,,,,,1/4/2028,677.00,NO,,,,,,,,,,,,,,
Maxis,Maxis Broadband Sdn Bhd,Queensbay MC-EN 4 - P3 (Fibre),,125,,,CS SignHub,1 Online/Offline,IX25-0028,36,1/4/2025,1/4/2028,,,,,,,,,,,,,1/4/2028,677.00,NO,,,,,,,,,,,,,,
Maxis,Maxis Broadband Sdn Bhd,Queensbay MC-EN 5 - P2 (QMS A),,129,,,CS SignHub,1 Online/Offline,IX25-0028,36,1/4/2025,1/4/2028,,,,,,,,,,,,,1/4/2028,677.00,NO,,,,,,,,,,,,,,
Maxis,Maxis Broadband Sdn Bhd,Queensbay MC-EN 6 - P2 (QMS B),,128,,,CS SignHub,1 Online/Offline,IX25-0028,36,1/4/2025,1/4/2028,,,,,,,,,,,,,1/4/2028,677.00,NO,,,,,,,,,,,,,,
Maxis,Maxis Broadband Sdn Bhd,Queensbay MC-EN 7 - P1 (Postpaid R),,130,,,CS SignHub,1 Online/Offline,IX25-0028,36,1/4/2025,1/4/2028,,,,,,,,,,,,,1/4/2028,677.00,NO,,,,,,,,,,,,,,
BTO,BIg Tree Outdoor,CubigSunway,4.0.7+build-auto v.5.4.1 MSI 5.4.1 13.1.0,122,1,1280x1728,CS Play,1 Online/Offline,QT156 / IX24-19,12,10/6/2024,10/6/2025,QT423 / IX25-65,12,10/6/2025,10/6/2026,QT-000975,12,10/6/2026,9/6/2027,,,,,9/6/2027,380.00,NO,faezan.ajlan@bigtree.com.my,#N/A,CMP0020,,,CS Play (cityscreen.cloud),,,,,,,,
BTO,BIg Tree Outdoor,CubigSultanIsmail,4.0.7+build-auto v.5.4.1 MSI 5.4.1 13.2.0,120,1,1560x600,CS Play,1 Online/Offline,QT156 / IX24-19,12,10/6/2024,10/6/2025,QT423 / IX25-65,12,10/6/2025,10/6/2026,QT-000949,12,10/6/2026,9/6/2027,,,,,9/6/2027,380.00,NO,faezan.ajlan@bigtree.com.my,#N/A,CMP0018,,,CS Play (cityscreen.cloud),,,,,,,,
BTO,BIg Tree Outdoor,CubigSeriesUSJ,4.0.8+build-auto v.5.5.0 MSI 5.5.0 14.2.0,181,1,2112x2304,CS Play,1 Online/Offline,QT156 / IX24-19,12,10/6/2024,10/6/2025,QT423 / IX25-65,12,10/6/2025,10/6/2026,QT-000949,12,10/6/2026,9/6/2027,,,,,9/6/2027,380.00,NO,faezan.ajlan@bigtree.com.my,,,,,,,,,,,,,
BTO,BIg Tree Outdoor,CubigSeriesTimesSquare,4.0.7+build-auto v.5.4.1 MSI 5.4.1 13.2.0,164,1,1800x1800,CS Play,1 Online/Offline,QT156 / IX24-19,12,10/6/2024,10/6/2025,QT423 / IX25-65,12,10/6/2025,10/6/2026,QT-000949,12,10/6/2026,9/6/2027,,,,,9/6/2027,380.00,NO,faezan.ajlan@bigtree.com.my,#N/A,CMP0054,,,CS Play (cityscreen.cloud),,,,,,,,
BTO,BIg Tree Outdoor,CubigSeriesJlnSultanIsmail,4.3.0+build-auto v.5.8.0 MSI 5.7.0 17.1.0,162,1,1632x1440,CS Play,1 Online/Offline,QT156 / IX24-19,12,10/6/2024,10/6/2025,QT423 / IX25-65,12,10/6/2025,10/6/2026,QT-000949,12,10/6/2026,9/6/2027,,,,,9/6/2027,380.00,NO,faezan.ajlan@bigtree.com.my,#N/A,CMP0052,,,CS Play (cityscreen.cloud),,,,,,,,
BTO,BIg Tree Outdoor,CubigSeriesJlnBangsar,4.0.8+build-auto v.5.5.0 MSI 5.5.0 14.2.0,131,1,2208x2304,CS Play,1 Online/Offline,QT156 / IX24-19,12,10/6/2024,10/6/2025,QT423 / IX25-65,12,10/6/2025,10/6/2026,QT-000949,12,10/6/2026,9/6/2027,,,,,9/6/2027,380.00,NO,faezan.ajlan@bigtree.com.my,#N/A,CMP0029,,horizontal frames vertically stacked,CS Play (cityscreen.cloud),,,,,,,,
BTO,BIg Tree Outdoor,CubigSeriesBukitBintang,4.0.8+build-auto v.5.5.0 MSI 5.5.0 14.2.0,163,1,3840x960,CS Play,1 Online/Offline,QT156 / IX24-19,12,10/6/2024,10/6/2025,QT423 / IX25-65,12,10/6/2025,10/6/2026,QT-000949,12,10/6/2026,9/6/2027,,,,,9/6/2027,380.00,NO,faezan.ajlan@bigtree.com.my,#N/A,MP2403-0005,,,CS Play (cityscreen.cloud),,,,,,,,
BTO,BIg Tree Outdoor,CubigMRR2_B_ToAmpang,4.3.0+build-auto v.5.8.0 MSI 5.7.0 17.1.0,423,,1248x1824,CS Play,1 Online/Offline,IX25-0038,12,1/5/2025,1/5/2026,,,,,QT-000949,12,10/6/2026,9/6/2027,,,,,9/6/2027,380.00,NO,faezan.ajlan@bigtree.com.my,#N/A,,,,,,,,,,,,
BTO,BIg Tree Outdoor,CubigMRR2_A_ToKL,4.3.0+build-auto v.5.8.0 MSI 5.7.0 17.1.0,422,,1248x1824,CS Play,1 Online/Offline,IX25-0038,12,1/5/2025,1/5/2026,,,,,QT-000949,12,10/6/2026,9/6/2027,,,,,9/6/2027,380.00,NO,faezan.ajlan@bigtree.com.my,#N/A,,,,,,,,,,,,
BTO,BIg Tree Outdoor,CubigLDP_KJ,4.3.0+build-auto v.5.8.0 MSI 5.7.0 17.1.0,123,1,1248x1824,CS Play,1 Online/Offline,QT156 / IX24-19,12,10/6/2024,10/6/2025,QT423 / IX25-65,12,10/6/2025,10/6/2026,QT-000975,12,10/6/2026,9/6/2027,,,,,9/6/2027,380.00,NO,faezan.ajlan@bigtree.com.my,#N/A,CMP0021,,,CS Play (cityscreen.cloud),,,,,,,,
BTO,BIg Tree Outdoor,CubigLDP_DU,4.0.7+build-auto v.5.4.1 MSI 5.4.1 13.2.0,121,1,1280x1728,CS Play,1 Online/Offline,QT156 / IX24-19,12,10/6/2024,10/6/2025,QT423 / IX25-65,12,10/6/2025,10/6/2026,QT-000975,12,10/6/2026,9/6/2027,,,,,9/6/2027,380.00,NO,faezan.ajlan@bigtree.com.my,#N/A,CMP0019,,,CS Play (cityscreen.cloud),,,,,,,,
BTO,BIg Tree Outdoor,CubigKLSeremban,4.0.8+build-auto v.5.5.0 MSI 5.5.0 14.2.0,118,2,1248x1824,CS Play,1 Online/Offline,QT156 / IX24-19,12,10/6/2024,10/6/2025,QT423 / IX25-65,12,10/6/2025,10/6/2026,QT-000949,12,10/6/2026,9/6/2027,,,,,9/6/2027,380.00,NO,faezan.ajlan@bigtree.com.my,#N/A,CMP0016,,,CS Play (cityscreen.cloud),,,,,,,,
BTO,BIg Tree Outdoor,CubigKLCCJunction,4.1.0+build-auto v.5.6.0 MSI 5.6.0 15.0.1,117,1,7232x1152,CS Play,1 Online/Offline,QT156 / IX24-19,12,10/6/2024,10/6/2025,QT423 / IX25-65,12,10/6/2025,10/6/2026,QT-000949,12,10/6/2026,9/6/2027,,,,,9/6/2027,380.00,NO,faezan.ajlan@bigtree.com.my,#N/A,CMP0015,,,CS Play (cityscreen.cloud),,,,,,,,
BTO,BIg Tree Outdoor,CubigJohorSingaporeCauseway,#N/A,165,1,1440x1890,CS Play,1 Online/Offline,QT156 / IX24-19,12,10/6/2024,10/6/2025,QT423 / IX25-65,12,10/6/2025,10/6/2026,QT-000949,12,10/6/2026,9/6/2027,,,,,9/6/2027,380.00,NO,faezan.ajlan@bigtree.com.my,#N/A,CMP0055,,,CS Play (cityscreen.cloud),,,,,,,,
BTO,BIg Tree Outdoor,CubigJlnTunRazak_ToKLCC,4.3.0+build-auto v.5.8.0 MSI 5.7.0 17.1.0,132,4,1760x960,CS Play,1 Online/Offline,QT156 / IX24-19,12,10/6/2024,10/6/2025,QT423 / IX25-65,12,10/6/2025,10/6/2026,QT-000949,12,10/6/2026,9/6/2027,,,,,9/6/2027,380.00,NO,faezan.ajlan@bigtree.com.my,#N/A,CMP0030,,only 2 frames done - remaining 2 frames pending confirmation - 23/4/24,CS Play (cityscreen.cloud),,,,,,,,
BTO,V-Series International,CubigJlnTunRazak_ToJlnPahang,#N/A,132,1,1280x1824,CS Play,1 Online/Offline,QT234 / IX24-61,12,1/9/2024,1/9/2025,Awaiting JT update,,,,,,,,,,,,1/9/2025,-266.00,YES,faezan.ajlan@bigtree.com.my,#N/A,CMP0077,,,CS Play (cityscreen.cloud),,,,,,,,
BTO,V-Series International,CubigJlnTunRazak_ToJlnAmpang,#N/A,166,1,1280x1824,CS Play,1 Online/Offline,QT234 / IX24-61,12,1/9/2024,1/9/2025,Awaiting JT update,,,,,,,,,,,,1/9/2025,-266.00,YES,faezan.ajlan@bigtree.com.my,#N/A,cmp0078,,,CS Play (cityscreen.cloud),,,,,,,,
BTO,BIg Tree Outdoor,CubigJelutongExpway,4.0.8+build-auto v.5.5.0 MSI 5.5.0 14.2.0,128,2,1920x1248,CS Play,1 Online/Offline,QT156 / IX24-19,12,10/6/2024,10/6/2025,QT423 / IX25-65,12,10/6/2025,10/6/2026,QT-000949,12,10/6/2026,9/6/2027,,,,,9/6/2027,380.00,NO,faezan.ajlan@bigtree.com.my,#N/A,CMP0026,,,CS Play (cityscreen.cloud),,,,,,,,
BTO,BIg Tree Outdoor,CubigJalanDamansara,4.0.8+build-auto v.5.5.0 MSI 5.5.0 14.2.0,115,1,2400x960,CS Play,1 Online/Offline,QT156 / IX24-19,12,10/6/2024,10/6/2025,QT423 / IX25-65,12,10/6/2025,10/6/2026,QT-000949,12,10/6/2026,9/6/2027,,,,,9/6/2027,380.00,NO,faezan.ajlan@bigtree.com.my,#N/A,CMP0013,,,CS Play (cityscreen.cloud),,,,,,,,
BTO,Big Tree Outdoor,CubigImbi,#N/A,101,1,2500x560,CS Play,1 Online/Offline,QT156 / IX24-19,12,10/6/2024,10/6/2025,QT423 / IX25-65,12,10/6/2025,10/6/2026,QT-000949,12,10/6/2026,9/6/2027,,,,,9/6/2027,380.00,NO,faezan.ajlan@bigtree.com.my,#N/A,-empty-,,,Wastah,,,,,,,,
BTO,BIg Tree Outdoor,CubigFederalHighwayB_ToSubang,4.0.7+build-auto v.5.4.1 MSI 5.4.1 13.2.0,161,1,1280x1728,CS Play,1 Online/Offline,QT156 / IX24-19,12,10/6/2024,10/6/2025,QT423 / IX25-65,12,10/6/2025,10/6/2026,QT-000949,12,10/6/2026,9/6/2027,,,,,9/6/2027,380.00,NO,faezan.ajlan@bigtree.com.my,#N/A,,,,CS Play (cityscreen.cloud),,,,,,,,
BTO,BIg Tree Outdoor,CubigFederalHighwayA_ToKL,4.0.7+build-auto v.5.4.1 MSI 5.4.1 13.2.0,119,1,1280x1728,CS Play,1 Online/Offline,QT156 / IX24-19,12,10/6/2024,10/6/2025,QT423 / IX25-65,12,10/6/2025,10/6/2026,QT-000949,12,10/6/2026,9/6/2027,,,,,9/6/2027,380.00,NO,faezan.ajlan@bigtree.com.my,#N/A,CMP0017,,,CS Play (cityscreen.cloud),,,,,,,,
BTO,BIg Tree Outdoor,CubigBangsar,4.0.8+build-auto v.5.5.0 MSI 5.5.0 14.2.0,124,1,1536x576,CS Play,1 Online/Offline,QT156 / IX24-19,12,10/6/2024,10/6/2025,QT423 / IX25-65,12,10/6/2025,10/6/2026,QT-000976,12,10/6/2026,9/6/2027,,,,,9/6/2027,380.00,NO,faezan.ajlan@bigtree.com.my,#N/A,CMP0022,,,CS Play (cityscreen.cloud),,,,,,,,
BTO,Twintech / Big Tree Outdoor,Cubig Gantry TRX - To Kg Pandan,4.5.0+build-auto v.5.9.2 19.0.5,436,,,CS Play,1 Online/Offline,QT-544/IX25-306,12,1/12/2025,1/12/2026,,,,,QT-000949,12,10/6/2026,9/6/2027,,,,,9/6/2027,380.00,NO,,,,,,,,,,,,,,
BTO,Twintech / Big Tree Outdoor,Cubig Gantry TRX - To Bukit Bintang,4.5.0+build-auto v.5.9.2 19.0.5,437,,,CS Play,1 Online/Offline,QT-544/IX25-306,12,1/12/2025,1/12/2026,,,,,QT-000949,12,10/6/2026,9/6/2027,,,,,9/6/2027,380.00,NO,,,,,,,,,,,,,,
BTO,BIg Tree Outdoor,CubeMasjidJamek,4.0.7+build-auto v.5.4.1 MSI 5.4.1 13.2.0,114,1,1536x896,CS Play,1 Online/Offline,QT156 / IX24-19,12,10/6/2024,10/6/2025,QT423 / IX25-65,12,10/6/2025,10/6/2026,QT-000949,12,10/6/2026,9/6/2027,,,,,9/6/2027,380.00,NO,faezan.ajlan@bigtree.com.my,#N/A,MP2303-0015,,,CS Play (cityscreen.cloud),,,,,,,,
BTO,BIg Tree Outdoor,CubeKLCC,4.0.7+build-auto v.5.4.1 MSI 5.4.1 13.2.0,113,1,1536x896,CS Play,1 Online/Offline,QT156 / IX24-19,12,10/6/2024,10/6/2025,QT423 / IX25-65,12,10/6/2025,10/6/2026,,,,,,,,,10/6/2026,16.00,YES,faezan.ajlan@bigtree.com.my,#N/A,MP2303-0014,,,CS Play (cityscreen.cloud),,,,,,,,
CEVA Logistics,Ledtronics,CP Player,,,,n/a,Intuiface,2 Inacitve ,"IX24-5, QT124",12,19/1/2024,20/1/2025,,,,,,,,,,,,,20/1/2025,-490.00,NO,ext.selventhiran.manimaran@cevalogistics.com,#N/A,-empty-,,,Wastah,,,,,,,,
BTO,BIg Tree Outdoor,CosmicTowerKLS,4.0.8+build-auto v.5.5.0 MSI 5.5.0 14.2.0,116,1,2176x1472,CS Play,1 Online/Offline,QT156 / IX24-19,12,10/6/2024,10/6/2025,QT423 / IX25-65,12,10/6/2025,10/6/2026,,,,,,,,,10/6/2026,16.00,YES,faezan.ajlan@bigtree.com.my,#N/A,CMP0014,,,CS Play (cityscreen.cloud),,,,,,,,
Parisign,Parisign,CNY Plai Thee Kong Event,,,,,CS SignHub,2 Trial/Demo,IX26-0050,3,1/2/2026,1/5/2026,,,,,,Yes,,,,,,,1/5/2026,-24.00,YES,,,,Its live on site,,,,,,,,,,
Maxis,Maxis Broadband Sdn Bhd,Queensbay MC-EN 8 - P1 (Postpaid L),,131,,,CS SignHub,1 Online/Offline,IX25-0028,36,1/4/2025,1/4/2028,,,,,,,,,,,,,1/4/2028,677.00,NO,,,,,,,,,,,,,,
Maxis,Maxis Broadband Sdn Bhd,"Raja Uda, Butterworth MEP-BM",,475,,,CS SignHub,1 Online/Offline,IX25-0028,36,1/4/2025,1/4/2028,,,,,,,,,,,,,1/4/2028,677.00,NO,,,,,,,,,,,,,,
Maxis,Maxis Broadband Sdn Bhd,"Raub, Pahang MEP-BM",,584,,,CS SignHub,1 Online/Offline,IX25-0028,36,1/4/2025,1/4/2028,,,,,,,,,,,,,1/4/2028,677.00,NO,,,,,,,,,,,,,,
Aeon Mall,Kesion Malaysia Sdn Bhd,CherasSelatan_DS 4,4.5.0+build-auto,209,1,1080x1920,CS Play,1 Online/Offline,QT257,12,1/1/2025,1/1/2026,IX26-0137,12,1/1/2026,31/12/2026,,,,,,,,,31/12/2026,220.00,NO,naim@kesion.co.jp,K3s10njp,KEPL-0019,,,CS Play (cityscreen.cloud),,,,,,,,
Aeon Mall,Kesion Malaysia Sdn Bhd,CherasSelatan_DS 3,4.5.0+build-auto,210,1,1080x1920,CS Play,1 Online/Offline,QT257,12,1/1/2025,1/1/2026,IX26-0137,12,1/1/2026,31/12/2026,,,,,,,,,31/12/2026,220.00,NO,naim@kesion.co.jp,K3s10njp,KEPL-0018,,,CS Play (cityscreen.cloud),,,,,,,,
Aeon Mall,Kesion Malaysia Sdn Bhd,CherasSelatan_DS 2,4.3.0+build-auto,207,1,1080x1920,CS Play,1 Online/Offline,QT257,12,1/1/2025,1/1/2026,IX26-0137,12,1/1/2026,31/12/2026,,,,,,,,,31/12/2026,220.00,NO,naim@kesion.co.jp,K3s10njp,KEPL-0017,,,CS Play (cityscreen.cloud),,,,,,,,
Aeon Mall,Kesion Malaysia Sdn Bhd,CherasSelatan_DS 1,4.5.0+build-auto,208,1,1080x1920,CS Play,1 Online/Offline,QT257,12,1/1/2025,1/1/2026,IX26-0137,12,1/1/2026,31/12/2026,,,,,,,,,31/12/2026,220.00,NO,naim@kesion.co.jp,K3s10njp,KEPL-0016,,,CS Play (cityscreen.cloud),,,,,,,,
Maxis,Maxis Broadband Sdn Bhd,"Repok Road, Sarikei MEP-EN 1 - P2 (Home)",,413,,,CS SignHub,1 Online/Offline,IX25-0028,36,1/4/2025,1/4/2028,,,,,,,,,,,,,1/4/2028,677.00,NO,,,,,,,,,,,,,,
Maxis,Maxis Broadband Sdn Bhd,"Repok Road, Sarikei MEP-EN 2 - P3 (Hotlink)",,414,,,CS SignHub,1 Online/Offline,IX25-0028,36,1/4/2025,1/4/2028,,,,,,,,,,,,,1/4/2028,677.00,NO,,,,,,,,,,,,,,
Maxis,Maxis Broadband Sdn Bhd,"Repok Road, Sarikei MEP-EN 3 - P1",,415,,,CS SignHub,1 Online/Offline,IX25-0028,36,1/4/2025,1/4/2028,,,,,,,,,,,,,1/4/2028,677.00,NO,,,,,,,,,,,,,,
Maxis,Maxis Broadband Sdn Bhd,Sandakan Labok MEP-EN,,546,,,CS SignHub,1 Online/Offline,IX25-0028,36,1/4/2025,1/4/2028,,,,,,,,,,,,,1/4/2028,677.00,NO,,,,,,,,,,,,,,
Maxis,Maxis Broadband Sdn Bhd,Sandakan MC-EN 1 - P1 (Business),,350,,,CS SignHub,1 Online/Offline,IX25-0028,36,1/4/2025,1/4/2028,,,,,,,,,,,,,1/4/2028,677.00,NO,,,,,,,,,,,,,,
Maxis,Maxis Broadband Sdn Bhd,Sandakan MC-EN 2 - P2 (Postpaid),,351,,,CS SignHub,1 Online/Offline,IX25-0028,36,1/4/2025,1/4/2028,,,,,,,,,,,,,1/4/2028,677.00,NO,,,,,,,,,,,,,,
Maxis,Maxis Broadband Sdn Bhd,Sandakan MC-EN 3 - P3 (Hotlink),,352,,,CS SignHub,1 Online/Offline,IX25-0028,36,1/4/2025,1/4/2028,,,,,,,,,,,,,1/4/2028,677.00,NO,,,,,,,,,,,,,,
Maxis,Maxis Broadband Sdn Bhd,Sandakan Telepost MEP-BM,,429,,,CS SignHub,1 Online/Offline,IX25-0028,36,1/4/2025,1/4/2028,,,,,,,,,,,,,1/4/2028,677.00,NO,,,,,,,,,,,,,,
Maxis,Maxis Broadband Sdn Bhd,"Saradise, Kuching MEPLite-EN 01 - Brandwall",,293,,1920x1080,CS SignHub,1 Online/Offline,IX25-0245,36,26/9/2025,26/9/2028,,,,,,,,,,,,,26/9/2028,855.00,NO,,,,,,,,,,,,,,
Maxis,Maxis Broadband Sdn Bhd,"Saradise, Kuching MEPLite-EN 02 - DS01",,310,,1920x540,CS SignHub,1 Online/Offline,IX25-0245,36,26/9/2025,26/9/2028,,,,,,,,,,,,,26/9/2028,855.00,NO,,,,,,,,,,,,,,
Maxis,Maxis Broadband Sdn Bhd,"Saradise, Kuching MEPLite-EN 03 - DS02",,201,,1920x540,CS SignHub,1 Online/Offline,IX25-0245,36,26/9/2025,26/9/2028,,,,,,,,,,,,,26/9/2028,855.00,NO,,,,,,,,,,,,,,
SSY Outdoor,SSY Outdoor,BulatanSultanIskandar,,111,,896x480,CS Play,1 Online/Offline,IX24-0014,12,15/3/2024,15/3/2025,IX25-0024,12,16/3/2025,16/3/2026,IX26-0166,12,13/3/2026,15/3/2027,,,,,15/3/2027,294.00,NO,rajan@ssyoutdoor.com,#N/A,-empty-,,,Wastah,,,,,,,,
Icandy Ads,Icandy Ads Sdn Bhd / 3 MEDIA SDN BHD,BukitBintang_ImbiInterX,V5.8.0 qt4.3.0,431,,2592x1728,CS Play,1 Online/Offline,"ix24-0017, PR-0031",12,27/3/2025,27/3/2026,,,,,,,,,,,,,27/3/2026,-59.00,YES,,,,,,,,,,,,,,
BTMC,Penskey - Sime Darby,BTMC Player Ground Floor,,,1,n/a,Intuiface,3 Archive,"IX063-23, QT40",15,10/8/2023,5/12/2024,inactive,,,,,,,,,,,,5/12/2024,-536.00,NO,koh.kimyean@rsdhealth.com,#N/A,-empty-,inactive,,Wastah,,,,,,,,
BTMC,Penskey - Sime Darby,BTMC 4th FLoor,,,,n/a,Intuiface,3 Archive,no invoice,13,23/10/2023,5/12/2024,inactive,,,,,,,,,,,,5/12/2024,-536.00,NO,koh.kimyean@rsdhealth.com,#N/A,-empty-,inactive,,Wastah,,,,,,,,
Maxis,Maxis Broadband Sdn Bhd,Segamat MEP-BM 1 - P1 (Hotlink),,537,,,CS SignHub,1 Online/Offline,IX25-0028,36,1/4/2025,1/4/2028,,,,,,,,,,,,,1/4/2028,677.00,NO,,,,,,,,,,,,,,
Maxis,Maxis Broadband Sdn Bhd,Segamat MEP-BM 2 - P2 (Postpaid),,538,,,CS SignHub,1 Online/Offline,IX25-0028,36,1/4/2025,1/4/2028,,,,,,,,,,,,,1/4/2028,677.00,NO,,,,,,,,,,,,,,
Maxis,Maxis Broadband Sdn Bhd,Selayang Mall MEP-BM 1 - Hotlink,,259,,,CS SignHub,1 Online/Offline,IX25-0028,36,1/4/2025,1/4/2028,,,,,,,,,,,,,1/4/2028,677.00,NO,,,,,,,,,,,,,,
Maxis,Maxis Broadband Sdn Bhd,Selayang Mall MEP-BM 2 - Demo TV,,258,,,CS SignHub,1 Online/Offline,IX25-0028,36,1/4/2025,1/4/2028,,,,,,,,,,,,,1/4/2028,677.00,NO,,,,,,,,,,,,,,
Rollti,Iwealth Global,BLM@LED,4.0.8+build-auto v.5.5.0 MSI 5.5.0,83,1,384x704,CS SignHub,1 Online/Offline,PR81,12,5/8/2024,5/8/2025,QT538/IX25-156,12,5/8/2025,4/8/2026,,,,,,,,,4/8/2026,71.00,YES,admin@rollti.co,#N/A,MP2407-0026,Installation on 2/8/24. Store opened on 15/8/24,,CS SignHub (cityscreen.cloud),,,,,,,,
Rollti,Iwealth Global,BLM@Cashier,4.0.8+build-auto v.5.5.0 MSI 5.5.0,82,3,3240x1920,CS SignHub,1 Online/Offline,PR81,12,5/8/2024,5/8/2025,QT538/IX25-156,12,5/8/2026,4/8/2026,,,,,,,,,4/8/2026,71.00,YES,admin@rollti.co,#N/A,MP2407-0023,Installation on 2/8/24. Store opened on 15/8/24,,CS SignHub (cityscreen.cloud),,,,,,,,
Aeon Mall,Kesion Malaysia Sdn Bhd,BktTinggi_DS 6,4.3.0+build-auto,214,1,1080x1920,CS Play,1 Online/Offline,QT257,12,1/1/2025,1/1/2026,IX26-0137,12,1/1/2026,31/12/2026,,,,,,,,,31/12/2026,220.00,NO,naim@kesion.co.jp,K3s10njp,KEPL-0015,,,CS Play (cityscreen.cloud),,,,,,,,
Aeon Mall,Kesion Malaysia Sdn Bhd,BktTinggi_DS 5,4.5.0+build-auto,216,1,1080x1920,CS Play,1 Online/Offline,QT257,12,1/1/2025,1/1/2026,IX26-0137,12,1/1/2026,31/12/2026,,,,,,,,,31/12/2026,220.00,NO,naim@kesion.co.jp,K3s10njp,KEPL-0014,,,CS Play (cityscreen.cloud),,,,,,,,
Aeon Mall,Kesion Malaysia Sdn Bhd,BktTinggi_DS 4,4.5.0+build-auto,218,1,1080x1920,CS Play,1 Online/Offline,QT257,12,1/1/2025,1/1/2026,IX26-0137,12,1/1/2026,31/12/2026,,,,,,,,,31/12/2026,220.00,NO,naim@kesion.co.jp,K3s10njp,KEPL-0013,,,CS Play (cityscreen.cloud),,,,,,,,
Aeon Mall,Kesion Malaysia Sdn Bhd,BktTinggi_DS 3,4.5.0+build-auto,215,1,1080x1920,CS Play,1 Online/Offline,QT257,12,1/1/2025,1/1/2026,IX26-0137,12,1/1/2026,31/12/2026,,,,,,,,,31/12/2026,220.00,NO,naim@kesion.co.jp,K3s10njp,KEPL-0012,,,CS Play (cityscreen.cloud),,,,,,,,
Aeon Mall,Kesion Malaysia Sdn Bhd,BktTinggi_DS 2,4.3.0+build-auto,217,1,1080x1920,CS Play,1 Online/Offline,QT257,12,1/1/2025,1/1/2026,IX26-0137,12,1/1/2026,31/12/2026,,,,,,,,,31/12/2026,220.00,NO,naim@kesion.co.jp,K3s10njp,KEPL-0011,,,CS Play (cityscreen.cloud),,,,,,,,
Aeon Mall,Kesion Malaysia Sdn Bhd,BktTinggi_DS 1,4.3.0+build-auto,219,1,1080x1920,CS Play,1 Online/Offline,QT257,12,1/1/2025,1/1/2026,IX26-0137,12,1/1/2026,31/12/2026,,,,,,,,,31/12/2026,220.00,NO,naim@kesion.co.jp,K3s10njp,KEPL-0010,,,CS Play (cityscreen.cloud),,,,,,,,
Aeon Mall,Kesion Malaysia Sdn Bhd,BKtRaja_DS 4,4.3.0+build-auto,264,1,1080x1920,CS Play,1 Online/Offline,QT257,12,1/1/2025,1/1/2026,IX26-0137,12,1/1/2026,31/12/2026,,,,,,,,,31/12/2026,220.00,NO,naim@kesion.co.jp,K3s10njp,KEPL-0083,,,CS Play (cityscreen.cloud),,,,,,,,
Aeon Mall,Kesion Malaysia Sdn Bhd,BktRaja_DS 3,4.3.0+build-auto,220,1,1080x1920,CS Play,1 Online/Offline,QT257,12,1/1/2025,1/1/2026,IX26-0137,12,1/1/2026,31/12/2026,,,,,,,,,31/12/2026,220.00,NO,naim@kesion.co.jp,K3s10njp,KEPL-0009,,,CS Play (cityscreen.cloud),,,,,,,,
Aeon Mall,Kesion Malaysia Sdn Bhd,BktRaja_DS 2,4.3.0+build-auto,222,1,1080x1920,CS Play,1 Online/Offline,QT257,12,1/1/2025,1/1/2026,IX26-0137,12,1/1/2026,31/12/2026,,,,,,,,,31/12/2026,220.00,NO,naim@kesion.co.jp,K3s10njp,KEPL-0008,,,CS Play (cityscreen.cloud),,,,,,,,
Aeon Mall,Kesion Malaysia Sdn Bhd,BktRaja_DS 1,4.3.0+build-auto,221,1,1080x1920,CS Play,1 Online/Offline,QT257,12,1/1/2025,1/1/2026,IX26-0137,12,1/1/2026,31/12/2026,,,,,,,,,31/12/2026,220.00,NO,naim@kesion.co.jp,K3s10njp,KEPL-0007,,,CS Play (cityscreen.cloud),,,,,,,,
Aeon Mall,Kesion Malaysia Sdn Bhd,BktMertajam_DS 3,4.5.0+build-auto,278,1,1080x1920,CS Play,1 Online/Offline,QT257,12,1/1/2025,1/1/2026,IX26-0137,12,1/1/2026,31/12/2026,,,,,,,,,31/12/2026,220.00,NO,naim@kesion.co.jp,K3s10njp,KEPL-0050,,,CS Play (cityscreen.cloud),,,,,,,,
Aeon Mall,Kesion Malaysia Sdn Bhd,BktMertajam_DS 2,4.5.0+build-auto,280,1,1080x1920,CS Play,1 Online/Offline,QT257,12,1/1/2025,1/1/2026,IX26-0137,12,1/1/2026,31/12/2026,,,,,,,,,31/12/2026,220.00,NO,naim@kesion.co.jp,K3s10njp,KEPL-0049,,,CS Play (cityscreen.cloud),,,,,,,,
Aeon Mall,Kesion Malaysia Sdn Bhd,BktMertajam_DS 1,4.5.0+build-auto,279,1,1080x1920,CS Play,1 Online/Offline,QT257,12,1/1/2025,1/1/2026,IX26-0137,12,1/1/2026,31/12/2026,,,,,,,,,31/12/2026,220.00,NO,naim@kesion.co.jp,K3s10njp,KEPL-0048,,,CS Play (cityscreen.cloud),,,,,,,,
Aeon Mall,Kesion Malaysia Sdn Bhd,BktIndah_DS 5,4.5.0+build-auto,312,1,1080x1920,CS Play,1 Online/Offline,QT257,12,1/1/2025,1/1/2026,IX26-0137,12,1/1/2026,31/12/2026,,,,,,,,,31/12/2026,220.00,NO,naim@kesion.co.jp,K3s10njp,KEPL-0047,,,CS Play (cityscreen.cloud),,,,,,,,
Aeon Mall,Kesion Malaysia Sdn Bhd,BktIndah_DS 4,4.3.0+build-auto,313,1,1080x1920,CS Play,1 Online/Offline,QT257,12,1/1/2025,1/1/2026,IX26-0137,12,1/1/2026,31/12/2026,,,,,,,,,31/12/2026,220.00,NO,naim@kesion.co.jp,K3s10njp,KEPL-0046,,,CS Play (cityscreen.cloud),,,,,,,,
Aeon Mall,Kesion Malaysia Sdn Bhd,BktIndah_DS 3,4.3.0+build-auto,310,1,1080x1920,CS Play,1 Online/Offline,QT257,12,1/1/2025,1/1/2026,IX26-0137,12,1/1/2026,31/12/2026,,,,,,,,,31/12/2026,220.00,NO,naim@kesion.co.jp,K3s10njp,KEPL-0045,,,CS Play (cityscreen.cloud),,,,,,,,
Aeon Mall,Kesion Malaysia Sdn Bhd,BktIndah_DS 2,4.3.0+build-auto,311,1,1080x1920,CS Play,1 Online/Offline,QT257,12,1/1/2025,1/1/2026,IX26-0137,12,1/1/2026,31/12/2026,,,,,,,,,31/12/2026,220.00,NO,naim@kesion.co.jp,K3s10njp,KEPL-0044,,,CS Play (cityscreen.cloud),,,,,,,,
Aeon Mall,Kesion Malaysia Sdn Bhd,BktIndah_DS 1,4.3.0+build-auto,309,1,1080x1920,CS Play,1 Online/Offline,QT257,12,1/1/2025,1/1/2026,IX26-0137,12,1/1/2026,31/12/2026,,,,,,,,,31/12/2026,220.00,NO,naim@kesion.co.jp,K3s10njp,KEPL-0043,,,CS Play (cityscreen.cloud),,,,,,,,
Maxis,Maxis Broadband Sdn Bhd,Selayang Mall MEP-BM 3 - P2,,260,,,CS SignHub,1 Online/Offline,IX25-0028,36,1/4/2025,1/4/2028,,,,,,,,,,,,,1/4/2028,677.00,NO,,,,,,,,,,,,,,
Maxis,Maxis Broadband Sdn Bhd,Selayang Mall MEP-BM 4 - SF,,257,,,CS SignHub,1 Online/Offline,IX25-0028,36,1/4/2025,1/4/2028,,,,,,,,,,,,,1/4/2028,677.00,NO,,,,,,,,,,,,,,
Maxis,Maxis Broadband Sdn Bhd,Selayang MC-BM 1 - SF,,95,,,CS SignHub,1 Online/Offline,IX25-0028,36,1/4/2025,1/4/2028,,,,,,,,,,,,,1/4/2028,677.00,NO,,,,,,,,,,,,,,
Maxis,Maxis Broadband Sdn Bhd,Selayang MC-BM 2 - Demo TV,,96,,,CS SignHub,1 Online/Offline,IX25-0028,36,1/4/2025,1/4/2028,,,,,,,,,,,,,1/4/2028,677.00,NO,,,,,,,,,,,,,,
Maxis,Maxis Broadband Sdn Bhd,Senawang Commercial Center MEP-BM 1 - P1 (Meeting Point),,577,,,CS SignHub,1 Online/Offline,IX25-0028,36,1/4/2025,1/4/2028,,,,,,,,,,,,,1/4/2028,677.00,NO,,,,,,,,,,,,,,
Maxis,Maxis Broadband Sdn Bhd,Senawang Commercial Center MEP-BM 2 - P2 (Fibre),,578,,,CS SignHub,1 Online/Offline,IX25-0028,36,1/4/2025,1/4/2028,,,,,,,,,,,,,1/4/2028,677.00,NO,,,,,,,,,,,,,,
Maxis,Maxis Broadband Sdn Bhd,Serai Wangi Mall MEP-EN 1 - P1 (Zerolution),,499,,,CS SignHub,1 Online/Offline,IX25-0028,36,1/4/2025,1/4/2028,,,,,,,,,,,,,1/4/2028,677.00,NO,,,,,,,,,,,,,,
Maxis,Maxis Broadband Sdn Bhd,Serai Wangi Mall MEP-EN 2 - Demo TV,,500,,,CS SignHub,1 Online/Offline,IX25-0028,36,1/4/2025,1/4/2028,,,,,,,,,,,,,1/4/2028,677.00,NO,,,,,,,,,,,,,,
Maxis,Maxis Broadband Sdn Bhd,Serai Wangi Mall MEP-EN3 - P3 (Hotlink),,501,,,CS SignHub,1 Online/Offline,IX25-0028,36,1/4/2025,1/4/2028,,,,,,,,,,,,,1/4/2028,677.00,NO,,,,,,,,,,,,,,
Aeon Mall,Kesion Malaysia Sdn Bhd,BdrDatoOnn_DS 5,4.4.0+build-auto,314,1,1080x1920,CS Play,1 Online/Offline,QT257,12,1/1/2025,1/1/2026,IX26-0137,12,1/1/2026,31/12/2026,,,,,,,,,31/12/2026,220.00,NO,naim@kesion.co.jp,K3s10njp,KEPL-0042,,,CS Play (cityscreen.cloud),,,,,,,,
Aeon Mall,Kesion Malaysia Sdn Bhd,BdrDatoOnn_DS 4,4.5.0+build-auto,315,1,1080x1920,CS Play,1 Online/Offline,QT257,12,1/1/2025,1/1/2026,IX26-0137,12,1/1/2026,31/12/2026,,,,,,,,,31/12/2026,220.00,NO,naim@kesion.co.jp,K3s10njp,KEPL-0041,,,CS Play (cityscreen.cloud),,,,,,,,
Aeon Mall,Kesion Malaysia Sdn Bhd,BdrDatoOnn_DS 3,4.5.0+build-auto,318,1,1080x1920,CS Play,1 Online/Offline,QT257,12,1/1/2025,1/1/2026,IX26-0137,12,1/1/2026,31/12/2026,,,,,,,,,31/12/2026,220.00,NO,naim@kesion.co.jp,K3s10njp,KEPL-0040,,,CS Play (cityscreen.cloud),,,,,,,,
Aeon Mall,Kesion Malaysia Sdn Bhd,BdrDatoOnn_DS 2,4.5.0+build-auto,317,1,1080x1920,CS Play,1 Online/Offline,QT257,12,1/1/2025,1/1/2026,IX26-0137,12,1/1/2026,31/12/2026,,,,,,,,,31/12/2026,220.00,NO,naim@kesion.co.jp,K3s10njp,KEPL-0039,,,CS Play (cityscreen.cloud),,,,,,,,
Aeon Mall,Kesion Malaysia Sdn Bhd,BdrDatoOnn_DS 1,4.3.0+build-auto,316,1,1080x1920,CS Play,1 Online/Offline,QT257,12,1/1/2025,1/1/2026,IX26-0137,12,1/1/2026,31/12/2026,,,,,,,,,31/12/2026,220.00,NO,naim@kesion.co.jp,K3s10njp,KEPL-0038,,,CS Play (cityscreen.cloud),,,,,,,,
Maxis,Maxis Broadband Sdn Bhd,Seremban MC-BM 1 - MIRA,,78,,,CS SignHub,1 Online/Offline,IX25-0028,36,1/4/2025,1/4/2028,,,,,,,,,,,,,1/4/2028,677.00,NO,,,,,,,,,,,,,,
Maxis,Maxis Broadband Sdn Bhd,Seremban MC-BM 2 - Demo TV,,80,,,CS SignHub,1 Online/Offline,IX25-0028,36,1/4/2025,1/4/2028,,,,,,,,,,,,,1/4/2028,677.00,NO,,,,,,,,,,,,,,
Maxis,Maxis Broadband Sdn Bhd,Seremban MC-BM 3 - P3 (Hotlink),,79,,,CS SignHub,1 Online/Offline,IX25-0028,36,1/4/2025,1/4/2028,,,,,,,,,,,,,1/4/2028,677.00,NO,,,,,,,,,,,,,,
Maxis,Maxis Broadband Sdn Bhd,Setapak Central MEP-EN 1 - SF,,268,,,CS SignHub,1 Online/Offline,IX25-0028,36,1/4/2025,1/4/2028,,,,,,,,,,,,,1/4/2028,677.00,NO,,,,,,,,,,,,,,
Maxis,Maxis Broadband Sdn Bhd,Setapak Central MEP-EN 2 - P2,,267,,,CS SignHub,1 Online/Offline,IX25-0028,36,1/4/2025,1/4/2028,,,,,,,,,,,,,1/4/2028,677.00,NO,,,,,,,,,,,,,,
Maxis,Maxis Broadband Sdn Bhd,Setapak MEP-EN 1 - P1,,266,,,CS SignHub,1 Online/Offline,IX25-0028,36,1/4/2025,1/4/2028,,,,,,,,,,,,,1/4/2028,677.00,NO,,,,,,,,,,,,,,
Maxis,Maxis Broadband Sdn Bhd,Setapak MEP-EN 2 - P2,,265,,,CS SignHub,1 Online/Offline,IX25-0028,36,1/4/2025,1/4/2028,,,,,,,,,,,,,1/4/2028,677.00,NO,,,,,,,,,,,,,,
Maxis,Maxis Broadband Sdn Bhd,Setia City Mall MEP-EN 1 - Hotlink,,278,,,CS SignHub,1 Online/Offline,IX25-0028,36,1/4/2025,1/4/2028,,,,,,,,,,,,,1/4/2028,677.00,NO,,,,,,,,,,,,,,
Maxis,Maxis Broadband Sdn Bhd,Setia City Mall MEP-EN 2 - SF,,280,,,CS SignHub,1 Online/Offline,IX25-0028,36,1/4/2025,1/4/2028,,,,,,,,,,,,,1/4/2028,677.00,NO,,,,,,,,,,,,,,
Maxis,Maxis Broadband Sdn Bhd,Setia City Mall MEP-EN 3 - P2,,279,,,CS SignHub,1 Online/Offline,IX25-0028,36,1/4/2025,1/4/2028,,,,,,,,,,,,,1/4/2028,677.00,NO,,,,,,,,,,,,,,
Maxis,Maxis Broadband Sdn Bhd,Setia City Mall MEP-EN 4 - P1 (Postpaid),,281,,,CS SignHub,1 Online/Offline,IX25-0028,36,1/4/2025,1/4/2028,,,,,,,,,,,,,1/4/2028,677.00,NO,,,,,,,,,,,,,,
KPJ2,Damansara Specialist Hospital,Basement 2,,,1,n/a,CS SignHub,1 Online/Offline,IX24-9,12,8/12/2023,8/12/2024,IX25-357,,1/12/2025,1/12/2026,,,,,,,,,1/12/2026,190.00,NO,sukhpal@kpjdamansara2.com,#N/A,-empty-,,,Wastah,,,,,,,,
KPJ2,Damansara Specialist Hospital,Basement 1,,,1,n/a,CS SignHub,1 Online/Offline,IX24-9,12,8/12/2023,8/12/2024,IX25-357,,1/12/2025,1/12/2026,,,,,,,,,1/12/2026,190.00,NO,sukhpal@kpjdamansara2.com,#N/A,-empty-,,,Wastah,,,,,,,,
Maxis,Maxis Broadband Sdn Bhd,SIbu MC-EN 1 - P1 (Modular),,339,,,CS SignHub,1 Online/Offline,IX25-0028,36,1/4/2025,1/4/2028,,,,,,,,,,,,,1/4/2028,677.00,NO,,,,,,,,,,,,,,
Media Vibe,Leo Meyer SB,Bangsaria ,4.3.0+build-auto,100,1,1600x1200,CS Play,1 Online/Offline,QT329/IX25-23,3,1/3/2025,30/6/2025,IX25-83,12,1/6/2025,30/6/2026,,,,,,,,,30/6/2026,36.00,YES,jerrylee@bangsaria.com,,,,,,,,,,,,,
Media Vibe,Leo Meyer SB,Bangsaria,,59,1,1600x1200,CS Play,3 Archive,n/a,15,1/3/2024,30/6/2025,,,,,,,,,,,,,30/6/2025,-329.00,NO,jt+play@click-ix.com,#N/A,-empty-,,,Wastah,,,,,,,,
OOH,Out of Home Media Sdn Bhd,Bangsar_B,4.3.0+build-auto - v.5.8.0 MSI 5.7.0,380,,,CS Play,1 Online/Offline,QT-318,9,1/3/2025,31/12/2025,IX25-16,12,1/3/2025,1/12/2025,IX25-348,12,1/1/2026,1/12/2026,,,,,1/12/2026,190.00,NO,,,OOH5,,,,,,,,,,,
OOH,Out of Home Media Sdn Bhd,Bangsar_A,4.3.0+build-auto - v.5.8.0 MSI 5.7.0,379,,,CS Play,1 Online/Offline,QT-318,9,1/3/2025,31/12/2025,IX25-16,12,1/3/2025,1/12/2025,IX25-348,12,1/1/2026,1/12/2026,,,,,1/12/2026,190.00,NO,,,OOH4,,,,,,,,,,,
Aeon Mall,Kesion Malaysia Sdn Bhd,BandarayaMelaka_DS 5,4.3.0+build-auto,299,1,1080x1920,CS Play,1 Online/Offline,QT257,12,1/1/2025,1/1/2026,IX26-0137,12,1/1/2026,31/12/2026,,,,,,,,,31/12/2026,220.00,NO,naim@kesion.co.jp,K3s10njp,KEPL-0037,,,CS Play (cityscreen.cloud),,,,,,,,
Aeon Mall,Kesion Malaysia Sdn Bhd,BandarayaMelaka_DS 4,4.3.0+build-auto,301,1,1080x1920,CS Play,1 Online/Offline,QT257,12,1/1/2025,1/1/2026,IX26-0137,12,1/1/2026,31/12/2026,,,,,,,,,31/12/2026,220.00,NO,naim@kesion.co.jp,K3s10njp,KEPL-0036,,,CS Play (cityscreen.cloud),,,,,,,,
Aeon Mall,Kesion Malaysia Sdn Bhd,BandarayaMelaka_DS 3,4.3.0+build-auto,303,1,1080x1920,CS Play,1 Online/Offline,QT257,12,1/1/2025,1/1/2026,IX26-0137,12,1/1/2026,31/12/2026,,,,,,,,,31/12/2026,220.00,NO,naim@kesion.co.jp,K3s10njp,KEPL-0035,,,CS Play (cityscreen.cloud),,,,,,,,
Aeon Mall,Kesion Malaysia Sdn Bhd,BandarayaMelaka_DS 2,4.3.0+build-auto,300,1,1080x1920,CS Play,1 Online/Offline,QT257,12,1/1/2025,1/1/2026,IX26-0137,12,1/1/2026,31/12/2026,,,,,,,,,31/12/2026,220.00,NO,naim@kesion.co.jp,K3s10njp,KEPL-0034,,,CS Play (cityscreen.cloud),,,,,,,,
Aeon Mall,Kesion Malaysia Sdn Bhd,BandarayaMelaka_DS 1,4.3.0+build-auto,302,1,1080x1920,CS Play,1 Online/Offline,QT257,12,1/1/2025,1/1/2026,IX26-0137,12,1/1/2026,31/12/2026,,,,,,,,,31/12/2026,220.00,NO,naim@kesion.co.jp,K3s10njp,KEPL-0033,,,CS Play (cityscreen.cloud),,,,,,,,
Maxis,Maxis Broadband Sdn Bhd,Sibu MC-EN 2 - MIRA,,340,,,CS SignHub,1 Online/Offline,IX25-0028,36,1/4/2025,1/4/2028,,,,,,,,,,,,,1/4/2028,677.00,NO,,,,,,,,,,,,,,
Maxis,Maxis Broadband Sdn Bhd,SIbu MC-EN 3 - P3 (Hotlink),,341,,,CS SignHub,1 Online/Offline,IX25-0028,36,1/4/2025,1/4/2028,,,,,,,,,,,,,1/4/2028,677.00,NO,,,,,,,,,,,,,,
Maxis,Maxis Broadband Sdn Bhd,SIbu MC-EN 4 - Demo TV,,342,,,CS SignHub,1 Online/Offline,IX25-0028,36,1/4/2025,1/4/2028,,,,,,,,,,,,,1/4/2028,677.00,NO,,,,,,,,,,,,,,
Maxis,Maxis Broadband Sdn Bhd,"SImpang Ampat, PEN MEP-BM 1 - P2 (Fibre)",,466,,,CS SignHub,1 Online/Offline,IX25-0028,36,1/4/2025,1/4/2028,,,,,,,,,,,,,1/4/2028,677.00,NO,,,,,,,,,,,,,,
Maxis,Maxis Broadband Sdn Bhd,"SImpang Ampat, PEN MEP-BM 2 - P1 (Hotlink)",,467,,,CS SignHub,1 Online/Offline,IX25-0028,36,1/4/2025,1/4/2028,,,,,,,,,,,,,1/4/2028,677.00,NO,,,,,,,,,,,,,,
Mitsubishi,Team Moxim Sdn Bhd,"Ban Lee Heng, Nilai - SC 01",4.4.0+build-auto v.5.9.1,119,,1920x1080,CS SignHub,1 Online/Offline,IX25-0146,13,1/8/2025,1/9/2026,,,,,,Yes,,,,,,,1/9/2026,99.00,NO,,,,,,,,,,,,,,
Maxis,Maxis Broadband Sdn Bhd,Simpang Renggam MEP-EN,,545,,,CS SignHub,1 Online/Offline,IX25-0028,36,1/4/2025,1/4/2028,,,,,,,,,,,,,1/4/2028,677.00,NO,,,,,,,,,,,,,,
Maxis,Maxis Broadband Sdn Bhd,Sitiawan MEP-BM 1 - P2 (Hotlink),,473,,,CS SignHub,1 Online/Offline,IX25-0028,36,1/4/2025,1/4/2028,,,,,,,,,,,,,1/4/2028,677.00,NO,,,,,,,,,,,,,,
Maxis,Maxis Broadband Sdn Bhd,Sitiawan MEP-BM 2 - P1 (Fibre),,474,,,CS SignHub,1 Online/Offline,IX25-0028,36,1/4/2025,1/4/2028,,,,,,,,,,,,,1/4/2028,677.00,NO,,,,,,,,,,,,,,
Mitsubishi,Team Moxim Sdn Bhd,"Auto Raya Timur, Temerloh - SC 01",4.3.0+build-auto v.5.8.0 MSI 5.7.0,136,,1920x1080,CS SignHub,1 Online/Offline,IX25-0146,13,1/8/2025,1/9/2026,,,,,,Yes,,,,,,,1/9/2026,99.00,NO,,,,,,,,,,,,,,
Mitsubishi,Team Moxim Sdn Bhd,"Auto Pacifica, Kota Samarahan - SC 01",4.3.0+build-auto v.5.8.0 MSI 5.7.0,146,,1920x1080,CS SignHub,1 Online/Offline,IX25-0146,13,1/8/2025,1/9/2026,,,,,,Yes,,,,,,,1/9/2026,99.00,NO,,,,,,,,,,,,,,
Mitsubishi,Team Moxim Sdn Bhd,"Auto Pacifica, Bintulu - SC 01",4.3.0+build-auto v.5.8.0 MSI 5.7.0,148,,1920x1080,CS SignHub,1 Online/Offline,IX25-0146,13,1/8/2025,1/9/2026,,,,,,Yes,,,,,,,1/9/2026,99.00,NO,,,,,,,,,,,,,,
Maxis,Maxis Broadband Sdn Bhd,Skudai MEP-BM 1 - P1 (Fibre),,575,,,CS SignHub,1 Online/Offline,IX25-0028,36,1/4/2025,1/4/2028,,,,,,,,,,,,,1/4/2028,677.00,NO,,,,,,,,,,,,,,
Aeon Mall,Kesion Malaysia Sdn Bhd,AU2_DS3,4.3.0+build-auto,160,1,1080x1920,CS Play,1 Online/Offline,QT257,12,1/1/2025,1/1/2026,IX26-0137,12,1/1/2026,31/12/2026,,,,,,,,,31/12/2026,220.00,NO,naim@kesion.co.jp,K3s10njp,KEPL-0004,,,CS Play (cityscreen.cloud),,,,,,,,
Aeon Mall,Kesion Malaysia Sdn Bhd,AU2_DS2,4.3.0+build-auto,202,1,1080x1920,CS Play,1 Online/Offline,QT257,12,1/1/2025,1/1/2026,IX26-0137,12,1/1/2026,31/12/2026,,,,,,,,,31/12/2026,220.00,NO,naim@kesion.co.jp,K3s10njp,KEPL-0006,,,CS Play (cityscreen.cloud),,,,,,,,
Aeon Mall,Kesion Malaysia Sdn Bhd,AU2_DS1,4.5.0+build-auto,203,1,1080x1920,CS Play,1 Online/Offline,QT257,12,1/1/2025,1/1/2026,IX26-0137,12,1/1/2026,31/12/2026,,,,,,,,,31/12/2026,220.00,NO,naim@kesion.co.jp,K3s10njp,KEPL-0005,,,CS Play (cityscreen.cloud),,,,,,,,
OOH,Out of Home Media Sdn Bhd,AraDamansara_LRT,4.3.0+build-auto - v.5.8.0 MSI 5.7.0,107,1,672x960,CS Play,1 Online/Offline,"IX24-0053, PR0093",11,1/7/2024,30/6/2025,IX25-16,12,1/1/2026,1/12/2025,IX25-348,12,1/1/2026,1/12/2026,,,,,1/12/2026,190.00,NO,jinwei@outofhome.com.my,#N/A,CMP0002,renewed from ix24-13,,CS Play (cityscreen.cloud),,,,,,,,
Maxis,Maxis Broadband Sdn Bhd,Skudai MEP-BM 2 - P2 (Postpaid),,576,,,CS SignHub,1 Online/Offline,IX25-0028,36,1/4/2025,1/4/2028,,,,,,,,,,,,,1/4/2028,677.00,NO,,,,,,,,,,,,,,
Maxis,Maxis Broadband Sdn Bhd,Slim River MEP-EN,,437,,,CS SignHub,1 Online/Offline,IX25-0028,36,1/4/2025,1/4/2028,,,,,,,,,,,,,1/4/2028,677.00,NO,,,,,,,,,,,,,,
Maxis,Maxis Broadband Sdn Bhd,ST Rosyam Mall MEPLite-BM - Brandwall_P2,,602,,3000x1920,CS SignHub,1 Online/Offline,IX25-0086,36,6/6/2025,6/6/2028,,,,,,,,,,,,,6/6/2028,743.00,NO,,,,,,,,,,,,,,
Maxis,Maxis Broadband Sdn Bhd,Starling Mall MEP-EN 1 - SF,,217,,,CS SignHub,1 Online/Offline,IX25-0028,36,1/4/2025,1/4/2028,,,,,,,,,,,,,1/4/2028,677.00,NO,,,,,,,,,,,,,,
Maxis,Maxis Broadband Sdn Bhd,Starling Mall MEP-EN 2 - P2,,218,,,CS SignHub,1 Online/Offline,IX25-0028,36,1/4/2025,1/4/2028,,,,,,,,,,,,,1/4/2028,677.00,NO,,,,,,,,,,,,,,
Maxis,Maxis Broadband Sdn Bhd,Starling Mall MEP-EN 3 - Demo TV,,219,,,CS SignHub,1 Online/Offline,IX25-0028,36,1/4/2025,1/4/2028,,,,,,,,,,,,,1/4/2028,677.00,NO,,,,,,,,,,,,,,
Maxis,Maxis Broadband Sdn Bhd,Subang Parade MEP-EN 1 - Hotlink,,249,,,CS SignHub,1 Online/Offline,IX25-0028,36,1/4/2025,1/4/2028,,,,,,,,,,,,,1/4/2028,677.00,NO,,,,,,,,,,,,,,
Maxis,Maxis Broadband Sdn Bhd,Subang Parade MEP-EN 2 - Postpaid P1,,250,,,CS SignHub,1 Online/Offline,IX25-0028,36,1/4/2025,1/4/2028,,,,,,,,,,,,,1/4/2028,677.00,NO,,,,,,,,,,,,,,
Maxis,Maxis Broadband Sdn Bhd,Sungai Petani MC-BM 1 - Demo TV,,332,,,CS SignHub,1 Online/Offline,IX25-0028,36,1/4/2025,1/4/2028,,,,,,,,,,,,,1/4/2028,677.00,NO,,,,,,,,,,,,,,
Maxis,Maxis Broadband Sdn Bhd,Sungai Petani MC-BM 2 - P3 (Hotlink),,333,,,CS SignHub,1 Online/Offline,IX25-0028,36,1/4/2025,1/4/2028,,,,,,,,,,,,,1/4/2028,677.00,NO,,,,,,,,,,,,,,
Setia Media,Setia Media Sdn Bhd,AMP003_Gantry,,175,1,2640x600,CS Play,3 Archive,"IX24-0029, QT191,PR85",12,1/7/2024,1/7/2025,IX25-356,12,1/1/2026,31/12/2026,,,,,,,,,31/12/2026,220.00,NO,content.setiamedia@gmail.com,#N/A,CMP0071,,,CS Play (cityscreen.cloud),,,,,,,,
Maxis,Maxis Broadband Sdn Bhd,Sungai Petani MC-BM 3 - MIRA,,334,,,CS SignHub,1 Online/Offline,IX25-0028,36,1/4/2025,1/4/2028,,,,,,,,,,,,,1/4/2028,677.00,NO,,,,,,,,,,,,,,
Maxis,Maxis Broadband Sdn Bhd,Sungai Petani MC-BM 4 - P1 (FIbre),,335,,,CS SignHub,1 Online/Offline,IX25-0028,36,1/4/2025,1/4/2028,,,,,,,,,,,,,1/4/2028,677.00,NO,,,,,,,,,,,,,,
Maxis,Maxis Broadband Sdn Bhd,Sungai Petani MC-BM 5 - P2 (Postpaid),,336,,,CS SignHub,1 Online/Offline,IX25-0028,36,1/4/2025,1/4/2028,,,,,,,,,,,,,1/4/2028,677.00,NO,,,,,,,,,,,,,,
Maxis,Maxis Broadband Sdn Bhd,"Sunshine Central, PEN MEP-EN 1 - Demo TV",,486,,,CS SignHub,1 Online/Offline,IX25-0028,36,1/4/2025,1/4/2028,,,,,,,,,,,,,1/4/2028,677.00,NO,,,,,,,,,,,,,,
Maxis,Maxis Broadband Sdn Bhd,"Sunshine Central, PEN MEP-EN 2 - SF",,485,,,CS SignHub,1 Online/Offline,IX25-0028,36,1/4/2025,1/4/2028,,,,,,,,,,,,,1/4/2028,677.00,NO,,,,,,,,,,,,,,
Maxis,Maxis Broadband Sdn Bhd,"Sunshine Square, PEN MEP-BM 1 - SF",,464,,,CS SignHub,1 Online/Offline,IX25-0028,36,1/4/2025,1/4/2028,,,,,,,,,,,,,1/4/2028,677.00,NO,,,,,,,,,,,,,,
Maxis,Maxis Broadband Sdn Bhd,"Sunshine Square, PEN MEP-BM 2 - P2 (Postpaid)",,465,,,CS SignHub,1 Online/Offline,IX25-0028,36,1/4/2025,1/4/2028,,,,,,,,,,,,,1/4/2028,677.00,NO,,,,,,,,,,,,,,
Maxis,Maxis Broadband Sdn Bhd,"Sunway Big Box, Iskandar MC-EN",,572,,,CS SignHub,1 Online/Offline,IX25-0028,36,1/4/2025,1/4/2028,,,,,,,,,,,,,1/4/2028,677.00,NO,,,,,,,,,,,,,,
Maxis,Maxis Broadband Sdn Bhd,Sunway Carnival MC-EN 1 - SF,,158,,,CS SignHub,1 Online/Offline,IX25-0028,36,1/4/2025,1/4/2028,,,,,,,,,,,,,1/4/2028,677.00,NO,,,,,,,,,,,,,,
Maxis,Maxis Broadband Sdn Bhd,Sunway Carnival MC-EN 2 - MIRA,,160,,,CS SignHub,1 Online/Offline,IX25-0028,36,1/4/2025,1/4/2028,,,,,,,,,,,,,1/4/2028,677.00,NO,,,,,,,,,,,,,,
Maxis,Maxis Broadband Sdn Bhd,Sunway Carnival MC-EN 3 - Demo TV,,159,,,CS SignHub,1 Online/Offline,IX25-0028,36,1/4/2025,1/4/2028,,,,,,,,,,,,,1/4/2028,677.00,NO,,,,,,,,,,,,,,
Maxis,Maxis Broadband Sdn Bhd,Sunway Carnival MC-EN 4 - P2 (LED),,157,,,CS SignHub,1 Online/Offline,IX25-0028,36,1/4/2025,1/4/2028,,,,,,,,,,,,,1/4/2028,677.00,NO,,,,,,,,,,,,,,
Maxis,Maxis Broadband Sdn Bhd,Sunway Carnival MC-EN 5 - P3 (Postpaid),,156,,,CS SignHub,1 Online/Offline,IX25-0028,36,1/4/2025,1/4/2028,,,,,,,,,,,,,1/4/2028,677.00,NO,,,,,,,,,,,,,,
Maxis,Maxis Broadband Sdn Bhd,Sunway Pyramid MC-EN 1 - Demo TV,,18,,,CS SignHub,1 Online/Offline,IX25-0028,36,1/4/2025,1/4/2028,,,,,,,,,,,,,1/4/2028,677.00,NO,,,,,,,,,,,,,,
Maxis,Maxis Broadband Sdn Bhd,Sunway Pyramid MC-EN 2 - 1x88 Pillar A,,22,,,CS SignHub,1 Online/Offline,IX25-0028,36,1/4/2025,1/4/2028,,,,,,,,,,,,,1/4/2028,677.00,NO,,,,,,,,,,,,,,
Maxis,Maxis Broadband Sdn Bhd,Sunway Pyramid MC-EN 3 - 1x88 Pillar B,,21,,,CS SignHub,1 Online/Offline,IX25-0028,36,1/4/2025,1/4/2028,,,,,,,,,,,,,1/4/2028,677.00,NO,,,,,,,,,,,,,,
Maxis,Maxis Broadband Sdn Bhd,Sunway Pyramid MC-EN 4 - 1x88 Wall,,20,,,CS SignHub,1 Online/Offline,IX25-0028,36,1/4/2025,1/4/2028,,,,,,,,,,,,,1/4/2028,677.00,NO,,,,,,,,,,,,,,
Maxis,Maxis Broadband Sdn Bhd,Sunway Pyramid MC-EN 5 - MIRA,,19,,,CS SignHub,1 Online/Offline,IX25-0028,36,1/4/2025,1/4/2028,,,,,,,,,,,,,1/4/2028,677.00,NO,,,,,,,,,,,,,,
Maxis,Maxis Broadband Sdn Bhd,Sunway Pyramid MC-EN 6 - SF LED,,23,,,CS SignHub,1 Online/Offline,IX25-0028,36,1/4/2025,1/4/2028,,,,,,,,,,,,,1/4/2028,677.00,NO,,,,,,,,,,,,,,
Maxis,Maxis Broadband Sdn Bhd,Sunway Pyramid MC-EN 7 - 4x98,,29,,,CS SignHub,1 Online/Offline,IX25-0028,36,1/4/2025,1/4/2028,,,,,,,,,,,,,1/4/2028,677.00,NO,,,,,,,,,,,,,,
Maxis,Maxis Broadband Sdn Bhd,Sunway Pyramid MC-EN 8 - Hotlink,,26,,,CS SignHub,1 Online/Offline,IX25-0028,36,1/4/2025,1/4/2028,,,,,,,,,,,,,1/4/2028,677.00,NO,,,,,,,,,,,,,,
Maxis,Maxis Broadband Sdn Bhd,Sunway Pyramid MC-EN 9 - 2x98 SSK,,27,,,CS SignHub,1 Online/Offline,IX25-0028,36,1/4/2025,1/4/2028,,,,,,,,,,,,,1/4/2028,677.00,NO,,,,,,,,,,,,,,
Maxis,Maxis Broadband Sdn Bhd,Sunway Velocity MC-EN 1 - SF,,65,,,CS SignHub,1 Online/Offline,IX25-0028,36,1/4/2025,1/4/2028,,,,,,,,,,,,,1/4/2028,677.00,NO,,,,,,,,,,,,,,
Maxis,Maxis Broadband Sdn Bhd,Sunway Velocity MC-EN 2 - P2 (LED),,68,,,CS SignHub,1 Online/Offline,IX25-0028,36,1/4/2025,1/4/2028,,,,,,,,,,,,,1/4/2028,677.00,NO,,,,,,,,,,,,,,
Maxis,Maxis Broadband Sdn Bhd,Sunway Velocity MC-EN 3 - Demo TV,,67,,,CS SignHub,1 Online/Offline,IX25-0028,36,1/4/2025,1/4/2028,,,,,,,,,,,,,1/4/2028,677.00,NO,,,,,,,,,,,,,,
Maxis,Maxis Broadband Sdn Bhd,Sunway Velocity MC-EN 4 - MIRA,,66,,,CS SignHub,1 Online/Offline,IX25-0028,36,1/4/2025,1/4/2028,,,,,,,,,,,,,1/4/2028,677.00,NO,,,,,,,,,,,,,,
Maxis,Maxis Broadband Sdn Bhd,Suria KLCC MC-EN 1 - MIRA,,48,,,CS SignHub,1 Online/Offline,IX25-0028,36,1/4/2025,1/4/2028,,,,,,,,,,,,,1/4/2028,677.00,NO,,,,,,,,,,,,,,
Maxis,Maxis Broadband Sdn Bhd,Suria KLCC MC-EN 2 - LED,,47,,,CS SignHub,1 Online/Offline,IX25-0028,36,1/4/2025,1/4/2028,,,,,,,,,,,,,1/4/2028,677.00,NO,,,,,,,,,,,,,,
Maxis,Maxis Broadband Sdn Bhd,Suria KLCC MC-EN 3 - Demo TV,,46,,,CS SignHub,1 Online/Offline,IX25-0028,36,1/4/2025,1/4/2028,,,,,,,,,,,,,1/4/2028,677.00,NO,,,,,,,,,,,,,,
Maxis,Maxis Broadband Sdn Bhd,Suria Sabah MC-EN 1 - P3 (Modular/Hotlink),,149,,,CS SignHub,1 Online/Offline,IX25-0028,36,1/4/2025,1/4/2028,,,,,,,,,,,,,1/4/2028,677.00,NO,,,,,,,,,,,,,,
Maxis,Maxis Broadband Sdn Bhd,Suria Sabah MC-EN 2 - P2 (LED),,150,,,CS SignHub,1 Online/Offline,IX25-0028,36,1/4/2025,1/4/2028,,,,,,,,,,,,,1/4/2028,677.00,NO,,,,,,,,,,,,,,
Maxis,Maxis Broadband Sdn Bhd,Suria Sabah MC-EN 3 - P1 (SF Right),,147,,,CS SignHub,1 Online/Offline,IX25-0028,36,1/4/2025,1/4/2028,,,,,,,,,,,,,1/4/2028,677.00,NO,,,,,,,,,,,,,,
Maxis,Maxis Broadband Sdn Bhd,Suria Sabah MC-EN 4 - Demo TV,,148,,,CS SignHub,1 Online/Offline,IX25-0028,36,1/4/2025,1/4/2028,,,,,,,,,,,,,1/4/2028,677.00,NO,,,,,,,,,,,,,,
Maxis,Maxis Broadband Sdn Bhd,Suria Sabah MC-EN 5 - MIRA,,151,,,CS SignHub,1 Online/Offline,IX25-0028,36,1/4/2025,1/4/2028,,,,,,,,,,,,,1/4/2028,677.00,NO,,,,,,,,,,,,,,
Maxis,Maxis Broadband Sdn Bhd,"Sutera Mall, JB MEP-EN 1 - SF",,556,,,CS SignHub,1 Online/Offline,IX25-0028,36,1/4/2025,1/4/2028,,,,,,,,,,,,,1/4/2028,677.00,NO,,,,,,,,,,,,,,
Maxis,Maxis Broadband Sdn Bhd,"Sutera Mall, JB MEP-EN 2 - SF",,557,,,CS SignHub,1 Online/Offline,IX25-0028,36,1/4/2025,1/4/2028,,,,,,,,,,,,,1/4/2028,677.00,NO,,,,,,,,,,,,,,
Maxis,Maxis Broadband Sdn Bhd,"Sutera Mall, JB MEP-EN 3 - P2 (Fibre)",,555,,,CS SignHub,1 Online/Offline,IX25-0028,36,1/4/2025,1/4/2028,,,,,,,,,,,,,1/4/2028,677.00,NO,,,,,,,,,,,,,,
Maxis,Maxis Broadband Sdn Bhd,Taipan Inanam MEP-EN,,418,,,CS SignHub,1 Online/Offline,IX25-0028,36,1/4/2025,1/4/2028,,,,,,,,,,,,,1/4/2028,677.00,NO,,,,,,,,,,,,,,
Maxis,Maxis Broadband Sdn Bhd,Taiping BC-BM 2 - Demo TV,,181,,,CS SignHub,1 Online/Offline,IX25-0028,36,1/4/2025,1/4/2028,,,,,,,,,,,,,1/4/2028,677.00,NO,,,,,,,,,,,,,,
Maxis,Maxis Broadband Sdn Bhd,Taiping MC-BM 1 - SF,,182,,,CS SignHub,1 Online/Offline,IX25-0028,36,1/4/2025,1/4/2028,,,,,,,,,,,,,1/4/2028,677.00,NO,,,,,,,,,,,,,,
Maxis,Maxis Broadband Sdn Bhd,Taiping MC-BM 4 - MIRA,,183,,,CS SignHub,1 Online/Offline,IX25-0028,36,1/4/2025,1/4/2028,,,,,,,,,,,,,1/4/2028,677.00,NO,,,,,,,,,,,,,,
Maxis,Maxis Broadband Sdn Bhd,Taiping MC-EN 3 - P2 (Hotlink),,184,,,CS SignHub,1 Online/Offline,IX25-0028,36,1/4/2025,1/4/2028,,,,,,,,,,,,,1/4/2028,677.00,NO,,,,,,,,,,,,,,
Maxis,Maxis Broadband Sdn Bhd,Taiping Sentral MEP-BM,,450,,,CS SignHub,1 Online/Offline,IX25-0028,36,1/4/2025,1/4/2028,,,,,,,,,,,,,1/4/2028,677.00,NO,,,,,,,,,,,,,,
Maxis,Maxis Broadband Sdn Bhd,Taman Bukit Pasir MEP-BM,,540,,,CS SignHub,1 Online/Offline,IX25-0028,36,1/4/2025,1/4/2028,,,,,,,,,,,,,1/4/2028,677.00,NO,,,,,,,,,,,,,,
Maxis,Maxis Broadband Sdn Bhd,"Taman Intan, Kluang MEP-BM",,539,,,CS SignHub,1 Online/Offline,IX25-0028,36,1/4/2025,1/4/2028,,,,,,,,,,,,,1/4/2028,677.00,NO,,,,,,,,,,,,,,
Maxis,Maxis Broadband Sdn Bhd,"Taman Intan, Kluang MEP-BM",,539,,1920x1080,CS SignHub,1 Online/Offline,IX25-0151,36,25/7/2025,25/7/2028,,,,,,,,,,,,,25/7/2028,792.00,NO,,,,,,,,,,,,,,
Maxis,Maxis Broadband Sdn Bhd,Taman Universiti MEP-EN 1 - P3 (Hotlink),,565,,,CS SignHub,1 Online/Offline,IX25-0028,36,1/4/2025,1/4/2028,,,,,,,,,,,,,1/4/2028,677.00,NO,,,,,,,,,,,,,,
Maxis,Maxis Broadband Sdn Bhd,Taman Universiti MEP-EN 2 - P2 (Fibre),,564,,,CS SignHub,1 Online/Offline,IX25-0028,36,1/4/2025,1/4/2028,,,,,,,,,,,,,1/4/2028,677.00,NO,,,,,,,,,,,,,,
Maxis,Maxis Broadband Sdn Bhd,Taman Universiti MEP-EN 3 - P1 (Postpaid),,566,,,CS SignHub,1 Online/Offline,IX25-0028,36,1/4/2025,1/4/2028,,,,,,,,,,,,,1/4/2028,677.00,NO,,,,,,,,,,,,,,
Maxis,Maxis Broadband Sdn Bhd,Tanah Merah MEP-BM,,586,,,CS SignHub,1 Online/Offline,IX25-0028,36,1/4/2025,1/4/2028,,,,,,,,,,,,,1/4/2028,677.00,NO,,,,,,,,,,,,,,
Maxis,Maxis Broadband Sdn Bhd,Tangkak Town MEP-EN,,521,,,CS SignHub,1 Online/Offline,IX25-0028,36,1/4/2025,1/4/2028,,,,,,,,,,,,,1/4/2028,677.00,NO,,,,,,,,,,,,,,
Maxis,Maxis Broadband Sdn Bhd,Tanjong Malim MEP-BM,,472,,,CS SignHub,1 Online/Offline,IX25-0028,36,1/4/2025,1/4/2028,,,,,,,,,,,,,1/4/2028,677.00,NO,,,,,,,,,,,,,,
Maxis,Maxis Broadband Sdn Bhd,"Tawau, Sabah MEP-EN",,430,,,CS SignHub,1 Online/Offline,IX25-0028,36,1/4/2025,1/4/2028,,,,,,,,,,,,,1/4/2028,677.00,NO,,,,,,,,,,,,,,
Maxis,Maxis Broadband Sdn Bhd,Teluk Intan MEP-BM,,482,,,CS SignHub,1 Online/Offline,IX25-0028,36,1/4/2025,1/4/2028,,,,,,,,,,,,,1/4/2028,677.00,NO,,,,,,,,,,,,,,
Maxis,Maxis Broadband Sdn Bhd,Temerloh MEP-BM,,585,,,CS SignHub,1 Online/Offline,IX25-0028,36,1/4/2025,1/4/2028,,,,,,,,,,,,,1/4/2028,677.00,NO,,,,,,,,,,,,,,
Maxis,Maxis Broadband Sdn Bhd,TF Batu Caves MEP-BM 1 - Demo TV (Zerolution),,286,,,CS SignHub,1 Online/Offline,IX25-0028,36,1/4/2025,1/4/2028,,,,,,,,,,,,,1/4/2028,677.00,NO,,,,,,,,,,,,,,
Maxis,Maxis Broadband Sdn Bhd,TF Batu Caves MEP-BM 2 - SF,,1,,,CS SignHub,1 Online/Offline,IX25-0028,36,1/4/2025,1/4/2028,,,,,,,,,,,,,1/4/2028,677.00,NO,,,,,,,,,,,,,,
Maxis,Maxis Broadband Sdn Bhd,The Mines MEP-EN 1 - SF,,388,,,CS SignHub,1 Online/Offline,IX25-0028,36,1/4/2025,1/4/2028,,,,,,,,,,,,,1/4/2028,677.00,NO,,,,,,,,,,,,,,
Maxis,Maxis Broadband Sdn Bhd,The Mines MEP-EN 2 - P2 (Zerolution),,389,,,CS SignHub,1 Online/Offline,IX25-0028,36,1/4/2025,1/4/2028,,,,,,,,,,,,,1/4/2028,677.00,NO,,,,,,,,,,,,,,
Maxis,Maxis Broadband Sdn Bhd,The Mines MEP-EN 3 - P3 (Hotlink),,391,,,CS SignHub,1 Online/Offline,IX25-0028,36,1/4/2025,1/4/2028,,,,,,,,,,,,,1/4/2028,677.00,NO,,,,,,,,,,,,,,
Maxis,Maxis Broadband Sdn Bhd,The Mines MEP-EN 4 - LED,,390,,,CS SignHub,1 Online/Offline,IX25-0028,36,1/4/2025,1/4/2028,,,,,,,,,,,,,1/4/2028,677.00,NO,,,,,,,,,,,,,,
Maxis,Maxis Broadband Sdn Bhd,The Mines MEP-EN 5 - P3 (Fibre),,393,,,CS SignHub,1 Online/Offline,IX25-0028,36,1/4/2025,1/4/2028,,,,,,,,,,,,,1/4/2028,677.00,NO,,,,,,,,,,,,,,
Maxis,Maxis Broadband Sdn Bhd,The Mines MEP-EN 6 - P2 (Accessories),,392,,,CS SignHub,1 Online/Offline,IX25-0028,36,1/4/2025,1/4/2028,,,,,,,,,,,,,1/4/2028,677.00,NO,,,,,,,,,,,,,,
Maxis,Maxis Broadband Sdn Bhd,The Spring MC-EN 1 - P1 (MIRA),,152,,,CS SignHub,1 Online/Offline,IX25-0028,36,1/4/2025,1/4/2028,,,,,,,,,,,,,1/4/2028,677.00,NO,,,,,,,,,,,,,,
Maxis,Maxis Broadband Sdn Bhd,The Spring MC-EN 2 - P1 (Accessories),,155,,1920x1080,CS SignHub,1 Online/Offline,IX25-0028,36,1/4/2025,1/4/2028,,,,,,,,,,,,,1/4/2028,677.00,NO,,,,,,,,,,,,,,
Maxis,Maxis Broadband Sdn Bhd,The Spring MC-EN 2 - P2 (Accessories),,155,,,CS SignHub,1 Online/Offline,IX25-0028,36,1/4/2025,1/4/2028,,,,,,,,,,,,,1/4/2028,677.00,NO,,,,,,,,,,,,,,
Maxis,Maxis Broadband Sdn Bhd,The Spring MC-EN 3 - P3 (Hotlink),,154,,,CS SignHub,1 Online/Offline,IX25-0028,36,1/4/2025,1/4/2028,,,,,,,,,,,,,1/4/2028,677.00,NO,,,,,,,,,,,,,,
Maxis,Maxis Broadband Sdn Bhd,The Spring MC-EN 3 - P3 (Hotlink),,154,,1920x1080,CS SignHub,1 Online/Offline,IX25-0028,36,1/4/2025,1/4/2028,,,,,,,,,,,,,1/4/2028,677.00,NO,,,,,,,,,,,,,,
Maxis,Maxis Broadband Sdn Bhd,The Spring MC-EN 4 - Demo TV,,153,,,CS SignHub,1 Online/Offline,IX25-0028,36,1/4/2025,1/4/2028,,,,,,,,,,,,,1/4/2028,677.00,NO,,,,,,,,,,,,,,
Maxis,Maxis Broadband Sdn Bhd,The Spring MC-EN 4 - Demo TV,,153,,1920x1080,CS SignHub,1 Online/Offline,IX25-0028,36,1/4/2025,1/4/2028,,,,,,,,,,,,,1/4/2028,677.00,NO,,,,,,,,,,,,,,
Maxis,Maxis Broadband Sdn Bhd,"The Store, Sg Buloh MEP-BM 1 - Hotlink",,261,,,CS SignHub,1 Online/Offline,IX25-0028,36,1/4/2025,1/4/2028,,,,,,,,,,,,,1/4/2028,677.00,NO,,,,,,,,,,,,,,
Maxis,Maxis Broadband Sdn Bhd,"The Store, Sg Buloh MEP-BM 2 - P1",,264,,,CS SignHub,1 Online/Offline,IX25-0028,36,1/4/2025,1/4/2028,,,,,,,,,,,,,1/4/2028,677.00,NO,,,,,,,,,,,,,,
Maxis,Maxis Broadband Sdn Bhd,"The Store, Sg Buloh MEP-BM 3 - SF",,262,,,CS SignHub,1 Online/Offline,IX25-0028,36,1/4/2025,1/4/2028,,,,,,,,,,,,,1/4/2028,677.00,NO,,,,,,,,,,,,,,
Maxis,Maxis Broadband Sdn Bhd,"The Store, Sg Buloh MEP-BM 4 - P2",,263,,,CS SignHub,1 Online/Offline,IX25-0028,36,1/4/2025,1/4/2028,,,,,,,,,,,,,1/4/2028,677.00,NO,,,,,,,,,,,,,,
Maxis,Maxis Broadband Sdn Bhd,Tmn Melaka Raya MEP-EN,,520,,,CS SignHub,1 Online/Offline,IX25-0028,36,1/4/2025,1/4/2028,,,,,,,,,,,,,1/4/2028,677.00,NO,,,,,,,,,,,,,,
Maxis,Maxis Broadband Sdn Bhd,Tmn Molek MC-BM 1 - MIRA,,140,,,CS SignHub,1 Online/Offline,IX25-0028,36,1/4/2025,1/4/2028,,,,,,,,,,,,,1/4/2028,677.00,NO,,,,,,,,,,,,,,
Maxis,Maxis Broadband Sdn Bhd,Tmn Molek MC-BM 2 - Demo TV,,138,,,CS SignHub,1 Online/Offline,IX25-0028,36,1/4/2025,1/4/2028,,,,,,,,,,,,,1/4/2028,677.00,NO,,,,,,,,,,,,,,
Maxis,Maxis Broadband Sdn Bhd,Tmn Molek MC-BM 3 - P1 (Business),,141,,,CS SignHub,1 Online/Offline,IX25-0028,36,1/4/2025,1/4/2028,,,,,,,,,,,,,1/4/2028,677.00,NO,,,,,,,,,,,,,,
Maxis,Maxis Broadband Sdn Bhd,Tmn Molek MC-BM 4 - P3 (Hotlink),,137,,,CS SignHub,1 Online/Offline,IX25-0028,36,1/4/2025,1/4/2028,,,,,,,,,,,,,1/4/2028,677.00,NO,,,,,,,,,,,,,,
Maxis,Maxis Broadband Sdn Bhd,Tmn Molek MC-BM 5 - P2 (Postpaid),,139,,,CS SignHub,1 Online/Offline,IX25-0028,36,1/4/2025,1/4/2028,,,,,,,,,,,,,1/4/2028,677.00,NO,,,,,,,,,,,,,,
Maxis,Maxis Broadband Sdn Bhd,"Tmn Mutiara,BM MEP-BM 1 - P1 (Hotlink)",,511,,,CS SignHub,1 Online/Offline,IX25-0028,36,1/4/2025,1/4/2028,,,,,,,,,,,,,1/4/2028,677.00,NO,,,,,,,,,,,,,,
Maxis,Maxis Broadband Sdn Bhd,"Tmn Mutiara,BM MEP-BM 2 - P2 (Fibre)",,512,,,CS SignHub,1 Online/Offline,IX25-0028,36,1/4/2025,1/4/2028,,,,,,,,,,,,,1/4/2028,677.00,NO,,,,,,,,,,,,,,
Maxis,Maxis Broadband Sdn Bhd,TRX MC-EN 1 - SF LED,,10,,,CS SignHub,1 Online/Offline,IX25-0028,36,1/4/2025,1/4/2028,,,,,,,,,,,,,1/4/2028,677.00,NO,,,,,,,,,,,,,,
Maxis,Maxis Broadband Sdn Bhd,"TRX MC-EN 10 - Smart Home 65""",,15,,,CS SignHub,1 Online/Offline,IX25-0028,36,1/4/2025,1/4/2028,,,,,,,,,,,,,1/4/2028,677.00,NO,,,,,,,,,,,,,,
Maxis,Maxis Broadband Sdn Bhd,TRX MC-EN 11 - Sony (Vendor),,404,,,CS SignHub,1 Online/Offline,IX25-0028,36,1/4/2025,1/4/2028,,,,,,,,,,,,,1/4/2028,677.00,NO,,,,,,,,,,,,,,
Maxis,Maxis Broadband Sdn Bhd,TRX MC-EN 12 - Samsung (Vendor),,405,,,CS SignHub,1 Online/Offline,IX25-0028,36,1/4/2025,1/4/2028,,,,,,,,,,,,,1/4/2028,677.00,NO,,,,,,,,,,,,,,
Maxis,Maxis Broadband Sdn Bhd,TRX MC-EN 13 - Sharp (Vendor),,406,,,CS SignHub,1 Online/Offline,IX25-0028,36,1/4/2025,1/4/2028,,,,,,,,,,,,,1/4/2028,677.00,NO,,,,,,,,,,,,,,
Maxis,Maxis Broadband Sdn Bhd,TRX MC-EN 2 - SF 1x98,,12,,,CS SignHub,1 Online/Offline,IX25-0028,36,1/4/2025,1/4/2028,,,,,,,,,,,,,1/4/2028,677.00,NO,,,,,,,,,,,,,,
Maxis,Maxis Broadband Sdn Bhd,TRX MC-EN 3 - SF MIRA,,9,,,CS SignHub,1 Online/Offline,IX25-0028,36,1/4/2025,1/4/2028,,,,,,,,,,,,,1/4/2028,677.00,NO,,,,,,,,,,,,,,
Maxis,Maxis Broadband Sdn Bhd,TRX MC-EN 4 - Hotlink,,8,,,CS SignHub,1 Online/Offline,IX25-0028,36,1/4/2025,1/4/2028,,,,,,,,,,,,,1/4/2028,677.00,NO,,,,,,,,,,,,,,
Maxis,Maxis Broadband Sdn Bhd,TRX MC-EN 5 - DA L-LED,,11,,,CS SignHub,1 Online/Offline,IX25-0028,36,1/4/2025,1/4/2028,,,,,,,,,,,,,1/4/2028,677.00,NO,,,,,,,,,,,,,,
Maxis,Maxis Broadband Sdn Bhd,"TRX MC-EN 6 - Apple 55""",,13,,,CS SignHub,1 Online/Offline,IX25-0028,36,1/4/2025,1/4/2028,,,,,,,,,,,,,1/4/2028,677.00,NO,,,,,,,,,,,,,,
Maxis,Maxis Broadband Sdn Bhd,"TRX MC-EN 7 - Samsung 55""",,16,,,CS SignHub,1 Online/Offline,IX25-0028,36,1/4/2025,1/4/2028,,,,,,,,,,,,,1/4/2028,677.00,NO,,,,,,,,,,,,,,
Maxis,Maxis Broadband Sdn Bhd,"TRX MC-EN 8 - Oppo 42""",,17,,,CS SignHub,1 Online/Offline,IX25-0028,36,1/4/2025,1/4/2028,,,,,,,,,,,,,1/4/2028,677.00,NO,,,,,,,,,,,,,,
Maxis,Maxis Broadband Sdn Bhd,"TRX MC-EN 9 - Honor 42""",,14,,,CS SignHub,1 Online/Offline,IX25-0028,36,1/4/2025,1/4/2028,,,,,,,,,,,,,1/4/2028,677.00,NO,,,,,,,,,,,,,,
Maxis,Maxis Broadband Sdn Bhd,TTDI MC-EN 01 - Demo TV,,2,,,CS SignHub,1 Online/Offline,IX25-0028,36,1/4/2025,1/4/2028,,,,,,,,,,,,,1/4/2028,677.00,NO,,,,,,,,,,,,,,
Maxis,Maxis Broadband Sdn Bhd,TTDI MC-EN 02 - MIRA,,3,,,CS SignHub,1 Online/Offline,IX25-0028,36,1/4/2025,1/4/2028,,,,,,,,,,,,,1/4/2028,677.00,NO,,,,,,,,,,,,,,
Maxis,Maxis Broadband Sdn Bhd,TTDI MC-EN 03 - Hotlink,,5,,,CS SignHub,1 Online/Offline,IX25-0028,36,1/4/2025,1/4/2028,,,,,,,,,,,,,1/4/2028,677.00,NO,,,,,,,,,,,,,,
Maxis,Maxis Broadband Sdn Bhd,TTDI MC-EN 04 - Biz Left,,6,,,CS SignHub,1 Online/Offline,IX25-0028,36,1/4/2025,1/4/2028,,,,,,,,,,,,,1/4/2028,677.00,NO,,,,,,,,,,,,,,
Maxis,Maxis Broadband Sdn Bhd,TTDI MC-EN 05 - Biz Right,,7,,,CS SignHub,1 Online/Offline,IX25-0028,36,1/4/2025,1/4/2028,,,,,,,,,,,,,1/4/2028,677.00,NO,,,,,,,,,,,,,,
Maxis,Maxis Broadband Sdn Bhd,TTDI MC-EN 06 - SF,,4,,,CS SignHub,1 Online/Offline,IX25-0028,36,1/4/2025,1/4/2028,,,,,,,,,,,,,1/4/2028,677.00,NO,,,,,,,,,,,,,,
Maxis,Maxis Broadband Sdn Bhd,USJ Taipan MEP 1 - Internet,,209,,,CS SignHub,1 Online/Offline,IX25-0028,36,1/4/2025,1/4/2028,,,,,,,,,,,,,1/4/2028,677.00,NO,,,,,,,,,,,,,,
Maxis,Maxis Broadband Sdn Bhd,USJ Taipan MEP 2 - Postpaid,,210,,,CS SignHub,1 Online/Offline,IX25-0028,36,1/4/2025,1/4/2028,,,,,,,,,,,,,1/4/2028,677.00,NO,,,,,,,,,,,,,,
Maxis,Maxis Broadband Sdn Bhd,USJ Taipan MEP 3 - Hotlink,,212,,,CS SignHub,1 Online/Offline,IX25-0028,36,1/4/2025,1/4/2028,,,,,,,,,,,,,1/4/2028,677.00,NO,,,,,,,,,,,,,,
Maxis,Maxis Broadband Sdn Bhd,USJ Taipan MEP 4 - SF,,211,,,CS SignHub,1 Online/Offline,IX25-0028,36,1/4/2025,1/4/2028,,,,,,,,,,,,,1/4/2028,677.00,NO,,,,,,,,,,,,,,
Maxis,Maxis Broadband Sdn Bhd,Vivacity MC-EN 1 - SF,,177,,,CS SignHub,1 Online/Offline,IX25-0028,36,1/4/2025,1/4/2028,,,,,,,,,,,,,1/4/2028,677.00,NO,,,,,,,,,,,,,,
Maxis,Maxis Broadband Sdn Bhd,Vivacity MC-EN 2 - P2 (Postpaid),,180,,,CS SignHub,1 Online/Offline,IX25-0028,36,1/4/2025,1/4/2028,,,,,,,,,,,,,1/4/2028,677.00,NO,,,,,,,,,,,,,,
Maxis,Maxis Broadband Sdn Bhd,Vivacity MC-EN 3 - P3 (Hotlink),,179,,,CS SignHub,1 Online/Offline,IX25-0028,36,1/4/2025,1/4/2028,,,,,,,,,,,,,1/4/2028,677.00,NO,,,,,,,,,,,,,,
Maxis,Maxis Broadband Sdn Bhd,Vivacity MC-EN 4 - Demo TV,,178,,,CS SignHub,1 Online/Offline,IX25-0028,36,1/4/2025,1/4/2028,,,,,,,,,,,,,1/4/2028,677.00,NO,,,,,,,,,,,,,,
Maxis,Maxis Broadband Sdn Bhd,Vivacity MC-EN 5 - MIRA,,176,,,CS SignHub,1 Online/Offline,IX25-0028,36,1/4/2025,1/4/2028,,,,,,,,,,,,,1/4/2028,677.00,NO,,,,,,,,,,,,,,
Maxis,Maxis Broadband Sdn Bhd,Wangsa Walk Mall MEP-BM 1 - SF,,272,,,CS SignHub,1 Online/Offline,IX25-0028,36,1/4/2025,1/4/2028,,,,,,,,,,,,,1/4/2028,677.00,NO,,,,,,,,,,,,,,
Maxis,Maxis Broadband Sdn Bhd,Wangsa Walk Mall MEP-BM 2 - Hotlink,,273,,,CS SignHub,1 Online/Offline,IX25-0028,36,1/4/2025,1/4/2028,,,,,,,,,,,,,1/4/2028,677.00,NO,,,,,,,,,,,,,,
CIX,Click IX Sdn Bhd,40_JT_Transparent,,40,1280x720,1280x720,CS Play,4 Test,n/a,0,2/5/2025,2/5/2025,,,,,,,,,,,,,2/5/2025,-388.00,NO,jt+demo@click-ix.com,,,,,,,,,,,,,
CEVA Logistics,Ledtronics,3M,,,,n/a,Intuiface,2 Inacitve ,"IX24-11, QT123",12,16/3/2024,16/3/2025,,,,,,,,,,,,,16/3/2025,-435.00,NO,ext.selventhiran.manimaran@cevalogistics.com,#N/A,-empty-,,,Wastah,,,,,,,,
Maxis,Maxis Broadband Sdn Bhd,Wangsa Walk Mall MEP-BM 3 - P2,,274,,,CS SignHub,1 Online/Offline,IX25-0028,36,1/4/2025,1/4/2028,,,,,,,,,,,,,1/4/2028,677.00,NO,,,,,,,,,,,,,,
Maxis,Maxis Broadband Sdn Bhd,"Wisma Kurnia, Alor Setar MEP-EN 1 - P1",,435,,,CS SignHub,1 Online/Offline,IX25-0028,36,1/4/2025,1/4/2028,,,,,,,,,,,,,1/4/2028,677.00,NO,,,,,,,,,,,,,,
Maxis,Maxis Broadband Sdn Bhd,"Wisma Kurnia, Alor Setar MEP-EN 2 - P2",,436,1,,CS SignHub,1 Online/Offline,IX25-0028,36,1/4/2025,1/4/2028,,,,,,,,,,,,,1/4/2028,677.00,NO,,,,,,,,,,,,,,
Pin Hwa High School,Pin Hwa High School,Level 2,,,,,CS SignHub,3 Archive,DO/26/0064,2,10/3/2026,10/5/2026,,,,,,,,,,,,,10/5/2026,-15.00,NO,,,,,,,,,,,,,,
Pin Hwa High School,Pin Hwa High School,Level 2,,,,,CS SignHub,3 Archive,DO/26/0064,2,10/3/2026,10/5/2026,,,,,,Yes,,,,,,,10/5/2026,-15.00,NO,,,,,,,,,,,,,,
Pin Hwa High School,Pin Hwa High School,Level 2,,,,,CS SignHub,3 Archive,DO/26/0064,2,10/3/2026,10/5/2026,,,,,,Yes,,,,,,,10/5/2026,-15.00,NO,,,,,,,,,,,,,,
Pin Hwa High School,Pin Hwa High School,Level 2,,,,,CS SignHub,3 Archive,DO/26/0064,2,10/3/2026,10/5/2026,,,,,,Yes,,,,,,,10/5/2026,-15.00,NO,,,,,,,,,,,,,,
Pin Hwa High School,Pin Hwa High School,Level 2,,,,,CS SignHub,3 Archive,DO/26/0064,2,10/3/2026,10/5/2026,,,,,,Yes,,,,,,,10/5/2026,-15.00,NO,,,,,,,,,,,,,,
Imedia,Imedia,iStadia Site A (Unipole),112/3.10.0,481,,576x864,CS Play,3 Archive,DO/26/0150,12,15/4/2026,15/4/2027,,,,,,Yes,,,,,,,15/4/2027,325.00,NO,,,,,,,,,,,,,,
Imedia,Imedia,iStadia Site B - Pylon LED 1,112/3.10.0,465,,324x648,CS Play,1 Online/Offline,DO/26/0150,12,15/4/2026,15/4/2027,,,,,,Yes,,,,,,,15/4/2027,325.00,NO,,,,,,,,,,,,,,
Imedia,Imedia,iStadia Site B - Pylon LED 2,112/3.10.0,468,,324x648,CS Play,1 Online/Offline,DO/26/0150,12,15/4/2026,15/4/2027,,,,,,Yes,,,,,,,15/4/2027,325.00,NO,,,,,,,,,,,,,,
Imedia,Imedia,iStadia Site B - Pylon LED 3,112/3.10.0,471,,324x648,CS Play,1 Online/Offline,DO/26/0150,12,15/4/2026,15/4/2027,,,,,,Yes,,,,,,,15/4/2027,325.00,NO,,,,,,,,,,,,,,
Imedia,Imedia,iStadia Site B - Pylon LED 4,112/3.10.0,469,,324x648,CS Play,1 Online/Offline,DO/26/0150,12,15/4/2026,15/4/2027,,,,,,Yes,,,,,,,15/4/2027,325.00,NO,,,,,,,,,,,,,,
Imedia,Imedia,iStadia Site B - Pylon LED 5,112/3.10.0,470,,324x648,CS Play,1 Online/Offline,DO/26/0150,12,15/4/2026,15/4/2027,,,,,,Yes,,,,,,,15/4/2027,325.00,NO,,,,,,,,,,,,,,
Imedia,Imedia,iStadia Site B - Pylon LED 6,112/3.10.0,472,,324x648,CS Play,1 Online/Offline,DO/26/0150,12,15/4/2026,15/4/2027,,,,,,Yes,,,,,,,15/4/2027,325.00,NO,,,,,,,,,,,,,,
Imedia,Imedia,iStadia Site B - Pylon LED 7,112/3.10.0,482,,324x648,CS Play,1 Online/Offline,DO/26/0150,12,15/4/2026,15/4/2027,,,,,,Yes,,,,,,,15/4/2027,325.00,NO,,,,,,,,,,,,,,
Imedia,Imedia,iStadia Site B - Pylon LED 8,,483,,324x648,CS Play,1 Online/Offline,DO/26/0150,12,15/4/2026,15/4/2027,,,,,,Yes,,,,,,,15/4/2027,325.00,NO,,,,,,,,,,,,,,
Imedia,Imedia,iStadia Site B - Pylon LED 9,112/3.10.0,484,,324x648,CS Play,1 Online/Offline,DO/26/0150,12,15/4/2026,15/4/2027,,,,,,Yes,,,,,,,15/4/2027,325.00,NO,,,,,,,,,,,,,,
Imedia,Imedia,iStadia Site C - Lamp Poles 1,112/3.10.0,476,,162x324,CS Play,1 Online/Offline,DO/26/0151,12,15/4/2026,15/4/2027,,,,,,Yes,,,,,,,15/4/2027,325.00,NO,,,,,,,,,,,,,,
Imedia,Imedia,iStadia Site C - Lamp Poles 2,112/3.10.0,478,,324x324,CS Play,1 Online/Offline,DO/26/0151,12,15/4/2026,15/4/2027,,,,,,Yes,,,,,,,15/4/2027,325.00,NO,,,,,,,,,,,,,,
Imedia,Imedia,iStadia Site C - Lamp Poles 3,112/3.10.0,479,,324x324,CS Play,1 Online/Offline,DO/26/0151,12,15/4/2026,15/4/2027,,,,,,Yes,,,,,,,15/4/2027,325.00,NO,,,,,,,,,,,,,,
Imedia,Imedia,iStadia Site C - Lamp Poles 4,112/3.10.0,464,,324x324,CS Play,1 Online/Offline,DO/26/0151,12,15/4/2026,15/4/2027,,,,,,Yes,,,,,,,15/4/2027,325.00,NO,,,,,,,,,,,,,,
Imedia,Imedia,iStadia Site C - Lamp Poles 5,112/3.10.0,477,,324x324,CS Play,1 Online/Offline,DO/26/0151,12,15/4/2026,15/4/2027,,,,,,Yes,,,,,,,15/4/2027,325.00,NO,,,,,,,,,,,,,,
Imedia,Imedia,iStadia Site C - Lamp Poles 6,112/3.10.0,475,,324x324,CS Play,1 Online/Offline,DO/26/0151,12,15/4/2026,15/4/2027,,,,,,Yes,,,,,,,15/4/2027,325.00,NO,,,,,,,,,,,,,,
Imedia,Imedia,iStadia Site C - Lamp Poles 7,112/3.10.0,474,,162x324,CS Play,1 Online/Offline,DO/26/0151,12,15/4/2026,15/4/2027,,,,,,Yes,,,,,,,15/4/2027,325.00,NO,,,,,,,,,,,,,,
Imedia,Imedia,Jalan Tun Razak,112/3.10.0,480,,1344x672,CS Play,1 Online/Offline,DO/26/0151,12,15/4/2026,15/4/2027,,,,,,Yes,,,,,,,15/4/2027,325.00,NO,,,,,,,,,,,,,,
BTO,BIg Tree Outdoor/ Seni Jaya,DigitalTowerJalanCheras,4.3.0+build-auto | v.5.8.0 MSI 5.7.0,135,,1920x1008,CS Play,1 Online/Offline,QT-000974,11,10/6/2026,9/6/2027,,,,,,Yes,,,,,,,9/6/2027,380.00,NO,,,,,,,,,,,,,,
BTO,BIg Tree Outdoor/ Seni Jaya,DigitalTowerPBD,4.0.7+build-auto | v.5.4.1 MSI 5.4.1,127,,1920x756,CS Play,1 Online/Offline,QT-000974,11,10/6/2026,9/6/2027,,,,,,Yes,,,,,,,9/6/2027,380.00,NO,,,,,,,,,,,,,,
BTO,BIg Tree Outdoor/ Seni Jaya,DigitalTowerPersiaranSurian,4.3.0+build-auto | v.5.8.0 MSI 5.7.0,134,,1920x1008,CS Play,1 Online/Offline,QT-000974,11,10/6/2026,9/6/2027,,,,,,Yes,,,,,,,9/6/2027,380.00,NO,,,,,,,,,,,,,,
BTO,BIg Tree Outdoor/ Seni Jaya,DigitalTowerTTDI,4.0.7+build-auto | v.5.4.1 MSI 5.4.1,126,,1680x1344,CS Play,1 Online/Offline,QT-000974,11,10/6/2026,9/6/2027,,,,,,Yes,,,,,,,9/6/2027,380.00,NO,,,,,,,,,,,,,,
BTO,BIg Tree Outdoor/ Seni Jaya,DigitalTowerZenithMall,4.0.8+build-auto | v.5.5.0 MSI 5.5.0,133,,1344x896,CS Play,1 Online/Offline,QT-000974,11,10/6/2026,9/6/2027,,,,,,Yes,,,,,,,9/6/2027,380.00,NO,,,,,,,,,,,,,,
