,,,,,,,Screen Specifications,,,,,,,PC Specifications,,,,,,License Details,,,,,Remote Access,,,Remarks / Status,,,,Maxis Details,,,,,,,,,,
,No,Sub-no,Group,Sub-group,Screens no,Screen,Display SKU,Brand,Size,Reso,Player SKU,Status,checks,Model,Processor,RAM,Storage,HDMI,Internet,current label,Screen Location,Display ID,CS License,EN/BM,anydesk,password,Teamviewer,Remark,,issue,CIX PIC,Maxis Centre,Maxis Centre,Type,Region,State,Locality,Store Format,Shop or Kiosk ,Address,PIC,Contact No.
,,,,,,,MVD25-00,,,,,,,,,,,,,,,,,,,,,,,,,,,,,,,,,,,
,,,,,,,MVD25-00 ,N/A,N/A,1920x1080,MP2512-0156,Assigned,,NUC,Intel core 3 100U,8,250,HDMI,WiFi,Transparent Screen,Mid store,692,One Utama MCP-EN 22 - Transparent Screen,EN ,1548693118,cl1ck1x123,1857674904,,,,,,,,,,,,,,,
646,1,1,1,1,6,1,MVD25-00001,LG,"55""",1920x1080,MMP25-00001,Assigned,,Emboss,i3-3,4,240,VGA-HDMI,LAN,Zerolution/Demo TV,Right -1 ,2,TTDI MC-EN 01 - Demo TV,EN,1012362106,cl1ck1x123,,Demo TV,,,adam,TTDI,MAXIS CENTRE TTDI - KUALA LUMPUR,MC,Central,KL,KL,High Street,0,"No 25, Ground Floor, Jalan Tun Mohd Fuad 3, Taman Tun Dr Ismail, 60000 KL",Columba James Lee Boon Xai,60109430149
647,1,2,1,1,6,2,MVD25-00002,Sharp,"50""",1080x1920,MMP25-00002,Assigned,,HP,i5-4,4,240,DP-HDMI,LAN,MIRA,,3,TTDI MC-EN 02 - P1,EN,1305751430,cl1ck1x123,,MIRA,,,adam,TTDI,MAXIS CENTRE TTDI - KUALA LUMPUR,MC,Central,KL,KL,High Street,0,"No 25, Ground Floor, Jalan Tun Mohd Fuad 3, Taman Tun Dr Ismail, 60000 KL",Columba James Lee Boon Xai,60109430149
648,1,3,1,1,6,3,MVD25-00003,Sharp,"50""",1920x1080,MMP25-00003,Assigned,,HP,i5-4,4,240,DP-HDMI,LAN,Hotlink,,4,TTDI MC-EN 03 - Hotlink,EN,1746063554,cl1ck1x123,,P3,,,adam,TTDI,MAXIS CENTRE TTDI - KUALA LUMPUR,MC,Central,KL,KL,High Street,0,"No 25, Ground Floor, Jalan Tun Mohd Fuad 3, Taman Tun Dr Ismail, 60000 KL",Columba James Lee Boon Xai,60109430149
650,1,4,1,1,6,4,MVD25-00004,Sharp,"50""",1920x1080,MMP25-00004,Assigned,,HP,i5-4,4,240,DP-HDMI,LAN,Business,Business - 2,7,TTDI MC-EN 05 - Biz Right,EN,1582512331,cl1ck1x123,,P2-S,,,adam,TTDI,MAXIS CENTRE TTDI - KUALA LUMPUR,MC,Central,KL,KL,High Street,0,"No 25, Ground Floor, Jalan Tun Mohd Fuad 3, Taman Tun Dr Ismail, 60000 KL",Columba James Lee Boon Xai,60109430149
649,1,5,1,1,6,5,MVD25-00005,Sharp,"50""",1920x1080,MMP25-00005,Disposed,,HP,i5-4,4,240,DP-HDMI,LAN,Business,Business - 1,6,TTDI MC-EN 04 - Biz Left,EN,1403556899,cl1ck1x123,,P2-S,,,adam,TTDI,MAXIS CENTRE TTDI - KUALA LUMPUR,MC,Central,KL,KL,High Street,0,"No 25, Ground Floor, Jalan Tun Mohd Fuad 3, Taman Tun Dr Ismail, 60000 KL",Columba James Lee Boon Xai,60109430149
649,1,5,1,1,6,5,MVD25-00005,Sharp,"50""",1920x1080,MP2508-014,Assigned,,NUC,Core 3 ,8,240,HDMI,LAN,Business,Business - 1,6,TTDI MC-EN 04 - Biz Left,EN,1540200556,cl1ck1x123,,P2-S,,,adam,TTDI,MAXIS CENTRE TTDI - KUALA LUMPUR,MC,Central,KL,KL,High Street,0,"No 25, Ground Floor, Jalan Tun Mohd Fuad 3, Taman Tun Dr Ismail, 60000 KL",Columba James Lee Boon Xai,60109430149
651,1,6,1,1,6,6,MVD25-00006,Philips,"50""",1080x1920,MMP25-00006,Assigned,,Intel NUC,i5-11,8,240,HDMI,Wifi,Store Front,Window,4,TTDI MC-EN 06 - SF,EN,667935956,cl1ck1x123,,P1,,,adam,TTDI,MAXIS CENTRE TTDI - KUALA LUMPUR,MC,Central,KL,KL,High Street,0,"No 25, Ground Floor, Jalan Tun Mohd Fuad 3, Taman Tun Dr Ismail, 60000 KL",Columba James Lee Boon Xai,60109430149
578,2,7,1,2,3,1,MVD25-00007,LG,"88""",1080x3840,MMP25-00007,Assigned,,HP,i5-4,4,1000,DP-HDMI,LAN,MIRA,,48,Suria KLCC MC-EN 1 - MIRA,EN,1114878943,cl1ck1x123,,MIRA,,,adam,Suria KLCC,MAXIS CENTRE KLCC,Flagship,Central,KL,KL,Mall,0,"LOT 329-330, Level 3 Suria KLCC , KLCC , 50088 KL",Selvi Letchiman,60122770258
579,2,8,1,2,3,2,MVD25-00008,LED,tbc,4480x1200,MMP25-00008,Assigned,,Microstart International,i5-10,16,1400,DP-HDMI,LAN,LED,Right - Back,47,Suria KLCC MC-EN 2 - LED,EN,1904771673,cl1ck1x123,,LED,,,adam,Suria KLCC,MAXIS CENTRE KLCC,Flagship,Central,KL,KL,Mall,0,"LOT 329-330, Level 3 Suria KLCC , KLCC , 50088 KL",Selvi Letchiman,60122770258
580,2,9,1,2,3,3,MVD25-00009,Samsung,"65""",1920x1080,MMP25-00009,Assigned,,Dell,i5-4,4,120,DP-HDMI,Wifi-Dongle,Demo TV,,46,Suria KLCC MC-EN 3 - Demo TV,EN,1158227559,cl1ck1x123,,Demo TV,,,adam,Suria KLCC,MAXIS CENTRE KLCC,Flagship,Central,KL,KL,Mall,0,"LOT 329-330, Level 3 Suria KLCC , KLCC , 50088 KL",Selvi Letchiman,60122770258
633,3,10,1,3,10,1,MVD25-00010,LED,tbc,1280x240,MMP25-00010,Assigned,,Intel NUC,tbc,tbc,tbc,tbc,tbc,LED,SF,10,TRX MC-EN 1 - SF LED,EN,1658223038,cl1ck1x123,,synced,,,adam,TRX,MAXIS CENTRE THE EXCHANGE TRX,MC,Central,KL,KL,Mall,0,"Lot C. 33.0, Concourse Level, The Exchange TRX, Persiaran TRX, Tun Razak Exchange, 55188 Kuala Lumpur",Madhura Marippan,60122000648
634,3,11,1,3,10,2,MVD25-00011,Samsung,"65""",1024x768,MMP25-00011,Assigned,,HP,i5-4,4,240,DP-HDMI,LAN,Smart Home,,15,"TRX MC-EN 10 - Smart Home 65""",EN,1681572620,cl1ck1x123,,,,,adam,TRX,MAXIS CENTRE THE EXCHANGE TRX,MC,Central,KL,KL,Mall,0,"Lot C. 33.0, Concourse Level, The Exchange TRX, Persiaran TRX, Tun Razak Exchange, 55188 Kuala Lumpur",Madhura Marippan,60122000648
638,3,12,1,3,10,3,MVD25-00012,LG,"98""",1080x1920,MMP25-00012,Assigned,,HP,i5-4,4,240,DP-HDMI,LAN,Store Front,Right -1 ,12,TRX MC-EN 2 - SF 1x98,EN,1792844418,cl1ck1x123,,synced,,,adam,TRX,MAXIS CENTRE THE EXCHANGE TRX,MC,Central,KL,KL,Mall,0,"Lot C. 33.0, Concourse Level, The Exchange TRX, Persiaran TRX, Tun Razak Exchange, 55188 Kuala Lumpur",Madhura Marippan,60122000648
639,3,13,1,3,10,4,MVD25-00013,Philips,"55""",1080x1920,MMP25-00013,Assigned,,HP,i5-4,4,240,DP-HDMI,LAN,MIRA,,9,TRX MC-EN 3 - SF MIRA,EN,1836697521,cl1ck1x123,,,,,adam,TRX,MAXIS CENTRE THE EXCHANGE TRX,MC,Central,KL,KL,Mall,0,"Lot C. 33.0, Concourse Level, The Exchange TRX, Persiaran TRX, Tun Razak Exchange, 55188 Kuala Lumpur",Madhura Marippan,60122000648
92,119,339,3,14,7,7,MVD25-00339,Samsung,"65""",1920x1080,MMP25-00339,To be Disposed,1,HP,i5-2,4,250,DP-HDMI,LAN,Accessories,Right,191,All Seasons MC-EN 7 - P2 (Accessories),EN,1428340065,cl1ck1x123,,P2,,,,All Seasons,MAXIS CENTRE ALL SEASONS PLACE,MC,Northern,Penang,Island,High Street,Shop,"Lot No. 6H-1-17, Level 1, All Seasons Place, Lebuhraya Thean Teik, Bandar Baru Air Itam, 11500 Penang.",NUR EZZATI BINTI MAT AJI,60135176069
640,3,14,1,3,10,5,MVD25-00014,Philips,"42""",1080x1920,MP2601-0019,Assigned,,NUC,Core 3 ,8,250,HMDMI,WiFi ,Hotlink,,8,TRX MC-EN 4 - Hotlink,EN,1139065688,cl1ck1x123,,,,,adam,TRX,MAXIS CENTRE THE EXCHANGE TRX,MC,Central,KL,KL,Mall,0,"Lot C. 33.0, Concourse Level, The Exchange TRX, Persiaran TRX, Tun Razak Exchange, 55188 Kuala Lumpur",Madhura Marippan,60122000648
641,3,15,1,3,10,6,MVD25-00015,LED - L-Shape,tbc,1280x240,MMP25-00015,Assigned,,Intel NUC,tbc,tbc,tbc,tbc,tbc,Device Area,Pillar,11,TRX MC-EN 5 - DA L-LED,EN,1530366267,cl1ck1x123,,,,,adam,TRX,MAXIS CENTRE THE EXCHANGE TRX,MC,Central,KL,KL,Mall,0,"Lot C. 33.0, Concourse Level, The Exchange TRX, Persiaran TRX, Tun Razak Exchange, 55188 Kuala Lumpur",Madhura Marippan,60122000648
642,3,16,1,3,10,7,MVD25-00016,Philips,"55""",1920x1080,MMP25-00016,Assigned,,HP,i5-4,4,240,DP-HDMI,LAN,Apple,,13,"TRX MC-EN 6 - Apple 55""",EN,1872243000,cl1ck1x123,,,,,adam,TRX,MAXIS CENTRE THE EXCHANGE TRX,MC,Central,KL,KL,Mall,0,"Lot C. 33.0, Concourse Level, The Exchange TRX, Persiaran TRX, Tun Razak Exchange, 55188 Kuala Lumpur",Madhura Marippan,60122000648
643,3,17,1,3,10,8,MVD25-00017,Samsung,"55""",1920x1080,MMP25-00017,Assigned,,HP,i5-4,4,240,DP-HDMI,LAN,Samsung,,16,"TRX MC-EN 7 - Samsung 55""",EN,1590479421,cl1ck1x123,,,,,adam,TRX,MAXIS CENTRE THE EXCHANGE TRX,MC,Central,KL,KL,Mall,0,"Lot C. 33.0, Concourse Level, The Exchange TRX, Persiaran TRX, Tun Razak Exchange, 55188 Kuala Lumpur",Madhura Marippan,60122000648
644,3,18,1,3,10,9,MVD25-00018,Sharp,"42""",1920x1080,MMP25-00018,Assigned,,HP,i5-4,4,240,DP-HDMI,LAN,Oppo,,17,"TRX MC-EN 8 - Oppo 42""",EN,1861186356,cl1ck1x123,,seadale content,,,adam,TRX,MAXIS CENTRE THE EXCHANGE TRX,MC,Central,KL,KL,Mall,0,"Lot C. 33.0, Concourse Level, The Exchange TRX, Persiaran TRX, Tun Razak Exchange, 55188 Kuala Lumpur",Madhura Marippan,60122000648
645,3,19,1,3,10,10,MVD25-00019,Panasonic,"42""",1920x1080,MMP25-00019,Assigned,,Intel NUC,tbc,tbc,tbc,tbc,tbc,Honor,,14,"TRX MC-EN 9 - Honor 42""",EN,1717620135,cl1ck1x123,,Vendor,,,adam,TRX,MAXIS CENTRE THE EXCHANGE TRX,MC,Central,KL,KL,Mall,0,"Lot C. 33.0, Concourse Level, The Exchange TRX, Persiaran TRX, Tun Razak Exchange, 55188 Kuala Lumpur",Madhura Marippan,60122000648
574,4,21,1,1,4,2,MVD25-00021,LED,tbc,1280x720,MMP25-00021,Disposed,,HP,i5-4,4,500,HDMI,LAN,LED,Left - 1,68,Sunway Velocity MC-EN 2 - P2 (LED),EN,1810563713,cl1ck1x123,,LED,,Could not take out PC,adam,Sunway Velocity,MAXIS CENTRE SUNWAY VELOCITY,MC,Central,KL,KL,Mall,0,"Lot 1-17, Sunway Velocity Shopping Mall, Lingkaran SV, Jalan Peel, 55100 Kuala Lumpur ",Martin ,60123750013
575,,,,,,,MVD25-00021,LED,tbc,1280x720,MP2505-0051,Assigned,,Intel NUC,i3-13,8,250,HDMI,LAN,LED,Left - 1,68,Sunway Velocity MC-EN 2 - P2 (LED),EN ,1435434887,cl1ck1x123,607090741,LED,,,adam,Sunway Velocity,MAXIS CENTRE SUNWAY VELOCITY,MC,Central,KL,KL,Mall,0,"Lot 1-17, Sunway Velocity Shopping Mall, Lingkaran SV, Jalan Peel, 55100 Kuala Lumpur ",Martin ,60123750013
180,59,191,5,7,3,3,MVD25-00191,Sharp,"50""",1920x1080,MMP25-00191,To be Disposed,2,HP,i3-6,8,250,DP-HDMI,Wifi,Hotlink,Left - 2,385,Gamuda Walk MEP-EN 3 - Hotlink,EN,1231995848,cl1ck1x123,,P3,,wifi dongle problem,adam,Gamuda Walk,EVERCALL SDN BHD,MEP,Central,Selangor,Shah Alam,Mall,Shop,"G-21 GAMUDA WALK, NO 12, JALAN ANGGERIK VANILLA 31/99, KOTA KEMUNING SECTION 31, 40460 SHAH ALAM, SELANGOR.",NABIL,60122396497
,,,,,,,MVD25-00022,LG,"75""",1920x1080,MP2507-0069,Assigned,,Intel NUC,Core 3 ,8,250,HDMI,WiFi,Demo TV,,67,Sunway Velocity MC-EN 3 - Demo TV,EN,1527713322,cl1ck1x123,471557280,Demo TV,,,,Sunway Velocity,MAXIS CENTRE SUNWAY VELOCITY,MC,Central,KL,KL,Mall,,"Lot 1-17, Sunway Velocity Shopping Mall, Lingkaran SV, Jalan Peel, 55100 Kuala Lumpur ",Martin ,60123750013
160,190,516,1,25,5,5,MVD25-00516,Sharp,"40""",1920x1080,MMP25-00516,To be Disposed,3,HP,i5-6,8,250,DP-HDMI,LAN,Zerolution,Back - 2,133,Danga Bay MC-EN 5 - P2 (Zerolution),EN,1856314346,cl1ck1x123,,P2,,,irfan,Danga Bay ,MAXIS CENTRE JB-1 CENTRE DANGA BAY,MC,Southern,Johor,JB,High Street,Shop,"Block 6-G-1, Danga Walk, Batu 4 ½, Jalan Skudai, 80200 Johor Bahru, Johor",Nor Rafiza Binti Muxtor,60172555731
577,4,23,1,1,4,4,MVD25-00023,Sharp,"75""",1080x1920,MP2509-0124,Assigned,,Dell,i5-4,4,500,DP-HDMI,LAN,MIRA,,66,Sunway Velocity MC-EN 4 - P3 (MIRA),EN,1185134804,cl1ck1x123,,MIRA,,,adam,Sunway Velocity,MAXIS CENTRE SUNWAY VELOCITY,MC,Central,KL,KL,Mall,0,"Lot 1-17, Sunway Velocity Shopping Mall, Lingkaran SV, Jalan Peel, 55100 Kuala Lumpur ",Martin ,60123750013
183,5,24,1,1,14,1,MVD25-00024,Samsung,"65""",1920x1080,MMP25-00024,Disposed,,Dell,i5-4,4,250,DP-HDMI,Wifi,Demo TV + Soundbar,,39,Gardens MC 10 - Demo TV Wall,EN,1740891494,cl1ck1x123,,this player is removed,,,,Gardens,MAXIS CENTRE MIDVALLEY GARDENS,Flagship,Central,KL,KL,Mall,0,"Lot T-231, 3rd Floor, The Gardens, Mid Valley City, Lingkaran Syed Putra, 59200 Kuala Lumpur ",Anthony Chung Min Fei,60123000278
187,5,25,1,1,14,2,MVD25-00025,LED,tbc,1920x1080,MMP25-00025,Disposed,,HP,i5-2,4,240,DP-HDMI,LAN,LED,Right - 2,34,Gardens MC 4 - RW LED,EN,1615153637,cl1ck1x123,,synced,,,,Gardens,MAXIS CENTRE MIDVALLEY GARDENS,Flagship,Central,KL,KL,Mall,0,"Lot T-231, 3rd Floor, The Gardens, Mid Valley City, Lingkaran Syed Putra, 59200 Kuala Lumpur ",Anthony Chung Min Fei,60123000278
187,5,25,1,1,14,2,MVD25-00025,LED,tbc,1920x1080,MP2507-0089,Assigned,,NUC,Core 3 ,8,240,HDMI,LAN,LED,Right - 2,34,Gardens MC 4 - RW LED,EN,1073429468,cl1ck1x123,,synced,,,,Gardens,MAXIS CENTRE MIDVALLEY GARDENS,Flagship,Central,KL,KL,Mall,0,"Lot T-231, 3rd Floor, The Gardens, Mid Valley City, Lingkaran Syed Putra, 59200 Kuala Lumpur ",Anthony Chung Min Fei,60123000278
189,5,26,1,1,14,3,MVD25-00026,LG,"98""x2",2160x1920,MMP25-00026,Assigned,,HP,i5-4,4,470,DP-HDMI,LAN,LED - 2x98,Right - 3,38,Gardens MC 7 - 2x98 LED,EN,1899256932,cl1ck1x123,,,,,,Gardens,MAXIS CENTRE MIDVALLEY GARDENS,Flagship,Central,KL,KL,Mall,0,"Lot T-231, 3rd Floor, The Gardens, Mid Valley City, Lingkaran Syed Putra, 59200 Kuala Lumpur ",Anthony Chung Min Fei,60123000278
188,5,27,1,1,14,4,MVD25-00027,LG,"98""x2",2160x1920,MMP25-00027,Assigned,,HP,i5-4,4,470,DP-HDMI,LAN,Kitchen - 2x98,Left - 3,33,Gardens MC 5 - 2x98 Kitchen,EN,831686601,cl1ck1x123,,,,,,Gardens,MAXIS CENTRE MIDVALLEY GARDENS,Flagship,Central,KL,KL,Mall,0,"Lot T-231, 3rd Floor, The Gardens, Mid Valley City, Lingkaran Syed Putra, 59200 Kuala Lumpur ",Anthony Chung Min Fei,60123000278
190,5,28,1,1,14,5,MVD25-00028,LG,"98""x2",2160x1920,MMP25-00028,Assigned,,HP,i5-4,4,500,DP-HDMI,LAN,Store Front - 2x98,Left - 2,42,Gardens MC 8 - 2x98 SF,EN,1353959995,cl1ck1x123,,,,,,Gardens,MAXIS CENTRE MIDVALLEY GARDENS,Flagship,Central,KL,KL,Mall,0,"Lot T-231, 3rd Floor, The Gardens, Mid Valley City, Lingkaran Syed Putra, 59200 Kuala Lumpur ",Anthony Chung Min Fei,60123000278
191,5,29,1,1,14,6,MVD25-00029,LG,"55""x2",1920x1080,MMP25-00029,Disposed,,Intel NUC,i3-8,4,250,HDMI,LAN,Hotlink,,44,Gardens MC 9 - Hotlink,EN,1443475461,cl1ck1x123,,,,,,Gardens,MAXIS CENTRE MIDVALLEY GARDENS,Flagship,Central,KL,KL,Mall,0,"Lot T-231, 3rd Floor, The Gardens, Mid Valley City, Lingkaran Syed Putra, 59200 Kuala Lumpur ",Anthony Chung Min Fei,60123000278
182,5,30,1,1,14,7,MVD25-00030,LG,"88""",1080x3840,MMP25-00030,Assigned,,Dell,i5-6,8,250,HDMI,LAN,Store Front - 3x88 1,Left - 1,32,Gardens MC 1 - SF 1x88 Left,EN,1260887470,cl1ck1x123,,synced,,,,Gardens,MAXIS CENTRE MIDVALLEY GARDENS,Flagship,Central,KL,KL,Mall,0,"Lot T-231, 3rd Floor, The Gardens, Mid Valley City, Lingkaran Syed Putra, 59200 Kuala Lumpur ",Anthony Chung Min Fei,60123000278
185,5,31,1,1,14,8,MVD25-00031,LG,"88""",1080x3840,MMP25-00031,Unassigned,In the office,Dell,i3-6,8,250,HDMI,LAN,Store Front - 3x88 2,Pillar,35,Gardens MC 2 - SF 1x88 Mid,EN,1670684343,cl1ck1x123,,synced,,,,Gardens,MAXIS CENTRE MIDVALLEY GARDENS,Flagship,Central,KL,KL,Mall,0,"Lot T-231, 3rd Floor, The Gardens, Mid Valley City, Lingkaran Syed Putra, 59200 Kuala Lumpur ",Anthony Chung Min Fei,60123000278
185,5,31,1,1,14,8,MVD25-00031,LG,"88""",1080x3840,MP2508-0112,Assigned,,NUC,Core 3 ,8,250,HDMI,LAN,Store Front - 3x88 2,Pillar,35,Gardens MC 2 - SF 1x88 Mid,EN,1920094089,cl1ck1x123,,synced,,,,Gardens,MAXIS CENTRE MIDVALLEY GARDENS,Flagship,Central,KL,KL,Mall,0,"Lot T-231, 3rd Floor, The Gardens, Mid Valley City, Lingkaran Syed Putra, 59200 Kuala Lumpur ",Anthony Chung Min Fei,60123000278
186,5,32,1,1,14,9,MVD25-00032,LG,"88""",1080x3840,MMP25-00032,Assigned,,Dell,i3-6,8,250,HDMI,LAN,Store Front - 1x88,Right,37,Gardens MC 3 - SF 1x88 Right,EN,1847269997,cl1ck1x123,,synced,,,,Gardens,MAXIS CENTRE MIDVALLEY GARDENS,Flagship,Central,KL,KL,Mall,0,"Lot T-231, 3rd Floor, The Gardens, Mid Valley City, Lingkaran Syed Putra, 59200 Kuala Lumpur ",Anthony Chung Min Fei,60123000278
184,5,33,1,1,14,10,MVD25-00033,LG,"88""",1080x3840,MMP25-00033,Assigned,,Intel NUC,i5-11,4,100,HDMI,LAN,MIRA - 1x88,Right - Pillar,43,Gardens MC 11 - MIRA,EN,1181244310,cl1ck1x123,,MIRA,,,,Gardens,MAXIS CENTRE MIDVALLEY GARDENS,Flagship,Central,KL,KL,Mall,0,"Lot T-231, 3rd Floor, The Gardens, Mid Valley City, Lingkaran Syed Putra, 59200 Kuala Lumpur ",Anthony Chung Min Fei,60123000278
181,5,34,1,1,14,11,MVD25-00034,Samsung,"75""",1920x3840,MMP25-00034,Assigned,,Intel NUC,i3-8,4,250,HDMI,Wifi,Demo TV,,36,Garden MC 10 - Demo TV Wall,EN,1169980327,cl1ck1x123,,Demo TV,,,,Gardens,MAXIS CENTRE MIDVALLEY GARDENS,Flagship,Central,KL,KL,Mall,0,"Lot T-231, 3rd Floor, The Gardens, Mid Valley City, Lingkaran Syed Putra, 59200 Kuala Lumpur ",Anthony Chung Min Fei,60123000278
410,5,35,1,1,14,12,MVD25-00035,tbc,tbc,tbc,MMP25-00035,,,,,,,,tbc,tbc,tbc,n/a,not installed - no player,,,,,,,,,Gardens,MAXIS CENTRE MIDVALLEY GARDENS,Flagship,Central,KL,KL,Mall,0,"Lot T-231, 3rd Floor, The Gardens, Mid Valley City, Lingkaran Syed Putra, 59200 Kuala Lumpur ",Anthony Chung Min Fei,60123000278
411,5,36,1,1,14,13,MVD25-00036,tbc,tbc,tbc,MMP25-00036,,,,,,,,tbc,tbc,tbc,n/a,not installed - no player,,,,,,,,,Gardens,MAXIS CENTRE MIDVALLEY GARDENS,Flagship,Central,KL,KL,Mall,0,"Lot T-231, 3rd Floor, The Gardens, Mid Valley City, Lingkaran Syed Putra, 59200 Kuala Lumpur ",Anthony Chung Min Fei,60123000278
412,5,37,1,1,14,14,MVD25-00037,tbc,tbc,tbc,MMP25-00037,,,,,,,,tbc,tbc,tbc,n/a,not installed - no player,,,,,,,,,Gardens,MAXIS CENTRE MIDVALLEY GARDENS,Flagship,Central,KL,KL,Mall,0,"Lot T-231, 3rd Floor, The Gardens, Mid Valley City, Lingkaran Syed Putra, 59200 Kuala Lumpur ",Anthony Chung Min Fei,60123000278
416,6,38,1,1,4,1,MVD25-00038,LED,tbc,1920x1080,MMP25-00038,Disposed,,HP,i5-4,4,1000,HDMI,Wifi,LED,Right - Back,88,NU Sentral MC-EN 1 - LED,EN,1883561283,cl1ck1x123,,P1,,network,adam,Nu Sentral,MAXIS CENTRE NU SENTRAL,MC,Central,KL,KL,Mall,0,"Lot 2.10, Nu Sentral, No. 201, Jalan Tun Sambanthan, 50470, KL Sentral, Kuala Lumpur.",Amrath Kaur Gill,60172521070
416,6,38,1,1,4,1,MVD25-00038,LED,tbc,1920x1080,MP2507-0080,Assigned,,NUC,Core 3,8,250,HDMI,Wifi,LED,Right - Back,88,NU Sentral MC-EN 1 - LED,EN,1430436442,cl1ck1x123,,P1,,network,adam,Nu Sentral,MAXIS CENTRE NU SENTRAL,MC,Central,KL,KL,Mall,0,"Lot 2.10, Nu Sentral, No. 201, Jalan Tun Sambanthan, 50470, KL Sentral, Kuala Lumpur.",Amrath Kaur Gill,60172521070
418,6,39,1,1,4,2,MVD25-00039,LG,"65""",1920x1080,MMP25-00039,Assigned,,HP,i5-4,4,250,DP-HDMI,Wifi,Fibre/Demo TV,,89,NU Sentral MC-EN 3 - Demo TV,EN,1483483699,cl1ck1x123,,Demo TV,,,adam,Nu Sentral,MAXIS CENTRE NU SENTRAL,MC,Central,KL,KL,Mall,0,"Lot 2.10, Nu Sentral, No. 201, Jalan Tun Sambanthan, 50470, KL Sentral, Kuala Lumpur.",Amrath Kaur Gill,60172521070
417,6,40,1,1,4,3,MVD25-00040,Generic,"50""",1080x1920,MMP25-00040,Disposed,,HP,i5-4,4,950,DP-HDMI,LAN,MIRA,,86,NU Sentral MC-EN 2 - MIRA,EN,1208539677,cl1ck1x123,,MIRA,,bluish,adam,Nu Sentral,MAXIS CENTRE NU SENTRAL,MC,Central,KL,KL,Mall,0,"Lot 2.10, Nu Sentral, No. 201, Jalan Tun Sambanthan, 50470, KL Sentral, Kuala Lumpur.",Amrath Kaur Gill,60172521070
417,6,40,1,1,4,3,MVD25-00040,Generic,"50""",1080x1920,MP2507-0081,Assigned,,NUC,Core 3 ,8,250,HDMI,LAN,MIRA,,86,NU Sentral MC-EN 2 - MIRA,EN,1208539677,cl1ck1x123,,MIRA,,bluish,adam,Nu Sentral,MAXIS CENTRE NU SENTRAL,MC,Central,KL,KL,Mall,0,"Lot 2.10, Nu Sentral, No. 201, Jalan Tun Sambanthan, 50470, KL Sentral, Kuala Lumpur.",Amrath Kaur Gill,60172521070
419,6,41,1,1,4,4,MVD25-00041,LG,"50""",1080x1920,MMP25-00041,Assigned,,Dell,i3-6,8,250,DP-HDMI,Wifi,,SF,87,NU Sentral MC-EN 4 - SF,EN,386727015,cl1ck1x123,,P1,,,adam,Nu Sentral,MAXIS CENTRE NU SENTRAL,MC,Central,KL,KL,Mall,0,"Lot 2.10, Nu Sentral, No. 201, Jalan Tun Sambanthan, 50470, KL Sentral, Kuala Lumpur.",Amrath Kaur Gill,60172521070
393,7,42,1,1,1,1,MVD25-00042,Sharp,"45""",1080x1920,MMP25-00042,Assigned,,Dell,i5-3,4,230,HDMI,Wifi,Kiosk,,64,Midvalley Kiosk MC-EN,EN,1644897671,cl1ck1x123,,P1,,network,adam,Midvalley Kiosk,MAXIS CENTRE MID VALLEY GARDENS (LG),KIOSK,Central,KL,KL,Mall,Kiosk,"LG-C15, The Gardens, Mid Valley City, Lingkaran Syed Putra, 59200 Kuala Lumpur",Annetha A/p Sesu Raj,60176108816
173,8,43,1,1,5,1,MVD25-00043,Philips,"65""",1080x1920,MMP25-00043,Assigned,,HP,i5-6,8,250,HDMI,LAN,,SF - Right,56,Eko Cheras MC-EN 1 - SF Right,EN,1716923545,cl1ck1x123,,P1,,,adam,Eko Cheras ,MAXIS CENTRE EKO CHERAS,MC,Central,KL,KL,Mall,Kiosk,"LOT G-57 & G-58 Ground Floor, EkoCheras Mall No: 693 Batu 5, Jalan Cheras 56000 Kuala Lumpur",Zalenda Zakaria,60123000946
174,8,44,1,1,5,2,MVD25-00044,Philips,"65""",1080x1920,MMP25-00044,Assigned,,HP,i5-6,8,250,HDMI,LAN,,SF - Left,58,Eko Cheras MC-EN 2 - SF Left,EN,1244436876,cl1ck1x123,,P1,,,adam,Eko Cheras ,MAXIS CENTRE EKO CHERAS,MC,Central,KL,KL,Mall,Kiosk,"LOT G-57 & G-58 Ground Floor, EkoCheras Mall No: 693 Batu 5, Jalan Cheras 56000 Kuala Lumpur",Zalenda Zakaria,60123000946
175,8,45,1,1,5,3,MVD25-00045,Sharp,"65""",1080x1920,MMP25-00045,Disposed,,HP,i3-4,4,500,HDMI,LAN,MIRA,,54,Eko Cheras MC-EN 3 - MIRA,EN,1741340821,cl1ck1x123,,MIRA,,,adam,Eko Cheras ,MAXIS CENTRE EKO CHERAS,MC,Central,KL,KL,Mall,Kiosk,"LOT G-57 & G-58 Ground Floor, EkoCheras Mall No: 693 Batu 5, Jalan Cheras 56000 Kuala Lumpur",Zalenda Zakaria,60123000946
175,8,45,1,1,5,3,MVD25-00045,Sharp,"65""",1080x1920,MP2508-0111,Assigned,,NUC,Core 3 ,8,500,HDMI,LAN,MIRA,,54,Eko Cheras MC-EN 3 - MIRA,EN,1371910151,cl1ck1x123,,MIRA,,,adam,Eko Cheras ,MAXIS CENTRE EKO CHERAS,MC,Central,KL,KL,Mall,Kiosk,"LOT G-57 & G-58 Ground Floor, EkoCheras Mall No: 693 Batu 5, Jalan Cheras 56000 Kuala Lumpur",Zalenda Zakaria,60123000946
377,226,587,3,27,5,1,MVD25-00587,Sharp,"50""",1080x1920,MMP25-00587,To be Disposed,4,Dell,i5-6,8,250,DP-HDMI,LAN,Zerolution,Left,524,Melaka Mahkota Parade MC-EN 1 - P1 (Zerolution),EN,1141625914,cl1ck1x123,,P1,,,adam,Melaka,MAXIS CENTRE MAHKOTA PARADE,MC,Southern,Melaka,Melaka,Mall,Shop,"Lot G77 & 78, Mahkota Parade,  No 1, Jalan Merdeka, 75000 Melaka",Vikneswaran A/L Panja Charum,60172000274
177,8,47,1,1,5,5,MVD25-00047,LG,"55""",1920x1080,MMP25-00047,Assigned,,GIgabyte,i3-3,4,500,HDMI,LAN,Demo TV,,57,Eko Cheras MC-EN 5 - Demo TV,EN,1869918149,cl1ck1x123,,Demo TV,,,adam,Eko Cheras ,MAXIS CENTRE EKO CHERAS,MC,Central,KL,KL,Mall,Kiosk,"LOT G-57 & G-58 Ground Floor, EkoCheras Mall No: 693 Batu 5, Jalan Cheras 56000 Kuala Lumpur",Zalenda Zakaria,60123000946
453,9,48,1,1,4,1,MVD25-00048,LG,"55""",1920x1080,MMP25-00048,Assigned,,HP,i5-4,4,40,DP-HDMI,Wifi,Home/Demo TV,,231,Plaza Low Yat MEP-EN 1 - Demo TV,EN,1957393630,cl1ck1x123,,P3,,,,Plaza Low Yat,TOP UP MOBILE SDN. BHD.,MEP,Central,KL,KL,Mall,Shop,"LOT G-22, GROUND FLOOR, PLAZA LOW YAT, NO. 7, JALAN BINTANG, OFF JALAN BUKIT BINTANG SENTRAL, 55100 KUALA LUMPUR, WP-KUALA LUMPUR.",KIAT,6.01154E+11
454,9,49,1,1,4,2,MVD25-00049,Video Wall 3x3,"50""x9", 1920x1080,MMP25-00049,Disposed,,HP,i5-4,4,40,DP-HDMI,Wifi-Dongle,Store Front,Video Wall,230,Plaza Low Yat MEP-EN 2 - Video Wall,EN,1960165229,cl1ck1x123,,,,no internet,,Plaza Low Yat,TOP UP MOBILE SDN. BHD.,MEP,Central,KL,KL,Mall,Shop,"LOT G-22, GROUND FLOOR, PLAZA LOW YAT, NO. 7, JALAN BINTANG, OFF JALAN BUKIT BINTANG SENTRAL, 55100 KUALA LUMPUR, WP-KUALA LUMPUR.",KIAT,6.01154E+11
455,9,50,1,1,4,3,MVD25-00050,Sharp,"50""",1920x1080,MMP25-00050,Assigned,,HP,i5-4,4,40,DP-HDMI,Wifi-Dongle,Hotlink,,232,Plaza Low Yat MEP-EN 3 - Hotlink,EN,1961825901,cl1ck1x123,,P3,,,,Plaza Low Yat,TOP UP MOBILE SDN. BHD.,MEP,Central,KL,KL,Mall,Shop,"LOT G-22, GROUND FLOOR, PLAZA LOW YAT, NO. 7, JALAN BINTANG, OFF JALAN BUKIT BINTANG SENTRAL, 55100 KUALA LUMPUR, WP-KUALA LUMPUR.",KIAT,6.01154E+11
456,9,51,1,1,4,4,MVD25-00051,Sharp,"50""",1080x1920,MMP25-00051,Disposed,,HP,i3-6,8,64,DP-HDMI,Wifi-Dongle,MIRA,p2,233,Plaza Low Yat MEP-EN 4 - P2,EN,1566358883,cl12ck1x123,,P2,,,,Plaza Low Yat,TOP UP MOBILE SDN. BHD.,MEP,Central,KL,KL,Mall,Shop,"LOT G-22, GROUND FLOOR, PLAZA LOW YAT, NO. 7, JALAN BINTANG, OFF JALAN BUKIT BINTANG SENTRAL, 55100 KUALA LUMPUR, WP-KUALA LUMPUR.",KIAT,6.01154E+11
457,,,,,,,MVD25-00051,Sharp,"50""",1080x1920,MP2507-0062,Assigned,,Intel NUC,Core 3 ,8,250,HDMI,Wifi,MIRA,p2,233,Plaza Low Yat MEP-EN 4 - P2,EN ,132383048,cl1ck1x123,478800496,P2,,,,Plaza Low Yat,TOP UP MOBILE SDN. BHD.,MEP,Central,KL,KL,Mall,Shop,"LOT G-22, GROUND FLOOR, PLAZA LOW YAT, NO. 7, JALAN BINTANG, OFF JALAN BUKIT BINTANG SENTRAL, 55100 KUALA LUMPUR, WP-KUALA LUMPUR.",KIAT,6.01154E+11
437,10,52,1,2,2,1,MVD25-00052,Sharp,"40""",1920x1080,MMP25-00052,Assigned,,HP,i5-4,4,500,HDMI,LAN,Postpaid,,248,Pearl Point MEP-EN 2 - P2,EN,1589689857,cl1ck1x123,,P2,,,adam,Pearl Point,ONE TO ONE COMMUNICATIONS SDN BHD,MEP,Central,KL,KL,Mall,Shop,"LOT G1.0.26, PEARL POINT SHOPPING MALL, JALAN SEPADU 3, OFF JALAN KLANG LAMA, 58200 WP-KUALA LUMPUR.",SAM,60123200032
436,10,53,1,2,2,2,MVD25-00053,Philips,"65""",1080x1920,MMP25-00053,Assigned,,Intel NUC,i5-11,8,240,HDMI,Wifi,,SF,247,Pearl Point MEP-EN 1 - SF,EN,1577150424,cl1ck1x123,,P1,,,adam,Pearl Point,ONE TO ONE COMMUNICATIONS SDN BHD,MEP,Central,KL,KL,Mall,Shop,"LOT G1.0.26, PEARL POINT SHOPPING MALL, JALAN SEPADU 3, OFF JALAN KLANG LAMA, 58200 WP-KUALA LUMPUR.",SAM,60123200032
5,228,594,3,27,2,2,MVD25-00407,Sharp,"40""",1920x1080,MMP25-00594,To be Disposed,5,Dell,i3-6,4,700,DP-HDMI,Wifi,Postpaid,Right -1 ,523,AEON Bandaraya Melaka MEP-EN 2 - P2 (Postpaid),EN,1727823070,cl1ck1x123,,P2,,,adam,AEON Bandaraya Melaka,SHINING TELECOMMUNICATION SDN BHD,MEP,Southern,Melaka,Melaka,Mall,Shop,"S40, AEON BANDRAYA MELAKA SHOPPING CENTRE, NO.2, JALAN LAGENDA, TAMAN LAGENDA, 75400 MELAKA.",NICOLE,60127101100
518,12,55,1,2,2,1,MVD25-00055,Sharp,"65""",1080x1920,MMP25-00055,Assigned,,HP,i5-4,4,500,DP-HDMI,LAN,,Right -1 ,266,Setapak MEP-EN 1 - P1,EN,1016051841,cl1ck1x123,,P1,,,adam,Setapak,WEB CATERPILLAR SDN BHD,MEP,Central,KL,KL,High Street,Shop,"NO. 50, JALAN 2/23A, OFF JALAN GENTING KLANG, 53300 SETAPAK, WP-KUALA LUMPUR.",ANGEL LIN,60123409061
519,12,56,1,2,2,2,MVD25-00056,Sharp,"50""",1920x1080,MMP25-00056,Disposed,,HP,i5-6,8,250,DP-HDMI,LAN,Zerolution,Right - 2,265,Setapak MEP-EN 2 - P2,EN,1964570848,cl1ck1x123,,P2,,,adam,Setapak,WEB CATERPILLAR SDN BHD,MEP,Central,KL,KL,High Street,Shop,"NO. 50, JALAN 2/23A, OFF JALAN GENTING KLANG, 53300 SETAPAK, WP-KUALA LUMPUR.",ANGEL LIN,60123409061
520,,,,,,,MVD25-00056,Sharp,"50""",1920x1080,MMP25-00603,Assigned,,Lenovo,i5-9,8,1200,DP-HDMI,LAN,Zerolution,Right - 2,265,Setapak MEP-EN 2 - P2,EN,1366951705,cl1ck1x123,,P2,,,adam,Setapak,WEB CATERPILLAR SDN BHD,MEP,Central,KL,KL,High Street,Shop,"NO. 50, JALAN 2/23A, OFF JALAN GENTING KLANG, 53300 SETAPAK, WP-KUALA LUMPUR.",ANGEL LIN,60123409061
274,13,57,1,2,1,1,MVD25-00057,Sharp,"55""",1920x1080,MMP25-00057,Assigned,,HP,i5-3,4,250,VGA-HDMI,LAN,Postpaid,,238,Kepong Baru MEP-EN,EN,1212754503,cl1ck1x123,,P1,,,adam,Kepong Baru,COMPU-COMM HOLDINGS SDN BHD,MEP,Central,KL,KL,High Street,Shop,"NO. 9, JALAN AMBONG KIRI 2, KEPONG BARU, 52100 KEPONG, WP-KUALA LUMPUR.",LAO HOCK HWA,60126217579
6,14,58,1,2,3,1,MVD25-00058,Philips,"55""",1080x1920,MMP25-00058,Assigned,,HP,i5-4,4,500,DP-HDMI,LAN,,Left - 1,270,AEON Big Kepong MEP-EN 1 - P2 (1st Left),EN,1287190597,cl1ck1x123,,P1,,,adam,AEON Big Kepong,COMPU-COMM HOLDINGS SDN BHD,MEP,Central,KL,KL,Mall,Shop,"F2-21, AEON BIG KEPONG, JALAN METRO PERDANA TAMAN USAHAWAN, 52100 KEPONG, WP-KUALA LUMPUR.",LAO HOCK HWA,60126217579
7,14,59,1,2,3,2,MVD25-00059,Sharp,"65""",1080x1920,MMP25-00059,Assigned,,HP,i5-4,4,500,DP-HDMI,LAN,Hotlink,Left - 2,269,AEON Big Kepong MEP-EN 2 - Hotlink,EN,636740067,cl1ck1x123,,P3,,,adam,AEON Big Kepong,COMPU-COMM HOLDINGS SDN BHD,MEP,Central,KL,KL,Mall,Shop,"F2-21, AEON BIG KEPONG, JALAN METRO PERDANA TAMAN USAHAWAN, 52100 KEPONG, WP-KUALA LUMPUR.",LAO HOCK HWA,60126217579
8,14,60,1,2,3,3,MVD25-00060,Philips,"65""",1080x1920,MMP25-00060,Assigned,,Intel NUC,i5-11,8,250,HDMI,LAN,Store Front,SF,271,AEON Big Kepong MEP-EN 3 - SF,EN,1124945449,cl1ck1x123,,P1,,,adam,AEON Big Kepong,COMPU-COMM HOLDINGS SDN BHD,MEP,Central,KL,KL,Mall,Shop,"F2-21, AEON BIG KEPONG, JALAN METRO PERDANA TAMAN USAHAWAN, 52100 KEPONG, WP-KUALA LUMPUR.",LAO HOCK HWA,60126217579
41,15,61,1,2,3,1,MVD25-00061,Sharp,"65""",1080x1920,MMP25-00061,Disposed,,Fujitsu,i5-1,4,120,HDMI,LAN,Store Front,SF,227,AEON Maluri MEP-EN 1 - SF,EN,1997980521,cl1ck1x123,,P1,,,adam,AEON Maluri,C TWO GADGET SDN BHD,MEP,Central,KL,KL,Mall,Shop,"G18 & 18A, GROUND LEVEL, AEON STYLE TAMAN MALURI, JALAN JEJAKA, TAMAN MALURI, 55100 CHERAS, WP-KUALA LUMPUR.",DENNIS GOH YONG ZHEN,60123313219
42,,,,,,,MVD25-00061,Sharp,"65""",1080x1920,MMP25-00605,Assigned,,Lenovo,i5-9,8,1200,DP-HDMI,LAN,Store Front,SF,227,AEON Maluri MEP-EN 1 - SF,EN,1124067925,cl1ck1x123,,P1,,,adam,AEON Maluri,C TWO GADGET SDN BHD,MEP,Central,KL,KL,Mall,Shop,"G18 & 18A, GROUND LEVEL, AEON STYLE TAMAN MALURI, JALAN JEJAKA, TAMAN MALURI, 55100 CHERAS, WP-KUALA LUMPUR.",DENNIS GOH YONG ZHEN,60123313219
43,15,62,1,2,3,2,MVD25-00062,Sharp,"75""",1080x1920,MMP25-00062,Disposed,,Fujitsu,i5-1,4,120,HDMI,LAN,Postpaid,,228,AEON Maluri MEP-EN 2 - Postpaid,EN,1352397023,cl1ck1x123,,P2,,,adam,AEON Maluri,C TWO GADGET SDN BHD,MEP,Central,KL,KL,Mall,Shop,"G18 & 18A, GROUND LEVEL, AEON STYLE TAMAN MALURI, JALAN JEJAKA, TAMAN MALURI, 55100 CHERAS, WP-KUALA LUMPUR.",DENNIS GOH YONG ZHEN,60123313219
44,,,,,,,MVD25-00062,Sharp,"75""",1080x1920,MMP25-00606,Assigned,,Lenovo,i5-9,8,1200,DP-HDMI,LAN,Postpaid,,228,AEON Maluri MEP-EN 2 - Postpaid,EN,1997695437,cl1ck1x123,home,P2,,,adam,AEON Maluri,C TWO GADGET SDN BHD,MEP,Central,KL,KL,Mall,Shop,"G18 & 18A, GROUND LEVEL, AEON STYLE TAMAN MALURI, JALAN JEJAKA, TAMAN MALURI, 55100 CHERAS, WP-KUALA LUMPUR.",DENNIS GOH YONG ZHEN,60123313219
381,226,591,3,27,5,5,MVD25-00591,Sony,"40""",1920x1080,MMP25-00591,To be Disposed,6,HP,i5-1,4,150,DP-HDMI,LAN,Hotlink,Back - 4,528,Melaka Mahkota Parade MC-EN 5 - P3 (Hotlink),EN,865469621,cl1ck1x123,,P3,,,adam,Melaka,MAXIS CENTRE MAHKOTA PARADE,MC,Southern,Melaka,Melaka,Mall,Shop,"Lot G77 & 78, Mahkota Parade,  No 1, Jalan Merdeka, 75000 Melaka",Vikneswaran A/L Panja Charum,60172000274
45,15,63,1,2,3,3,MVD25-00063,Sharp,"65""",1920x1080,MP2601-0014,Assigned,,NUC,Core 3 ,8,250,HDMI,WiFi ,Zerolution,,229,AEON Maluri MEP-EN 3 - Zerolution,EN,1927303322,cl1ck1x123,,Demo TV,,,adam,AEON Maluri,C TWO GADGET SDN BHD,MEP,Central,KL,KL,Mall,Shop,"G18 & 18A, GROUND LEVEL, AEON STYLE TAMAN MALURI, JALAN JEJAKA, TAMAN MALURI, 55100 CHERAS, WP-KUALA LUMPUR.",DENNIS GOH YONG ZHEN,60123313219
662,16,64,1,2,3,1,MVD25-00064,Samsung,"75""",1080x1920,MMP25-00064,Assigned,,HP,i5-4,4,1000,HDMI,Wifi,Store Front,SF,272,Wangsa Walk Mall MEP-BM 1 - SF,BM,1538287180,cl1ck1x123,,SF,,network,adam,Wangsa Walk Mall,YES'S COMM ENTERPRISE SDN BHD,MEP,Central,KL,KL,Mall,Shop,"LOT 1.11 LEVEL 1, WANGSA WALK MALL, WANGSA AVENUE JALAN WANGSA PERDANA 1, 53300 WANGSA MAJU, WP-KUALA LUMPUR.",IVAN,60122282266
663,16,65,1,2,3,2,MVD25-00065,Sharp,"50""",1080x1920,MMP25-00065,Assigned,,HP,i5-4,4,1000,HDMI,Wifi,Hotlink,,273,Wangsa Walk Mall MEP-BM 2 - Hotlink,BM,1723937107,cl1ck1x123,,P3,,"pc shutting down, network",adam,Wangsa Walk Mall,YES'S COMM ENTERPRISE SDN BHD,MEP,Central,KL,KL,Mall,Shop,"LOT 1.11 LEVEL 1, WANGSA WALK MALL, WANGSA AVENUE JALAN WANGSA PERDANA 1, 53300 WANGSA MAJU, WP-KUALA LUMPUR.",IVAN,60122282266
664,16,66,1,2,3,3,MVD25-00066,Sharp,"50""",1080x1920,MMP25-00066,Assigned,,HP,i5-4,4,1000,HDMI,Wifi,Fibre,p2,274,Wangsa Walk Mall MEP-BM 3 - P2,BM,1208828644,cl1ck1x123,,P2,,"pc shutting down, network",adam,Wangsa Walk Mall,YES'S COMM ENTERPRISE SDN BHD,MEP,Central,KL,KL,Mall,Shop,"LOT 1.11 LEVEL 1, WANGSA WALK MALL, WANGSA AVENUE JALAN WANGSA PERDANA 1, 53300 WANGSA MAJU, WP-KUALA LUMPUR.",IVAN,60122282266
380,226,590,3,27,5,4,MVD25-00590,LED,,1080x1920,MMP25-00590,To be Disposed,7,Fujitsu,i5-1,4,470,DP-HDMI,LAN,LED,Back - 3,527,Melaka Mahkota Parade MC-EN 4 - P2 (LED),EN,1161581084,cl1ck1x123,,P2,,,adam,Melaka,MAXIS CENTRE MAHKOTA PARADE,MC,Southern,Melaka,Melaka,Mall,Shop,"Lot G77 & 78, Mahkota Parade,  No 1, Jalan Merdeka, 75000 Melaka",Vikneswaran A/L Panja Charum,60172000274
379,226,589,3,27,5,3,MVD25-00589,Sharp,"50""",1080x1920,MMP25-00589,To be Disposed,8,HP,Pentium G2,4,500,DP-HDMI,LAN,MIRA,Back - 2,525,Melaka Mahkota Parade MC-EN 3 - MIRA,EN,149613425,cl1ck1x123,,MIRA,,,adam,Melaka,MAXIS CENTRE MAHKOTA PARADE,MC,Southern,Melaka,Melaka,Mall,Shop,"Lot G77 & 78, Mahkota Parade,  No 1, Jalan Merdeka, 75000 Melaka",Vikneswaran A/L Panja Charum,60172000274
516,,,,,,,MVD25-00068,Sharp,"50""",1920x1080,MMP24-00603,Assigned,,Lenovo,i5-9,8,1200,DP-HDMI,Lan ,postpaid,postpaid,267,Setapak Central Mep-EN 2 - P2,EN,1366951705,cl1ck1x123,,P2,,,adam,Setapak Central,YES'S COMM ENTERPRISE SDN BHD,MEP,Central,KL,KL,Mall,Shop,"LOT G-33A & B , GROUND FLOOR , SETAPAK CENTRAL MALL, 67 JALAN TAMAN IBU KOTA, 53300 SETAPAK, WP-KUALA LUMPUR.",IVAN,60122282266
269,76,241,1,9,2,1,MVD25-00241,LG,"88""",1768x1024,MMP25-00242,To be Disposed,9,Lenovo,i5-9,8,1200,DP-HDMI-VGA,Wifi,Store Front,SF,348,KB Mall MC-BM 1 - SF,BM,1489735537,cl1ck1x123,,P1,,,,KB Mall,MAXIS CENTRE KB MALL,MC,East Coast,Kelantan,KB,Mall,Shop,"Lot G-32, Ground Floor, KB Mall, No. 1, Jalan Hamzah, 15050 Kota Bharu, Kelantan. ",Tg Zuraifah Binti Tuan Yaacob,60179000311
141,18,69,1,2,1,1,MVD25-00069,Sharp,"40""",1920x1080,MMP25-00069,Assigned,,Dell,i3-6,8,700,HDMI,LAN,Postpaid,,245,BV 2 MEP-EN,EN,1932837672,cl1ck1x123,,P1,,blueish screen,adam,Bangsar Village 2,THE HELLO STATION (M) SDN BHD,MEP,Central,KL,KL,Mall,Shop,"LOT 2F-21B, 2ND FLOOR, NO 2, JALAN TELAWI 1, BANGSAR BARU, 59100 BANGSAR, WP-KUALA LUMPUR.",Pateh,60129444229
340,19,70,1,2,2,1,MVD25-00070,Sharp,"75""",1080x1920,MMP25-00070,Assigned,,Fujitsu,i5-1,4,120,HDMI,Wifi,,SF,222,Lotus Ampang MEP-EN 1 - SF,EN,1366577114,cl1ck1x123,,P1,,,adam,Lotus's Ampang,MOBLINK (M) SDN BHD,MEP,Central,KL,KL,Mall,Shop,"LOT 21 GROUND FLOOR, LOTUS'S AMPANG, PT 8880, JALAN PANDAN PRIMA, DATARAN PANDAN PRIMA, 55100 AMPANG, WP-KUALA LUMPUR.",KIM,60139666766
341,19,71,1,2,2,2,MVD25-00071,Sharp,"65""",1920x1080,MMP25-00071,To be Disposed,10,Dell,i5-6,8,250,HDMI,LAN,Postpaid,,221,Lotus Ampang MEP-EN 2 - Postpaid P2,EN,1166752217,cl1ck1x123,,P2,,,adam,Lotus's Ampang,MOBLINK (M) SDN BHD,MEP,Central,KL,KL,Mall,Shop,"LOT 21 GROUND FLOOR, LOTUS'S AMPANG, PT 8880, JALAN PANDAN PRIMA, DATARAN PANDAN PRIMA, 55100 AMPANG, WP-KUALA LUMPUR.",KIM,60139666766
341,19,71,1,2,2,2,MVD25-00071,Sharp,"65""",1920x1080,MP2509-0129,Assigned,,NUC,Core 3 ,8,250,HDMI,LAN,Postpaid,,221,Lotus Ampang MEP-EN 2 - Postpaid P2,EN,1375482018,cl1ck1x123,,P2,,,adam,Lotus's Ampang,MOBLINK (M) SDN BHD,MEP,Central,KL,KL,Mall,Shop,"LOT 21 GROUND FLOOR, LOTUS'S AMPANG, PT 8880, JALAN PANDAN PRIMA, DATARAN PANDAN PRIMA, 55100 AMPANG, WP-KUALA LUMPUR.",KIM,60139666766
355,20,72,1,2,3,1,MVD25-00072,Sharp,"50""",1080x1920,MMP25-00072,Assigned,,Dell,i5-6,8,250,VGA-HDMI,LAN,Postpaid,,276,Lotus Kepong Village Mall MEP-EN 1 - Postpaid,EN,1620665140,cl1ck1x123,,P2,,,adam,Lotus's Kepong Village Mall,EVERCALL SDN BHD,MEP,Central,KL,KL,Mall,Shop,"SB30, SUB BASEMENT LOTUS'S STORES, NO 3 JALAN 7A/62A BANDAR MENJALARA, 52200 KEPONG, WP-KUALA LUMPUR.",NABIL,60122396497
356,20,73,1,2,3,2,MVD25-00073,Sharp,"65""",1080x1920,MMP25-00073,Assigned,,HP,i5-4,4,1000,DP-HDMI,LAN,Hotlink,,275,Lotus Kepong Village Mall MEP-EN 2 - Hotlink,EN,1363167504,cl1ck1x123,,P3,,,adam,Lotus's Kepong Village Mall,EVERCALL SDN BHD,MEP,Central,KL,KL,Mall,Shop,"SB30, SUB BASEMENT LOTUS'S STORES, NO 3 JALAN 7A/62A BANDAR MENJALARA, 52200 KEPONG, WP-KUALA LUMPUR.",NABIL,60122396497
357,20,74,1,2,3,3,MVD25-00074,Sharp,"65""",1080x1920,MMP25-00074,Assigned,,GIgabyte,Pentium G2,4,500,HDMI,LAN,Store Front,SF,277,Lotus Kepong Village Mall MEP-EN 3 - SF,EN,1070541047,cl1ck1x123,,P1,,,adam,Lotus's Kepong Village Mall,EVERCALL SDN BHD,MEP,Central,KL,KL,Mall,Shop,"SB30, SUB BASEMENT LOTUS'S STORES, NO 3 JALAN 7A/62A BANDAR MENJALARA, 52200 KEPONG, WP-KUALA LUMPUR.",NABIL,60122396497
488,122,343,3,14,1,1,MVD25-00343,Sharp,"40""",1920x1080,MMP25-00343,To be Disposed,11,HP,i3-6,8,250,DP-HDMI,LAN,Postpaid,Single,475,"Raja Uda, Butterworth MEP-BM",BM,1575067623,cl1ck1x123,,P1,,,adam,"Raja Uda, Butterworth",RAYSON COMMUNICATION & TRADING,MEP,Northern,Penang,Island,High Street,Shop,"NO. 6965, JALAN ONG YI HOW, OFF JALAN RAJA UDA, 12300 BUTTERWORTH, PULAU PINANG.",RACHEL,60124715305
109,21,76,1,2,6,2,MVD25-00076,Sharp,"50""",1920x1080,MMP25-00076,Disposed,,Dell,i5-6,8,250,DP-HDMI,LAN,,,103,Ampang Point MC-BM 3 - Biz A P2,BM,1666007532,cl1ck1x123,,P2,,,adam,Ampang Point,MAXIS CENTRE AMPANG POINT,MC,Central,Selangor,Ampang,High Street,Shop,"90, Lorong Mamanda 1, Ampang Point, Taman Dato Ahmad Razali 68000 Ampang Selangor.",Shafizul Hakim Bin Jamil,60122488965
110,,,,,,,MVD25-00076,Sharp,"50""",1920x1080,MP2505-0035,Unassigned,In the office,Intel NUC,i3-13,8,250,HDMI,LAN,tbc,tbc,103,Ampang Point MC-BM 3 - Biz A P2,BM,1507547815,cl1ck1x123,,P2,,,adam,Ampang Point,MAXIS CENTRE AMPANG POINT,MC,Central,Selangor,Ampang,High Street,Shop,"90, Lorong Mamanda 1, Ampang Point, Taman Dato Ahmad Razali 68000 Ampang Selangor.",Shafizul Hakim Bin Jamil,60122488965
286,47,146,4,6,5,1,MVD25-00146,Sharp,"50""",1080x1920,MMP25-00146,To be Disposed,12,HP,i5-4,4,928,HDMI,LAN,MIRA,Right -1 ,114,KLIA2 MC-EN 1 - MIRA,EN,1869666246,cl1ck1x123,,MIRA,,,,KLIA2,MAXIS CENTRE KLIA,MC,Central,Selangor,Sepang,Mall,Shop,"Lot No. S2-2-1C03B, Arrival Hall, Public Concourse KLIA2, 64000 Sepang Selangor",Noraini Binti Azmi,60123023031
113,,,,,,,MVD25-00077,Sharp,"50""",1920x1080,MP2505-0036,Assigned,,Intel NUC,i3-13,8,250,HDMI,LAN-Wifi,tbc,tbc,108,Keningau Mall MEP-EN,BM,1259003048,cl1ck1x123,,P2,,,adam,Ampang Point,MAXIS CENTRE AMPANG POINT,MC,Central,Selangor,Ampang,High Street,Shop,"90, Lorong Mamanda 1, Ampang Point, Taman Dato Ahmad Razali 68000 Ampang Selangor.",Shafizul Hakim Bin Jamil,60122488965
107,21,78,1,2,6,4,MVD25-00078,Sharp,"55""",1920x1080,MMP25-00078,Disposed,,Dell,i3-6,8,250,DP-HDMI,LAN,,,106,Ampang Point MC-BM 2 - Hotlink,BM,1874374936,cl1ck1x123,,P3,,,adam,Ampang Point,MAXIS CENTRE AMPANG POINT,MC,Central,Selangor,Ampang,High Street,Shop,"90, Lorong Mamanda 1, Ampang Point, Taman Dato Ahmad Razali 68000 Ampang Selangor.",Shafizul Hakim Bin Jamil,60122488965
106,21,80,1,2,6,6,MVD25-00080,Sharp,"50""",1920x1080,MMP25-00080,To be Disposed,13,,i5-3,4,250,DP-HDMI,LAN,,,104,Ampang Point MC-BM 1 - Accessories P1,BM,1439014084,cl1ck1x123,,P1,,,adam,Ampang Point,MAXIS CENTRE AMPANG POINT,MC,Central,Selangor,Ampang,High Street,Shop,"90, Lorong Mamanda 1, Ampang Point, Taman Dato Ahmad Razali 68000 Ampang Selangor.",Shafizul Hakim Bin Jamil,60122488965
48,29,104,3,4,3,3,MVD25-00104,Philips,"40""",1920x1080,MMP25-00104,To be Disposed,14,Dell,i3-6,8,250,DP-HDMI,LAN,Accessories,Right -1 ,583,AEON Nilai MEP-BM 3 - P2 (Accessories),BM,1834191937,cl1ck1x123,,P2,,,adam,AEON Nilai,BERVIN MANAGEMENT SDN BHD,MEP,Central,N. Sembilan,Nilai,Mall,Shop,"LOT F26 FIRST FLLOR, AEON MALL NILAI, PUTRA NILAI, 71800 NILAI, NEGERI SEMBILAN.",MICHELLE GOH,60123922259
467,130,367,3,14,4,3,MVD25-00367,Samsung,"65""",1920x1080,MMP25-00367,To be Disposed,15,Dell,i3-6,8,700,HDMI,LAN,Zerolution,Right,306,Prai MC-EN 3 - Demo TV,EN,354659913,cl1ck1x123,,Demo TV,,,adam,Prai,MAXIS CENTRE SEBERANG JAYA - PENANG,MC,Northern,Penang,Prai,High Street,Shop,"52, Jln Todak 4, Pusat Bandar Seberang Jaya, 13700 Prai, Penang",Tioh Peng Cheun,60124000048
374,22,81,1,2,1,1,MVD25-00081,Sharp,"50""",1920x1080,MMP25-00081,Assigned,,Dell,i3-6,8,250,DP-HDMI,LAN,Postpaid,Single,236,Mahkota Cheras MEP-EN,EN,1019081594,cl1ck1x123,,P1,,,adam,Mahkota Cheras,AUDIOLINK COMMUNICATIONS SDN BHD,MEP,Central,Selangor,Cheras,High Street,Shop,"50, JALAN TEMENGGUNG 7/9, BANDAR MAHKOTA CHERAS, BT. 9, 43200 CHERAS, SELANGOR.",BELLE,60163966165
24,23,82,1,2,3,1,MVD25-00082,Philips,"75""",1080x1920,MMP25-00082,Disposed,,Dell,i5-8,tbc,250,DP-HDMI,Wifi,Postpaid,Right -1 ,213,AEON Cheras Selatan MEP-BM 1 - P1,BM,1859037432,cl1ck1x123,,P1,,,adam,AEON Cheras Selatan,GENTEL COMMUNICATION SDN BHD,MEP,Central,Selangor,Cheras,Mall,Shop,"F49, 1ST FLOOR, AEON CHERAS SELATAN SHOPPING CENTRE, LEBUH TUN HUSSIEN ONN, 43200 CHERAS, SELANGOR.",KEN,60165532303
25,23,83,1,2,3,2,MVD25-00083,Philips,"50""",1920x1080,MMP25-00083,Disposed,,Dell,i5-6,8,250,DP-HDMI,Wifi,Demo TV,Right - 2,214,AEON Cheras Selatan MEP-BM 2 - Demo TV,BM,1779327127,cl1ck1x123,,Demo TV,,,adam,AEON Cheras Selatan,GENTEL COMMUNICATION SDN BHD,MEP,Central,Selangor,Cheras,Mall,Shop,"F49, 1ST FLOOR, AEON CHERAS SELATAN SHOPPING CENTRE, LEBUH TUN HUSSIEN ONN, 43200 CHERAS, SELANGOR.",KEN,60165532303
26,23,84,1,2,3,3,MVD25-00084,Philips,"50""",1080x1920,MMP25-00084,Disposed,,Dell,i5-6,8,250,DP-HDMI,Wifi,Hotlink,Left - 1,215,AEON Cheras Selatan MEP-BM 3 - Hotlink,BM,1351495330,cl1ck1x123,,P3,,tv screen,adam,AEON Cheras Selatan,GENTEL COMMUNICATION SDN BHD,MEP,Central,Selangor,Cheras,Mall,Shop,"F49, 1ST FLOOR, AEON CHERAS SELATAN SHOPPING CENTRE, LEBUH TUN HUSSIEN ONN, 43200 CHERAS, SELANGOR.",KEN,60165532303
400,24,85,2,3,3,1,MVD25-00085,not listed in PO,n/a,n/a,MMP25-00085,,,,,,,,tbc,tbc,tbc,n/a,n/a,,,,,not included in PO,,,,Giant Batu Caves,MOBLINK (M) SDN BHD,MEP,Central,Selangor,Batu Caves,Mall,Shop,"B08, GIANT BATU CAVES, LOT 10243, JALAN BATU CAVES, 68100 BATU CAVES, SELANGOR.",KIM,60139666766
401,24,86,2,3,3,2,MVD25-00086,not listed in PO,n/a,n/a,MMP25-00086,,,,,,,,tbc,tbc,tbc,n/a,n/a,,,,,not included in PO,,,,Giant Batu Caves,MOBLINK (M) SDN BHD,MEP,Central,Selangor,Batu Caves,Mall,Shop,"B08, GIANT BATU CAVES, LOT 10243, JALAN BATU CAVES, 68100 BATU CAVES, SELANGOR.",KIM,60139666766
402,24,87,2,3,3,3,MVD25-00087,not listed in PO,n/a,n/a,MMP25-00087,,,,,,,,tbc,tbc,tbc,n/a,n/a,,,,,not included in PO,,,,Giant Batu Caves,MOBLINK (M) SDN BHD,MEP,Central,Selangor,Batu Caves,Mall,Shop,"B08, GIANT BATU CAVES, LOT 10243, JALAN BATU CAVES, 68100 BATU CAVES, SELANGOR.",KIM,60139666766
502,25,88,2,3,4,1,MVD25-00088,Sharp,40',1920x1080,MMP25-00088,Disposed,,HP,i5-4,4,470,DP-HDMI,LAN,,Left - 1,259,Selayang Mall MEP-BM 1 - Hotlink,BM,1561049503,cl1ck1x123,,P3,,,irfan,Selayang Mall,ONE TO ONE COMMUNICATIONS SDN BHD,MEP,Central,Selangor,Batu Caves,Mall,Shop,"LOT G01, SELAYANG MALL, JALAN SU 9, TAMAN SELAYANG UTAMA, 68100 BATU CAVES, SELANGOR.",SAM,60123200032
502,25,88,2,3,4,1,MVD25-00088,Sharp,40',1920x1080,MP2512-0147,Assigned,,Intel,NUC,Intel core 3 100U,8,250,LAN,,Left - 1,259,Selayang Mall MEP-BM 1 - Hotlink,BM,1180969451,cl1ck1x123,1841431943,P3,,,Aiman,Selayang Mall,ONE TO ONE COMMUNICATIONS SDN BHD,MEP,Central,Selangor,Batu Caves,Mall,Shop,"LOT G01, SELAYANG MALL, JALAN SU 9, TAMAN SELAYANG UTAMA, 68100 BATU CAVES, SELANGOR.",SAM,60123200032
503,25,89,2,3,4,2,MVD25-00089,Samsung,"65""",1920x1080,MMP25-00089,Assigned,,HP,i5-4,4,470,DP-HDMI,LAN,Home Zerolution,Left - 2,258,Selayang Mall MEP-BM 2 - Demo TV,BM,1753577219,cl1ck1x123,,Demo TV,,,irfan,Selayang Mall,ONE TO ONE COMMUNICATIONS SDN BHD,MEP,Central,Selangor,Batu Caves,Mall,Shop,"LOT G01, SELAYANG MALL, JALAN SU 9, TAMAN SELAYANG UTAMA, 68100 BATU CAVES, SELANGOR.",SAM,60123200032
504,25,90,2,3,4,3,MVD25-00090,Philips,"50""",1080x1920,MMP25-00090,Assigned,,HP,i5-4,4,470,DP-HDMI,LAN,,Right,260,Selayang Mall MEP-BM 3 - P2,BM,1749115789,cl1ck1x123,,P2,,,irfan,Selayang Mall,ONE TO ONE COMMUNICATIONS SDN BHD,MEP,Central,Selangor,Batu Caves,Mall,Shop,"LOT G01, SELAYANG MALL, JALAN SU 9, TAMAN SELAYANG UTAMA, 68100 BATU CAVES, SELANGOR.",SAM,60123200032
505,25,91,2,3,4,4,MVD25-00091,Philips,"50""",1920x1080,MMP25-00091,Disposed,,Wistron,i5-0650,4,470,DP-HDMI,LAN,Store Front,SF,257,Selayang Mall MEP-BM 4 - SF,BM,1285520190,cl1ck1x123,,P1,,tv screen,irfan,Selayang Mall,ONE TO ONE COMMUNICATIONS SDN BHD,MEP,Central,Selangor,Batu Caves,Mall,Shop,"LOT G01, SELAYANG MALL, JALAN SU 9, TAMAN SELAYANG UTAMA, 68100 BATU CAVES, SELANGOR.",SAM,60123200032
49,26,92,2,3,4,1,MVD25-00092,Sharp,"40""",1024x768,MMP25-00092,Disposed,,Dell,i3-6,8,240,VGA-HDMI,Wifi,Hotlink,,253,AEON Rawang MEP-EN 1 - Hotlink,EN,1571275591,cl1ck1x123,,P3,,"network not stable, pc swap but still problem",irfan,AEON Rawang,YS TELE SDN BHD,MEP,Central,Selangor,Rawang,Mall,Shop,"LOT F-39, AEON RAWANG SHOPPING CENTER, NO 1, PERSIARAN ANGGUN, TAMAN ANGGUN, KOTA EMERALD RAWANG, 48000 RAWANG, SELANGOR.",AH YEE ,60107939999
50,,,,,,,MVD25-00092,Sharp,"40""",1024x768,MMP25-00599,Assigned,,Lenovo,i5-9,8,1200,DP-HDMI,Wifi,Hotlink,tbc,253,AEON Rawang MEP-EN 1 - Hotlink,EN,1989110260,cl1ck1x123,,P3,,,irfan,AEON Rawang,YS TELE SDN BHD,MEP,Central,Selangor,Rawang,Mall,Shop,"LOT F-39, AEON RAWANG SHOPPING CENTER, NO 1, PERSIARAN ANGGUN, TAMAN ANGGUN, KOTA EMERALD RAWANG, 48000 RAWANG, SELANGOR.",AH YEE ,60107939999
51,26,93,2,3,4,2,MVD25-00093,Sharp,"50""",1080x1920,MMP25-00093,Disposed,,GIgabyte,i3-3,4,470,DP-HDMI,Wifi,,Left - 1,256,AEON Rawang MEP-EN 2 - P1 (1st Left),EN,1525339229,cl1ck1x123,,P1,,,irfan,AEON Rawang,YS TELE SDN BHD,MEP,Central,Selangor,Rawang,Mall,Shop,"LOT F-39, AEON RAWANG SHOPPING CENTER, NO 1, PERSIARAN ANGGUN, TAMAN ANGGUN, KOTA EMERALD RAWANG, 48000 RAWANG, SELANGOR.",AH YEE ,60107939999
51,26,93,2,3,4,2,MVD25-00093,Sharp,"50""",1080x1920,MMP25-00093,Assigned,,NUC,Core 3,8,250,HDMI,Wifi,,Left - 1,256,AEON Rawang MEP-EN 2 - P1 (1st Left),EN,1525339229,cl1ck1x123,,P1,,,irfan,AEON Rawang,YS TELE SDN BHD,MEP,Central,Selangor,Rawang,Mall,Shop,"LOT F-39, AEON RAWANG SHOPPING CENTER, NO 1, PERSIARAN ANGGUN, TAMAN ANGGUN, KOTA EMERALD RAWANG, 48000 RAWANG, SELANGOR.",AH YEE ,60107939999
52,26,94,2,3,4,3,MVD25-00094,Sharp,"50""",1080x1920,MMP25-00094,Disposed,,HP,i5-4,4,940,DP-HDMI,Wifi,,Left - 2,255,AEON Rawang MEP-EN 3 - P2 (2nd Left),EN,1203927901,cl1ck1x123,,P2,,,irfan,AEON Rawang,YS TELE SDN BHD,MEP,Central,Selangor,Rawang,Mall,Shop,"LOT F-39, AEON RAWANG SHOPPING CENTER, NO 1, PERSIARAN ANGGUN, TAMAN ANGGUN, KOTA EMERALD RAWANG, 48000 RAWANG, SELANGOR.",AH YEE ,60107939999
53,26,94,2,3,4,3,MVD25-00094,Sharp,"50""",1080x1920,MP2507-0064,Assigned,,NUC,Core 3,8,250,HDMI,Wifi,,Left - 2,255,AEON Rawang MEP-EN 3 - P2 (2nd Left),EN,1545761206,cl1ck1x123,,P2,,,irfan,AEON Rawang,YS TELE SDN BHD,MEP,Central,Selangor,Rawang,Mall,Shop,"LOT F-39, AEON RAWANG SHOPPING CENTER, NO 1, PERSIARAN ANGGUN, TAMAN ANGGUN, KOTA EMERALD RAWANG, 48000 RAWANG, SELANGOR.",AH YEE ,60107939999
54,26,95,2,3,4,4,MVD25-00095,Philips,"50""",1080x1920,MMP25-00095,Disposed,,HP,i5-4,4,940,DP-HDMI,Wifi,Store Front,SF,375,AEON Rawang MEP-EN 4 - SF,EN,1255149351,cl1ck1x123,,P1,,network not connected,irfan,AEON Rawang,YS TELE SDN BHD,MEP,Central,Selangor,Rawang,Mall,Shop,"LOT F-39, AEON RAWANG SHOPPING CENTER, NO 1, PERSIARAN ANGGUN, TAMAN ANGGUN, KOTA EMERALD RAWANG, 48000 RAWANG, SELANGOR.",AH YEE ,60107939999
55,,,,,,,MVD25-00095,Philips,"50""",1080x1920,MMP25-00600,Assigned,,Lenovo,i5-9,8,1200,DP-HDMI,Wifi,Store Front,SF,375,AEON Rawang MEP-EN 4 - SF,EN,454824863,cl1ck1x123,,P1,,,irfan,AEON Rawang,YS TELE SDN BHD,MEP,Central,Selangor,Rawang,Mall,Shop,"LOT F-39, AEON RAWANG SHOPPING CENTER, NO 1, PERSIARAN ANGGUN, TAMAN ANGGUN, KOTA EMERALD RAWANG, 48000 RAWANG, SELANGOR.",AH YEE ,60107939999
506,27,96,2,3,2,1,MVD25-00096,LG,"75""",1080x1920,MMP25-00096,Assigned,,Dell,i3-6,8,720,HDMI,Wifi,Store Front,sf,95,Selayang MC-BM 1 - SF,BM,1000303817,cl1ck1x123,,P1,,,irfan,Selayang,MAXIS CENTRE SELAYANG,MC,Central,Selangor,Selayang,Mall,Shop,"Maxis Centre 168 Park Selayang, Lot No. LG 13-A, 168 Park Selayang, Jalan Kuching, 68100 Selayang, Selangor",Hasmadi Ismail,60122040401
506,27,97,2,3,2,2,MVD25-00097,Samsung,"50""",1920x1080,MMP25-00097,Assigned,,HP,i5-4,4,470,DP-HDMI,LAN,Demo TV,,96,Selayang MC-BM 2 - Demo TV,BM,1954516488,cl1ck1x123,,Demo TV,,,irfan,Selayang,MAXIS CENTRE SELAYANG,MC,Central,Selangor,Selayang,Mall,Shop,"Maxis Centre 168 Park Selayang, Lot No. LG 13-A, 168 Park Selayang, Jalan Kuching, 68100 Selayang, Selangor",Hasmadi Ismail,60122040401
622,28,98,2,3,4,1,MVD25-00098,Sharp,"65""",1080x1920,MMP25-00098,Assigned,,HP,i5-4,4,1000,DP-HDMI,Wifi,Store Front,SF,262,"The Store, Sg Buloh MEP-BM 3 - SF",BM,1474975266,cl1ck1x123,,SF,,,adam,"The Store, Sungai Buloh",EVERCALL SDN BHD,MEP,Central,Selangor,Sg Buloh,Mall,Shop,"LOT G18E GROUND FLOOR, SB MALL, NO 2 SEK U20, 47000 SG BULOH, SELANGOR.",NABIL,60122396497
621,28,99,2,3,4,2,MVD25-00099,Sharp,"65""",1080x1920,MMP25-00099,Assigned,,HP,i3-6,8,250,DP-HDMI,LAN,Accessories,Left - 1,264,"The Store, Sg Buloh MEP-BM 2 - P1",BM,1127916509,cl1ck1x123,,P1,,,adam,"The Store, Sungai Buloh",EVERCALL SDN BHD,MEP,Central,Selangor,Sg Buloh,Mall,Shop,"LOT G18E GROUND FLOOR, SB MALL, NO 2 SEK U20, 47000 SG BULOH, SELANGOR.",NABIL,60122396497
620,28,100,2,3,4,3,MVD25-00100,Sharp,"65""",1080x1920,MMP25-00100,Assigned,,HP,i5-4,4,1000,DP-HDMI,LAN,Fibre,Left - 2,261,"The Store, Sg Buloh MEP-BM 1 - Hotlink",BM,1199492440,cl1ck1x123,,P3,,,adam,"The Store, Sungai Buloh",EVERCALL SDN BHD,MEP,Central,Selangor,Sg Buloh,Mall,Shop,"LOT G18E GROUND FLOOR, SB MALL, NO 2 SEK U20, 47000 SG BULOH, SELANGOR.",NABIL,60122396497
623,28,101,2,3,4,4,MVD25-00101,LG,"40""",1920x1080,MMP25-00101,Assigned,,HP,i5-4,4,470,DP-HDMI,Wifi,postpaid,Back,263,"The Store, Sg Buloh MEP-BM 4 - P2",BM,1985015954,cl1ck1x123,,P2,,,adam,"The Store, Sungai Buloh",EVERCALL SDN BHD,MEP,Central,Selangor,Sg Buloh,Mall,Shop,"LOT G18E GROUND FLOOR, SB MALL, NO 2 SEK U20, 47000 SG BULOH, SELANGOR.",NABIL,60122396497
46,29,102,3,4,3,1,MVD25-00102,Samsung,"65""",1080x1920,MMP25-00102,Assigned,,Dell,i3-6,8,250,DP-HDMI,LAN,Store Front,SF,582,AEON Nilai MEP-BM 1 - SF,BM,1382585236,cl1ck1x123,,P1,,,adam,AEON Nilai,BERVIN MANAGEMENT SDN BHD,MEP,Central,N. Sembilan,Nilai,Mall,Shop,"LOT F26 FIRST FLLOR, AEON MALL NILAI, PUTRA NILAI, 71800 NILAI, NEGERI SEMBILAN.",MICHELLE GOH,60123922259
47,29,103,3,4,3,2,MVD25-00103,Sharp,"55""",1080x1920,MMP25-00103,Assigned,,HP,i5-4,4,500,DP-HDMI,LAN,Fibre,Left - 1,581,AEON Nilai MEP-BM 2 - P3 (Fibre),BM,1340126128,cl1ck1x123,,P3,,,adam,AEON Nilai,BERVIN MANAGEMENT SDN BHD,MEP,Central,N. Sembilan,Nilai,Mall,Shop,"LOT F26 FIRST FLLOR, AEON MALL NILAI, PUTRA NILAI, 71800 NILAI, NEGERI SEMBILAN.",MICHELLE GOH,60123922259
560,132,373,3,14,5,4,MVD25-00373,LG,"65""",1920x1080,MMP25-00373,To be Disposed,16,Dell,i3-6,8,250,DP-HDMI,LAN,Fibre,Right - 2,159,Sunway Carnival MC-EN 3 - Demo TV,EN,1423287135,cl1ck1x123,,Demo TV,,,adam,Sunway Carnival,MAXIS CENTRE SUNWAY CARNIVAL,MC,Northern,Penang,Prai,Mall,Shop,"LG-46, Lower Ground Floor, Sunway Carnival Mall, 3068 Jalan Todak, Seberang Jaya, 13700 Prai, Pulau Pinang",Tioh Peng Cheun,60124000048
48,29,104,3,4,3,3,MVD25-00104,Philips,"40""",1920x1080,MP2602-0023,Assigned,,NUC,Core 3,8,250,HDMI,WiFi,Accessories,Right -1 ,583,AEON Nilai MEP-BM 3 - P2 (Accessories),BM,1060535953,cl1ck1x123,,P2,,,adam,AEON Nilai,BERVIN MANAGEMENT SDN BHD,MEP,Central,N. Sembilan,Nilai,Mall,Shop,"LOT F26 FIRST FLLOR, AEON MALL NILAI, PUTRA NILAI, 71800 NILAI, NEGERI SEMBILAN.",MICHELLE GOH,60123922259
464,30,105,3,4,1,1,MVD25-00105,Sharp,"40""",1920x1080,MMP25-00105,Assigned,,HP,i5-4,4,1000,DP-HDMI,LAN,Postpaid,Single,246,Port Dickson MEP-EN,EN,791436395,cl1ck1x123,,P1,,,,Port Dickson,PD TELE-ZONE,MEP,Central,N. Sembilan,Port Dickson,High Street,Shop,"NO. 37, JALAN RAJA AMAN SHAH, 71000 PORT DICKSON, NEGERI SEMBILAN.",JACOB ,60173388000
512,31,106,3,4,3,1,MVD25-00106,Sharp,"50""",1080x1920,MMP25-00106,Disposed,,HP,i5-4,4,500,DP-HDMI,LAN,Meeting Point,Left - 1,78,Seremban MC-BM 1 - MIRA,BM,1415670445,cl1ck1x123,,MIRA,,,adam,Seremban,MAXIS CENTRE SEREMBAN,MC,Central,N. Sembilan,Seremban,High Street,Shop,"No 136, Jalan Tun Dr.Ismail, Seremban City Square, 70200 Seremban, Negeri Sembilan",Haryati Binti Hamidon ,60122049625
512,31,106,3,4,3,1,MVD25-00106,Sharp,"50""",1080x1920,MP2603-0036,Assigned,,NUC,Core 3,8,250,HDMI,Wifi,Meeting Point,Left - 1,78,Seremban MC-BM 1 - MIRA,BM,1183774939,cl1ck1x123,,MIRA,,,adam,Seremban,MAXIS CENTRE SEREMBAN,MC,Central,N. Sembilan,Seremban,High Street,Shop,"No 136, Jalan Tun Dr.Ismail, Seremban City Square, 70200 Seremban, Negeri Sembilan",Haryati Binti Hamidon ,60122049625
640,3,14,1,3,10,5,MVD25-00014,Philips,"42""",1080x1920,MMP25-00014,To be Disposed,17,Dell - optiplex,tbc,tbc,tbc,tbc,tbc,Hotlink,,8,TRX MC-EN 4 - Hotlink,EN,1701128438,cl1ck1x123,,,,,adam,TRX,MAXIS CENTRE THE EXCHANGE TRX,MC,Central,KL,KL,Mall,0,"Lot C. 33.0, Concourse Level, The Exchange TRX, Persiaran TRX, Tun Razak Exchange, 55188 Kuala Lumpur",Madhura Marippan,60122000648
513,31,107,3,4,3,2,MVD25-00107,LG,"55""",1920x1080,MP2511-0145,Assigned,,NUC,Core 3,8,258,HDMI,Wifi,Fibre,Left - 2,80,Seremban MC-BM 2 - Demo TV,BM,1124404640,cl1ck1x123,,Demo TV,,,adam,Seremban,MAXIS CENTRE SEREMBAN,MC,Central,N. Sembilan,Seremban,High Street,Shop,"No 136, Jalan Tun Dr.Ismail, Seremban City Square, 70200 Seremban, Negeri Sembilan",Haryati Binti Hamidon ,60122049625
252,203,548,1,25,2,1,MVD25-00548,Philips,"50""",1080x1920,MMP25-00548,To be Disposed,18,Intel NUC,i5-11,8,250,HDMI,Wifi,Store Front,Left - 1,551,JB CIty Square MEP-EN 1 - SF,EN,666987581,cl1ck1x123,,P1,,,irfan,JB City Square,SHINING TELECOMMUNICATION SDN BHD,MEP,Southern,Johor,JB,Mall,Shop,"LOT J3-06, LEVEL 3, JB CITY SQUARE, 106-108, JALAN WONG AH FOOK, 80000 JOHOR BHARU, JOHOR.",NICOLE,60127101100
514,31,108,3,4,3,3,MVD25-00108,Sharp,"50""",1920x1080,MP2511-0146,Assigned,,NUC,Core 3,8,250,HDMI,Wifi,Hotlink,Back,79,Seremban MC-BM 3 - P3 (Hotlink),BM,1545153381,cl1ck1x123,,P3,,,adam,Seremban,MAXIS CENTRE SEREMBAN,MC,Central,N. Sembilan,Seremban,High Street,Shop,"No 136, Jalan Tun Dr.Ismail, Seremban City Square, 70200 Seremban, Negeri Sembilan",Haryati Binti Hamidon ,60122049625
507,32,109,3,4,0,0,MVD25-00109,Sharp,"50""",1080x1920,MMP25-00109,Assigned,,HP,i5-4,4,500,DP-HDMI,LAN,Meeting Point,Left - 1,577,Senawang Commercial Center MEP-BM 1 - P1 (Meeting Point),BM,1643042610,cl1ck1x123,,P1,,,adam,Senawang Commercial Centre,UNI PACIFIC,MEP,Central,N. Sembilan,Seremban,High Street,Shop,"46G, JALAN TKS 7, SENAWANG COMMERCIAL PARK, 70450 SEREMBAN, NEGERI SEMBILAN.",WONG,60136282020
508,,,,,,,MVD25-00599,Sharp,"50""",1080x1920,MMP25-00109-1,Assigned,,HP,i5-4,4,500,DP-HDMI,LAN,Fibre,Left - 2,578,Senawang Commercial Center MEP-BM 2 - P2 (Fibre),BM,889679324,cl1ck1x123,,P2,,,adam,Senawang Commercial Centre,UNI PACIFIC,MEP,Central,N. Sembilan,Seremban,High Street,Shop,"46G, JALAN TKS 7, SENAWANG COMMERCIAL PARK, 70450 SEREMBAN, NEGERI SEMBILAN.",WONG,60136282020
403,34,111,3,4,1,1,MVD25-00111,not listed in PO,n/a,n/a,MMP25-00111,,,,,,,,tbc,tbc,tbc,n/a,n/a,,,,,not included in PO,,,,"Jalan Dato Bandar Tunggal, Seremban",NANG HONG COMM SDN BHD,MEP,Central,N. Sembilan,Seremban,High Street,Shop,"NO. 129, JALAN DATO BANDAR TUNGGAL, 70000 SEREMBAN, NEGERI SEMBILAN.",Leong,60166686999
56,35,112,3,4,5,1,MVD25-00112,Philips,"55""",1080x1920,MMP25-00112,Assigned,,Intel NUC,i5-11,8,250,HDMI,Wifi,Store Front,SF - Standee,85,AEON Seremban 2 MC-EN 1 - SF,EN,1016350164,cl1ck1x123,,P1,,,adam,AEON Seremban 2,MAXIS CENTRE AEON SEREMBAN 2,MC,Central,N. Sembilan,Seremban,Mall,Shop,"Lot F10, 1st Floor, AEON Seremban 2 Shopping Mall, 112, Persiaran S2 B1, Seremban 2, Seremban , 70300 Negeri Sembilan",Julian,60173900355
244,33,110,3,4,0,0,MVD25-00110,Sharp,"50""",1080x1920,MMP25-00110,Assigned,,HP,i5-4,4,500,DP-HDMI,LAN,Fibre,Left - 1,579,"Jalan Kong Sang, Seremban MEP-EN",EN,1772948460,cl1ck1x123,,P1,,,adam,"Jalan Kong Sang, Seremban",UNI PACIFIC,MEP,Central,N. Sembilan,Seremban,High Street,Shop,"NO. 15, JALAN KONG SANG, 70000 SEREMBAN, NEGERI SEMBILAN.",WONG,60136282020
57,35,113,3,4,5,2,MVD25-00113,LG,"55""",1920x1080,MMP25-00113,Assigned,,HP,i5-4,4,500,DP-HDMI,LAN,Fibre,Right -1 ,81,AEON Seremban 2 MC-EN 2 - P2 (Fibre),EN,1802019614,cl1ck1x123,,P2,,,adam,AEON Seremban 2,MAXIS CENTRE AEON SEREMBAN 2,MC,Central,N. Sembilan,Seremban,Mall,Shop,"Lot F10, 1st Floor, AEON Seremban 2 Shopping Mall, 112, Persiaran S2 B1, Seremban 2, Seremban , 70300 Negeri Sembilan",Julian,60173900355
58,35,114,3,4,5,3,MVD25-00114,Sharp,"50""",1080x1920,MMP25-00114,Assigned,,HP,i5-4,tbc,500,DP-HDMI,LAN,MIRA,Left - 1,83,AEON Seremban 2 MC-EN 3 - MIRA,EN,1638955135,cl1ck1x123,,Mira,,,adam,AEON Seremban 2,MAXIS CENTRE AEON SEREMBAN 2,MC,Central,N. Sembilan,Seremban,Mall,Shop,"Lot F10, 1st Floor, AEON Seremban 2 Shopping Mall, 112, Persiaran S2 B1, Seremban 2, Seremban , 70300 Negeri Sembilan",Julian,60173900355
59,35,115,3,4,5,4,MVD25-00115,Sharp,"50""",1920x1080,MMP25-00115,Assigned,,HP,i5-4,4,500,DP-HDMI,LAN,Business,Left - 2,84,AEON Seremban 2 MC-EN 4 - P3 (Business),EN,479279842,cl1ck1x123,,P3,,,adam,AEON Seremban 2,MAXIS CENTRE AEON SEREMBAN 2,MC,Central,N. Sembilan,Seremban,Mall,Shop,"Lot F10, 1st Floor, AEON Seremban 2 Shopping Mall, 112, Persiaran S2 B1, Seremban 2, Seremban , 70300 Negeri Sembilan",Julian,60173900355
60,35,116,3,4,5,5,MVD25-00116,LED,tbc,1280x720,MMP25-00116,Assigned,,HP,i5-4,4,500,DP-HDMI,LAN,LED,Back ,82,AEON Seremban 2 MC-EN 5 - P2 (LED),EN,1703430335,cl1ck1x123,,P2,,,adam,AEON Seremban 2,MAXIS CENTRE AEON SEREMBAN 2,MC,Central,N. Sembilan,Seremban,Mall,Shop,"Lot F10, 1st Floor, AEON Seremban 2 Shopping Mall, 112, Persiaran S2 B1, Seremban 2, Seremban , 70300 Negeri Sembilan",Julian,60173900355
82,36,117,4,5,5,1,MVD25-00117,LED,tbc,1280x720,MMP25-00117,Assigned,,HP,i5-4,4,500,DP-HDMI,LAN,LED,,62,Alamanda MC-BM 1 - P1 (LED),BM,1165906080,cl1ck1x123,,P1,,,adam,Alamanda,MAXIS CENTRE ALAMANDA,MC,Central,Putrajaya,Putrajaya,Mall,Shop,"Lot G80/81, Ground Floor Alamanda Putrajaya Shopping Centre, Jalan Alamanda Presint 1, 62000 Putrajaya",Kishokumar A/L Amirthalingam ,60172000907
84,36,119,4,5,5,3,MVD25-00119,LG,"50""",1920x1080,MMP25-00119,Assigned,,Dell,i3-6,8,250,DP-HDMI,LAN,Demo TV,,60,Alamanda MC-BM 3 - Demo TV,BM,1363773093,cl1ck1x123,,Demo TV,,,adam,Alamanda,MAXIS CENTRE ALAMANDA,MC,Central,Putrajaya,Putrajaya,Mall,Shop,"Lot G80/81, Ground Floor Alamanda Putrajaya Shopping Centre, Jalan Alamanda Presint 1, 62000 Putrajaya",Kishokumar A/L Amirthalingam ,60172000907
83,36,118,4,5,5,2,MVD25-00118,Philips,"50""",1080x1920,MMP25-00118,Assigned,,HP,i5-2,4,250,DP-HDMI,LAN,MIRA,,63,Alamanda MC-BM 2 - MIRA,BM,1509949208,cl1ck1x123,,MIRA,,,adam,Alamanda,MAXIS CENTRE ALAMANDA,MC,Central,Putrajaya,Putrajaya,Mall,Shop,"Lot G80/81, Ground Floor Alamanda Putrajaya Shopping Centre, Jalan Alamanda Presint 1, 62000 Putrajaya",Kishokumar A/L Amirthalingam ,60172000907
86,36,121,4,5,5,5,MVD25-00121,Sharp,"40""",1920x1080,MMP25-00121,Assigned,,Dell,i3-6,8,250,DP-HDMI,LAN,Hotlink,Back - 2,59,Alamanda MC-BM 5 - P3 (Hotlink),BM,1814642945,cl1ck1x123,,P3,,,adam,Alamanda,MAXIS CENTRE ALAMANDA,MC,Central,Putrajaya,Putrajaya,Mall,Shop,"Lot G80/81, Ground Floor Alamanda Putrajaya Shopping Centre, Jalan Alamanda Presint 1, 62000 Putrajaya",Kishokumar A/L Amirthalingam ,60172000907
554,127,359,3,14,2,1,MVD25-00359,Philips,"50""",1080x1920,MMP25-00359,To be Disposed,19,Intel NUC,i5-11,8,250,HDMI,Wifi,Store Front,SF - Standee,464,"Sunshine Square, PEN MEP-BM 1 - SF",BM,913831497,cl1ck1x123,,P1,,,,"Sunshine Square, Penang",JUST RING COMMUNICATION,MEP,Northern,Penang,Island,Mall,Shop,"LEVEL 1 SUNSHINE SQUARE, JALAN MAYANG PASIR, 11950 BAYAN LEPAS, PULAU PINANG.",TOH,60124513999
85,36,120,4,5,5,4,MVD25-00120,Sony,"40""",1920x1080,MMP25-00120,Assigned,,HP,i5-4,8,250,DP-HDMI,LAN,Fibre,Back -1,61,Alamanda MC-BM 4 - P2 (Fibre),BM,1097712325,cl1ck1x123,,P2,,,adam,Alamanda,MAXIS CENTRE ALAMANDA,MC,Central,Putrajaya,Putrajaya,Mall,Shop,"Lot G80/81, Ground Floor Alamanda Putrajaya Shopping Centre, Jalan Alamanda Presint 1, 62000 Putrajaya",Kishokumar A/L Amirthalingam ,60172000907
214,37,123,4,5,2,2,MVD25-00123,Samsung,"50""",1080x1920,MP2508-0092,Assigned,,NUC,Core 3,8,250,HDMI,LAN,Postpaid,Right -1 ,380,"IOI City Mall, Putrajaya MEP-EN 2 - P1 (Right)",EN,1126730199,cl1ck1x123,,P1,,,adam,"IOI City Mall, Putrajaya",COMPU-COMM HOLDINGS SDN BHD,MEP,Central,Putrajaya,Putrajaya,Mall,Shop,"L2-45 SECOND FLOOR, IOI CITY MALL, LEBUH IRC, 62502 WP-PUTRAJAYA.",LAO HOCK HWA,60126217579
4,228,593,3,27,2,1,MVD25-00593,Philips,"50""",1080x1920,MMP25-00593,To be Disposed,20,Intel NUC,i5-11,8,250,HDMI,Wifi,Store Front,Left - 1,522,AEON Bandaraya Melaka MEP-EN 1 - SF,EN,481059581,cl1ck1x123,,P1,,,adam,AEON Bandaraya Melaka,SHINING TELECOMMUNICATION SDN BHD,MEP,Southern,Melaka,Melaka,Mall,Shop,"S40, AEON BANDRAYA MELAKA SHOPPING CENTRE, NO.2, JALAN LAGENDA, TAMAN LAGENDA, 75400 MELAKA.",NICOLE,60127101100
212,38,124,4,5,1,1,MVD25-00124,LG,"50""",1080x1920,MMP25-00124,Assigned,,HP,i5-3,4,250,HDMI,LAN,Store Front,Single,240,IOI City Mall Kiosk MEP-EN,EN,1136009887,cl1ck1x123,,P1,,network not stable,adam,IOI City Mall Kiosk,COMPU-COMM HOLDINGS SDN BHD,MEP,Central,Putrajaya,Putrajaya,Mall,Kiosk,"LG-K9A, LOWER GROUND FLOOR, IOI CITY MALL, LEBUH IRC, 62502 WP-PUTRAJAYA.",LAO HOCK HWA,60126217579
210,39,126,4,5,3,2,MVD25-00126,Sharp,"50""",1920x1080,MP2508-0093,Assigned,,NUC,Core 3,8,250,HDMI,Wifi,Machine,Right,383,IOI City Mall (NW) Kiosk MEP-EN 2 - P1 (Machine),EN,1830005489,cl1ck1x123,,P2,,,adam,IOI City Mall New Wing Kiosk,COMPU-COMM HOLDINGS SDN BHD,MEP,Central,Putrajaya,Putrajaya,Mall,Kiosk,"LOT LG-K210, LOWER GROUND FLOOR (NEW WING), IOI CITY MALL, LEBUH IRC, 62502 WP-PUTRAJAYA.",LAO HOCK HWA,60126217579
209,39,125,4,5,3,1,MVD25-00125,Samsung,"65""",1920x1080,MMP25-00125,Assigned,,HP,i5-3,4,250,DP-HDMI,LAN,Store Front,,384,IOI City Mall (NW) Kiosk MEP-EN 1 - SF,EN,1455602714,cl1ck1x123,,P1,,,adam,IOI City Mall New Wing Kiosk,COMPU-COMM HOLDINGS SDN BHD,MEP,Central,Putrajaya,Putrajaya,Mall,Kiosk,"LOT LG-K210, LOWER GROUND FLOOR (NEW WING), IOI CITY MALL, LEBUH IRC, 62502 WP-PUTRAJAYA.",LAO HOCK HWA,60126217579
210,39,126,4,5,3,2,MVD25-00126,Sharp,"50""",1920x1080,MMP25-00126,Disposed,,HP,i5-4,4,1000,DP-HDMI,Wifi,Zerolution,Right,383,IOI City Mall (NW) Kiosk MEP-EN 2 - P2 (Zerolution),EN,1877226121,cl1ck1x123,,P2,,,adam,IOI City Mall New Wing Kiosk,COMPU-COMM HOLDINGS SDN BHD,MEP,Central,Putrajaya,Putrajaya,Mall,Kiosk,"LOT LG-K210, LOWER GROUND FLOOR (NEW WING), IOI CITY MALL, LEBUH IRC, 62502 WP-PUTRAJAYA.",LAO HOCK HWA,60126217579
211,39,127,4,5,3,3,MVD25-00127,Sharp,"50""",1920x1080,MP2508-0090,Assigned,,NUC,Core 3,8,250,HDMI,Wifi,Postpaid,Left,382,IOI City Mall (NW) Kiosk MEP-EN 3 - P3 (Tomei),EN,1173989277,cl1ck1x123,,P3,,,adam,IOI City Mall New Wing Kiosk,COMPU-COMM HOLDINGS SDN BHD,MEP,Central,Putrajaya,Putrajaya,Mall,Kiosk,"LOT LG-K210, LOWER GROUND FLOOR (NEW WING), IOI CITY MALL, LEBUH IRC, 62502 WP-PUTRAJAYA.",LAO HOCK HWA,60126217579
211,39,127,4,5,3,3,MVD25-00127,Sharp,"50""",1920x1080,MMP25-00127,Disposed,,HP,i5-3,4,250,HDMI,Wifi,Postpaid,Left,382,IOI City Mall (NW) Kiosk MEP-EN 3 - P3 (Postpaid),EN,1908579070,cl1ck1x123,,P3,,,adam,IOI City Mall New Wing Kiosk,COMPU-COMM HOLDINGS SDN BHD,MEP,Central,Putrajaya,Putrajaya,Mall,Kiosk,"LOT LG-K210, LOWER GROUND FLOOR (NEW WING), IOI CITY MALL, LEBUH IRC, 62502 WP-PUTRAJAYA.",LAO HOCK HWA,60126217579
629,191,520,1,25,5,4,MVD25-00520,Samsung,"65""",1920x1080,MMP25-00520,To be Disposed,21,Intel NUC,i3-8,4,250,HDMI,Wifi,Hotlink,Back,137,Tmn Molek MC-BM 4 - P3 (Hotlink),BM,1112477316,cl1ck1x123,,P3,,,adam,Taman Molek,MAXIS CENTRE TAMAN MOLEK,MC,Southern,Johor,JB,High Street,Shop,"Grd Flr, Unit No 12 & 14, Jalan Molek 1/9, Taman Molek, 81100 Johor Bahru",Nor Azizah Binti Mohd Som,60177777487
165,41,129,4,5,1,1,MVD25-00129,Toshiba,"50""",1080x1920,MP2512-0157,Assigned,,NUC,Core 3,8,500,HDMI,Wifi,Postpaid,Single,243,"Dpulze, Cyberjaya MEP-EN",EN,1115192583,cl1ck1x123,,P1,,,adam,"Dpulze, Cyberjaya",SHINING TELECOMMUNICATION SDN BHD,MEP,Central,Selangor,Cyberjaya,Mall,Kiosk,"LOT GC-B3, GROUND FLOOR, DPULZE SHOPPING CENTRE, LINGKARAN CYBER POINT TIMUR CYBER 12, 63000 CYBERJAYA, SELANGOR.",NICOLE,60127101100
387,42,130,4,6,5,1,MVD25-00130,Sharp,"55""",1080x1920,MMP25-00130,Disposed,,n/a,i5-1,tbc,150,HDMI,LAN,Store Front,SF,90,Metro Kajang MC-BM 1 - SF,BM,1349766952,cl1ck1x123,,P1,,pc keep shutting down,adam,Metro Kajang,MAXIS CENTRE METRO KAJANG,MC,Central,Selangor,Kajang,Mall,Kiosk,"LG05 LOWER G/F PLAZA METRO KAJANG SECTION 7, JALAN ABD AZIZ 43000 KAJANG SELANGOR ",Kishokumar A/L Amirthalingam ,60172000907
388,,,,,,,MVD25-00130,Sharp,"55""",1080x1920,MP2505-0033,Assigned,,Intel NUC,i3-13,8,250,HDMI,LAN,Store Front,SF,90,Metro Kajang MC-BM 1 - SF,BM,1902528054,cl1ck1x123,,P1,,n/a,irfan,Metro Kajang,MAXIS CENTRE METRO KAJANG,MC,Central,Selangor,Kajang,Mall,,"LG05 LOWER G/F PLAZA METRO KAJANG SECTION 7, JALAN ABD AZIZ 43000 KAJANG SELANGOR ",Kishokumar A/L Amirthalingam ,60172000907
123,40,128,4,5,1,1,MVD25-00128,Sharp,"40""",1920x1080,MMP25-00128,Assigned,,HP,i5-4,4,470,ah al,Wifi,Postpaid,,234,Banting MEP-BM,BM,1871634283,cl1ck1x123,,P1,,network,adam,Banting,ASHITA COMMUNICATION SDN BHD,MEP,Central,Selangor,Banting,High Street,Shop,"NO. 200, JALAN SULTAN ABDUL SAMAD, 42700 BANTING, SELANGOR.",FION ,60122793818
389,42,131,4,6,5,2,MVD25-00131,Samsung,"65""",1920x1080,MMP25-00131,Assigned,,HP,i5-4,tbc,500,DP-HDMI,LAN,Store Front,,93,Metro Kajang MC-BM 2 - Demo TV (SF),BM,382575767,cl1ck1x123,,Demo TV,,,adam,Metro Kajang,MAXIS CENTRE METRO KAJANG,MC,Central,Selangor,Kajang,Mall,Kiosk,"LG05 LOWER G/F PLAZA METRO KAJANG SECTION 7, JALAN ABD AZIZ 43000 KAJANG SELANGOR ",Kishokumar A/L Amirthalingam ,60172000907
392,42,132,4,6,5,3,MVD25-00132,Sharp,"50""",1080x1920,MMP25-00132,Assigned,,HP,i5-4,4,500,DP-HDMI,Wifi,Kiosk,Single,91,Metro Kajang MC-BM 5 - Kiosk,BM,180179281,cl1ck1x123,,P1,,router no network,adam,Metro Kajang,MAXIS CENTRE METRO KAJANG,MC,Central,Selangor,Kajang,Mall,Kiosk,"LG05 LOWER G/F PLAZA METRO KAJANG SECTION 7, JALAN ABD AZIZ 43000 KAJANG SELANGOR ",Kishokumar A/L Amirthalingam ,60172000907
390,42,133,4,6,5,4,MVD25-00133,Sharp,"40""",1920x1080,MMP25-00133,Assigned,,HP,i5-3,4,250,DP-HDMI,LAN,Hotlink,Right -1 ,94,Metro Kajang MC-BM 3 - P3 (Hotlink),BM,1729823470,cl1ck1x123,,P3,,,adam,Metro Kajang,MAXIS CENTRE METRO KAJANG,MC,Central,Selangor,Kajang,Mall,Kiosk,"LG05 LOWER G/F PLAZA METRO KAJANG SECTION 7, JALAN ABD AZIZ 43000 KAJANG SELANGOR ",Kishokumar A/L Amirthalingam ,60172000907
391,42,134,4,6,5,5,MVD25-00134,Sharp,"40""",1080x1920,MP2509-0117,Assigned,,NUC,Core 3,8,250,HDMI,LAN,MIRA,,92,Metro Kajang MC-BM 4 - MIRA,BM,1251750988,cl1ck1x123,,MIRA,,,adam,Metro Kajang,MAXIS CENTRE METRO KAJANG,MC,Central,Selangor,Kajang,Mall,Kiosk,"LG05 LOWER G/F PLAZA METRO KAJANG SECTION 7, JALAN ABD AZIZ 43000 KAJANG SELANGOR ",Kishokumar A/L Amirthalingam ,60172000907
391,42,134,4,6,5,5,MVD25-00134,Sharp,"40""",1080x1920,MMP25-00134,Disposed,,HP,i5-4,4,250,DP-HDMI,LAN,MIRA,,92,Metro Kajang MC-BM 4 - MIRA,BM,1371264204,cl1ck1x123,,MIRA,,,adam,Metro Kajang,MAXIS CENTRE METRO KAJANG,MC,Central,Selangor,Kajang,Mall,Kiosk,"LG05 LOWER G/F PLAZA METRO KAJANG SECTION 7, JALAN ABD AZIZ 43000 KAJANG SELANGOR ",Kishokumar A/L Amirthalingam ,60172000907
133,43,135,4,6,3,1,MVD25-00135,Sharp,"55""",1080x1920,MMP25-00135,Assigned,,HP,i5-4,4,500,DP-HDMI,LAN,Store Front,SF,226,Bdr Puteri Puchong MEP-EN 1 - SF,EN,1986888705,cl1ck1x123,,P1,,,adam,Bandar Puteri Puchong,ALPINE HOPE DISTRIBUTION SDN BHD,MEP,Central,Selangor,Puchong,High Street,Shop,"NO. 21G, JALAN PUTERI 1/4,  BANDAR PUTERI PUCHONG, 47100 PUCHONG, SELANGOR.",Yee,60123456363
135,43,137,4,6,3,3,MVD25-00137,Sharp,"55""",1920x1080,MMP25-00137,Assigned,,Dell,i5-2,4,500,DP-HDMI,LAN,Postpaid,Left - 1,224,Bdr Puteri Puchong MEP-EN 3 - P2 (Postpaid),EN,977761252,cl1ck1x123,,P2,,,adam,Bandar Puteri Puchong,ALPINE HOPE DISTRIBUTION SDN BHD,MEP,Central,Selangor,Puchong,High Street,Shop,"NO. 21G, JALAN PUTERI 1/4,  BANDAR PUTERI PUCHONG, 47100 PUCHONG, SELANGOR.",Yee,60123456363
609,49,152,4,6,6,1,MVD25-00152,Philips,"55""",1080x1920,MMP25-00152,To be Disposed,22,Intel NUC,i3-7,4,500,HDMI,Wifi,Store Front,,388,The Mines MEP-EN 1 - SF,EN,1489578935,cl1ck1x123,,P1,,,adam,The Mines,GENTEL COMMUNICATION SDN BHD,MEP,Central,Selangor,Seri Kembangan,Mall,Shop,"L4-30, LEVEL 4 THE MINES SHOPPING FAIR, 1 JLN DULANG, 43300 SERI KEMBANGAN, SELANGOR.",KEN,60165532303
134,43,136,4,6,3,2,MVD25-00136,Sharp,"40""",1920x1080,MMP25-00136,Assigned,,HP,i5-3,4,250,DP-HDMI,Wifi,Hotlink,Right -1 ,225,Bdr Puteri Puchong MEP-EN 2 - Hotlink,EN,1819047670,cl1ck1x123,,P3,,,adam,Bandar Puteri Puchong,ALPINE HOPE DISTRIBUTION SDN BHD,MEP,Central,Selangor,Puchong,High Street,Shop,"NO. 21G, JALAN PUTERI 1/4,  BANDAR PUTERI PUCHONG, 47100 PUCHONG, SELANGOR.",Yee,60123456363
215,45,139,4,6,3,1,MVD25-00139,Philips,"65""",1080x1920,MMP25-00139,Assigned,,HP,i5-4,4,250,DP-HDMI,LAN,,SF,394,IOI Mall Puchong MEP-EN 1 - SF,EN,1889378205,cl1ck1x123,,P1,,,adam,IOI Mall Puchong,GENTEL COMMUNICATION SDN BHD,MEP,Central,Selangor,Puchong,Mall,Shop,"S26, SECOND FLOOR, IOI MALL PUCHONG, JALAN PUCHONG, BANDAR PUCHONG JAYA, 47170 PUCHONG, SELANGOR.",KEN,60165532303
515,17,67,1,2,2,1,MVD25-00067,Philips,"65""",1080x1920,MMP25-00067,To be Disposed,23,Intel NUC,i5-11,8,250,HDMI,Wifi,Store Front,SF,268,Setapak Central MEP-EN 1 - SF,EN,1174627319,cl1ck1x123,,P1,,,adam,Setapak Central,YES'S COMM ENTERPRISE SDN BHD,MEP,Central,KL,KL,Mall,Shop,"LOT G-33A & B , GROUND FLOOR , SETAPAK CENTRAL MALL, 67 JALAN TAMAN IBU KOTA, 53300 SETAPAK, WP-KUALA LUMPUR.",IVAN,60122282266
217,45,141,4,6,3,3,MVD25-00141,Samsung,"65""",1920x1080,MP2603-0033,Assigned,,NUC,Core 3,8,250,HDMI,LAN,Demo TV,,396,IOI Mall Puchong MEP-EN 3 - Demo TV,EN,1154219272,cl1ck1x123,,Demo TV,,dark spot,adam,IOI Mall Puchong,GENTEL COMMUNICATION SDN BHD,MEP,Central,Selangor,Puchong,Mall,Shop,"S26, SECOND FLOOR, IOI MALL PUCHONG, JALAN PUCHONG, BANDAR PUCHONG JAYA, 47170 PUCHONG, SELANGOR.",KEN,60165532303
216,45,140,4,6,3,2,MVD25-00140,Philips,"65""",1080x1920,MMP25-00140,Assigned,,HP,i5-4,4,250,DP-HDMI,LAN,Accessories,,395,IOI Mall Puchong MEP-EN 2 - P2 (Accessories),EN,1169791818,cl1ck1x123,,P2,,slight bluish,adam,IOI Mall Puchong,GENTEL COMMUNICATION SDN BHD,MEP,Central,Selangor,Puchong,Mall,Shop,"S26, SECOND FLOOR, IOI MALL PUCHONG, JALAN PUCHONG, BANDAR PUCHONG JAYA, 47170 PUCHONG, SELANGOR.",KEN,60165532303
368,46,143,4,6,4,2,MVD25-00143,Philips,"50""",1080x1920,MMP25-00143,Assigned,,Intel NUC,i3-8,4,250,HDMI,Wifi,Store Front,Right,377,Lotus Semenyih MEP-EN 2 - SF (Standees),EN,1341152566,cl1ck1c1x123,,P1,,,adam,Lotus's Semenyih,BEECOM SDN BHD,MEP,Central,Selangor,Semenyih,Mall,Shop,"F17-F18 FIRST FLOOR, LOTUS'S SEMENYIH, NO 1 JALAN TPS 1/1, TAMAN PELANGI SEMENYIH, 43500 SEMENYIH, SELANGOR.",Michael Chua,60123052266
369,46,144,4,6,4,3,MVD25-00144,Sharp,"50""",1080x1920,MMP25-00144,Assigned,,Dell,i3-6,8,250,DP-HDMI,Wifi,Zerolution,,378,Lotus Semenyih MEP-EN 3 - P2 (Zerolution),EN,1104615915,cl1ck1x123,,P2,,,adam,Lotus's Semenyih,BEECOM SDN BHD,MEP,Central,Selangor,Semenyih,Mall,Shop,"F17-F18 FIRST FLOOR, LOTUS'S SEMENYIH, NO 1 JALAN TPS 1/1, TAMAN PELANGI SEMENYIH, 43500 SEMENYIH, SELANGOR.",Michael Chua,60123052266
370,46,145,4,6,4,4,MVD25-00145,Sharp,"50""",1080x1920,MMP25-00145,Assigned,,Dell,i5-4,4,250,DP-HDMI,Wifi,Hotlink,,379,Lotus Semenyih MEP-EN 4 - P3 (Hotlink),EN,143520793,cl1ck1x123,,P3,,,adam,Lotus's Semenyih,BEECOM SDN BHD,MEP,Central,Selangor,Semenyih,Mall,Shop,"F17-F18 FIRST FLOOR, LOTUS'S SEMENYIH, NO 1 JALAN TPS 1/1, TAMAN PELANGI SEMENYIH, 43500 SEMENYIH, SELANGOR.",Michael Chua,60123052266
332,145,406,4,15,3,2,MVD25-00406,Sharp,"40""",1920x1080,MMP25-00406,To be Disposed,24,Intel NUC,i3-8,4,222,HDMI,LAN,Store Front - 1x3 3,Ceiling - 3,370,Langkawi Int'l Airport MC-EN 3 - Right,EN,1869472593,cl1ck1x123,,Airport,,,,Langkawi International Airport,MAXIS CENTRE LANGKAWI INTERNATIONAL AIRPORT (LIA),MC,Northern,Kedah,Langkawi,Mall,Shop,"L1L17 , Level 1 Departure Hall ( Landside ), Langkawi International Airport, 07000 , Langkawi, Kedah",Lim Mee Mee,60124000306
367,46,142,4,6,4,1,MVD25-00142,Philips,"65""",1080x1920,MMP25-00142,Assigned,,HP,i5-4,tbc,500,DP-HDMI,Wifi,Store Front,Left,376,Lotus Semenyih MEP-EN 1 - SF (Left),EN,1331644284,cl1ck1x123,,P1,,,adam,Lotus's Semenyih,BEECOM SDN BHD,MEP,Central,Selangor,Semenyih,Mall,Shop,"F17-F18 FIRST FLOOR, LOTUS'S SEMENYIH, NO 1 JALAN TPS 1/1, TAMAN PELANGI SEMENYIH, 43500 SEMENYIH, SELANGOR.",Michael Chua,60123052266
287,47,147,4,6,5,2,MVD25-00147,Samsung,"70""",1080x1920,MMP25-00147,Assigned,,HP,i5-4,4,928,HDMI,LAN,Store Front,Left - 1,113,KLIA2 MC-EN 2 - SF,EN,1549779433,cl1ck1x123,,Airport,,,,KLIA2,MAXIS CENTRE KLIA,MC,Central,Selangor,Sepang,Mall,Shop,"Lot No. S2-2-1C03B, Arrival Hall, Public Concourse KLIA2, 64000 Sepang Selangor",Noraini Binti Azmi,60123023031
288,47,148,4,6,5,3,MVD25-00148,Sharp,"50""",1920x1080,MMP25-00148,Assigned,,HP,i5-4,4,928,HDMI,LAN,Fibre,Right - 2,112,KLIA2 MC-EN 3 - Fibre Panel,EN,1668643552,cl1ck1x23,,Airport,,,,KLIA2,MAXIS CENTRE KLIA,MC,Central,Selangor,Sepang,Mall,Shop,"Lot No. S2-2-1C03B, Arrival Hall, Public Concourse KLIA2, 64000 Sepang Selangor",Noraini Binti Azmi,60123023031
289,47,149,4,6,5,4,MVD25-00149,Sharp,"50""",1920x1080,MMP25-00149,Assigned,,HP,i5-4,4,928,HDMI,LAN,Hotlink,Right - 3,115,KLIA2 MC-EN 4 - Hotlink Panel,EN,1915744042,cl1ck1x123,,Airport,,,,KLIA2,MAXIS CENTRE KLIA,MC,Central,Selangor,Sepang,Mall,Shop,"Lot No. S2-2-1C03B, Arrival Hall, Public Concourse KLIA2, 64000 Sepang Selangor",Noraini Binti Azmi,60123023031
290,47,150,4,6,5,5,MVD25-00150,LED,tbc,1920x1080,MMP25-00150,Assigned,,HP,i5-4,4,928,DP-HDMI,LAN,Store Front,Left - 2,116,KLIA2 MC-EN 5 - LED,EN,1443516820,cl1ck1x123,,Airport,,,,KLIA2,MAXIS CENTRE KLIA,MC,Central,Selangor,Sepang,Mall,Shop,"Lot No. S2-2-1C03B, Arrival Hall, Public Concourse KLIA2, 64000 Sepang Selangor",Noraini Binti Azmi,60123023031
285,,,,,,,MVD25-00151,Samsung,"65""",1920x1080,MP2505-0037,Assigned,,Intel NUC,i3-13,8,250,HDMI,LAN,g ,Back,117,KLIA 1 Kiosk-EN,EN ,1952381518,cl1ck1x123,,Airport,,,adam,KLIA kiosk,MAXIS CENTRE KLIA KIOSK,MC,Central,Selangor,Sepang,Mall,Shop,"MTB-3-L09,LEVEL 3,MAIN TERMINAL BUILDING, KUALA LUMPUR INTERNATIONAL AIRPORT, 64000 KLIA,SELANGOR",Noraini Binti Azmi,60123023031
655,66,210,5,8,4,4,MVD25-00211,Sharp,"65""",1080x1920,MMP25-00211,To be Disposed,25,GIgabyte,i3-3,4,259,HDMI,LAN,Storefront,SF,211,USJ Taipan MEP 4 - SF,EN,1559035178,cl1ck1x123,,P1,,,adam,USJ Taipan,YS PHOTO & TELECOMMUNICATION,MEP,Central,Selangor,Subang Jaya,High Street,Shop,"NO. 61, GROUND & 1ST FLOOR, JALAN USJ 10/1A TAIPAN TRIANGLE, UEP SUBANG JAYA, 47620 SUBANG JAYA, SELANGOR.",JONATHAN,60129009876
609,49,152,4,6,6,1,MVD25-00152,Philips,"55""",1080x1920,MP2509-0125,Assigned,,Intel NUC,Core 3,8,250,HDMI,Wifi,Store Front,,388,The Mines MEP-EN 1 - SF,EN,1660080570,cl1ck1x123,,P1,,,adam,The Mines,GENTEL COMMUNICATION SDN BHD,MEP,Central,Selangor,Seri Kembangan,Mall,Shop,"L4-30, LEVEL 4 THE MINES SHOPPING FAIR, 1 JLN DULANG, 43300 SERI KEMBANGAN, SELANGOR.",KEN,60165532303
94,136,387,4,15,4,2,MVD25-00387,Sharp,"50""",1080x1920,MMP25-00387,To be Disposed,26,HP,i5-4,4,500,DP-HDMI,LAN,Fibre,Right -1 ,488,Alor Setar Mall MEP-BM 2 - P2 (Fibre),BM,1778264282,cl1ck1x123,,P2,,,adam,Alor Setar Mall,PHONE GLOBAL SDN BHD,MEP,Northern,Kedah,Alor Setar,Mall,Shop,"LOT G-35,GROUND FLOOR, ALOR SETAR MALL, KAWASAN PERUSAHAAN TANDOP BARU, 05400 ALOR SETAR, KEDAH.",YEAP BOON SUANG,60195600607
610,49,153,4,6,6,2,MVD25-00153,Sharp,"55""",1080x1920,MMP25-00153,Assigned,,HP,i5-4,4,500,DP-HDMI,LAN,Zerolution,Right -1 ,389,The Mines MEP-EN 2 - P2 (Zerolution),EN,1086334165,cl1ck1x123,,P2,,,adam,The Mines,GENTEL COMMUNICATION SDN BHD,MEP,Central,Selangor,Seri Kembangan,Mall,Shop,"L4-30, LEVEL 4 THE MINES SHOPPING FAIR, 1 JLN DULANG, 43300 SERI KEMBANGAN, SELANGOR.",KEN,60165532303
611,49,154,4,6,6,3,MVD25-00154,Sharp,"50""",1080x1920,MMP25-00154,Assigned,,HP,i5-4,4,1000,DP-HDMI,LAN,Hotlink,Right - 2,391,The Mines MEP-EN 3 - P3 (Hotlink),EN,1387144534,cl1ck1x123,,P3,,,adam,The Mines,GENTEL COMMUNICATION SDN BHD,MEP,Central,Selangor,Seri Kembangan,Mall,Shop,"L4-30, LEVEL 4 THE MINES SHOPPING FAIR, 1 JLN DULANG, 43300 SERI KEMBANGAN, SELANGOR.",KEN,60165532303
612,49,155,4,6,6,4,MVD25-00155,LED,tbc,1920x1080,MMP25-00155,Assigned,,HP,i5-4,4,250,DP-HDMI,LAN,LED,,390,The Mines MEP-EN 4 - LED,EN,1465428518,cl1ck1x123,,P1,,,adam,The Mines,GENTEL COMMUNICATION SDN BHD,MEP,Central,Selangor,Seri Kembangan,Mall,Shop,"L4-30, LEVEL 4 THE MINES SHOPPING FAIR, 1 JLN DULANG, 43300 SERI KEMBANGAN, SELANGOR.",KEN,60165532303
342,207,557,1,25,2,1,MVD25-00557,Sharp,"40""",1920x1080,MMP25-00557,To be Disposed,27,HP,i5-4,4,500,DP-HDMI,LAN,Store Front,Ceiling,562,Lotus Desa Tebrau MEP-BM 1 - P2 (Ceiling),BM,1076505277,cl1ck1x123,,P2,,,adam,Lotus's Desa Tebrau,SUPERIOR MOBILE SDN BHD,MEP,Southern,Johor,JB,Mall,Shop,"LOT F15, 1ST FLOOR, LOTUS'S TERBAU, NO.1 JALAN PERSIARAN DESA TERBAU, 81100 JOHOR BHARU, JOHOR.",AMALINA,60127657665
652,49,157,4,6,6,6,MVD25-00157,Sharp,"65""",1080x1920,MP2509-0139,Assigned,,NUC,Core 3,8,250,HDMI,Wifi,Accessories,Left - 1,392,The Mines MEP-EN 6 - P2 (Accessories),EN,1430612364,cl1ck1x123,,P2,,,adam,The Mines,GENTEL COMMUNICATION SDN BHD,MEP,Central,Selangor,Seri Kembangan,Mall,Shop,"L4-30, LEVEL 4 THE MINES SHOPPING FAIR, 1 JLN DULANG, 43300 SERI KEMBANGAN, SELANGOR.",KEN,60165532303
613,49,156,4,6,6,5,MVD25-00156,Sharp,"55""",1080x1920,MMP25-00156,Assigned,,HP,i5-4,4,500,DP-HDMI,LAN,Fibre,Left - 2,393,The Mines MEP-EN 5 - P3 (Fibre),EN,1172707422,cl1ck1x123,,P3,,,adam,The Mines,GENTEL COMMUNICATION SDN BHD,MEP,Central,Selangor,Seri Kembangan,Mall,Shop,"L4-30, LEVEL 4 THE MINES SHOPPING FAIR, 1 JLN DULANG, 43300 SERI KEMBANGAN, SELANGOR.",KEN,60165532303
80,50,158,4,6,2,1,MVD25-00158,Philips,"50""",1080x1920,MMP25-00158,Assigned,,HP,i5-2,4,250,HDMI,Wifi,Postpaid,Left - 1,397,AEON Tmn Equine MEP-EN 1 - P1 (Postpaid),EN,1638541731,cl1ck1x123,,P1,,,adam,AEON Taman Equine,ONE TO ONE COMMUNICATIONS SDN BHD,MEP,Central,Selangor,Seri Kembangan,Mall,Shop,"LOT G37, AEON TAMAN EQUINE 2, JALAN EQUINE, PUSAT BANDAR PUTRA PERMAI, 43300 SERI KEMBANGAN, SELANGOR.",SAM,60123200032
81,50,159,4,6,2,2,MVD25-00159,Samsung,"60""",1920x1080,MMP25-00159,Assigned,,HP,i5-6,8,250,DP-HDMI,LAN,Demo TV,Left - 2,398,AEON Tmn Equine MEP-EN 2 - Demo TV,EN,1775144043,cl1ck1x123,,Demo TV,,,adam,AEON Taman Equine,ONE TO ONE COMMUNICATIONS SDN BHD,MEP,Central,Selangor,Seri Kembangan,Mall,Shop,"LOT G37, AEON TAMAN EQUINE 2, JALAN EQUINE, PUSAT BANDAR PUTRA PERMAI, 43300 SERI KEMBANGAN, SELANGOR.",SAM,60123200032
268,51,160,5,7,1,1,MVD25-00160,Sharp,"40""",1920x1080,MMP25-00160,Assigned,,HP,i5-4,4,1000,DP-HDMI,Wifi,Postpaid,Right -1 ,235,Kapar MEP-BM,BM,1782757290,cl1ck1x123,,P1,,wifi dongle by us,adam,Kapar,ASHITA COMMUNICATION SDN BHD,MEP,Central,Selangor,Klang,High Street,Shop,"NO. 26, JALAN BESAR, 42200 KAPAR, SELANGOR.",FION ,60122793818
284,52,162,5,7,4,2,MVD25-00162,Philips,"65""",1080x1920,MMP25-00162,Assigned,,Intel NUC,i3-8,4,250,HDMI,Wifi,Store Front,,285,Klang Parade MEP-EN 4 - SF,EN,1649483356,cl1ck1x123,,P1,,,adam,Klang Parade,ASHITA COMMUNICATION SDN BHD,MEP,Central,Selangor,Klang,High Street,Shop,"LOT S37, 2ND FLOOR, KLANG PARADE, NO2112, 41050 KLANG, SELANGOR.",FION ,60122793818
343,207,558,1,25,2,2,MVD25-00558,Sharp,39,1080x1920,MMP25-00558,To be Disposed,28,HP,i5-4,4,500,DP-HDMI,LAN,Store Front,Right -1 ,563,Lotus Desa Tebrau MEP-BM 2 - SF,BM,1093438686,cl1ck1x123,,P1,,,adam,Lotus's Desa Tebrau,SUPERIOR MOBILE SDN BHD,MEP,Southern,Johor,JB,Mall,Shop,"LOT F15, 1ST FLOOR, LOTUS'S TERBAU, NO.1 JALAN PERSIARAN DESA TERBAU, 81100 JOHOR BHARU, JOHOR.",AMALINA,60127657665
281,52,163,5,7,4,3,MVD25-00163,Philips,"40""",1920x1080,MMP25-00163,Assigned,,HP,i5-3,4,240,HDMI,LAN,Hotlink,,283,Klang Parade MEP-EN 1 - Hotlink,EN,1768417121,cl1ck1x123,,P3,,,adam,Klang Parade,ASHITA COMMUNICATION SDN BHD,MEP,Central,Selangor,Klang,High Street,Shop,"LOT S37, 2ND FLOOR, KLANG PARADE, NO2112, 41050 KLANG, SELANGOR.",FION ,60122793818
282,52,164,5,7,4,4,MVD25-00164,Philips,"40""",1920x1080,MMP25-00164,Assigned,,HP,i5-4,4,240,HDMI,LAN,Postpaid,,282,Klang Parade MEP-EN 2 - P2 (Postpaid),EN,1286539668,cl1ck1x123,,P2,,,adam,Klang Parade,ASHITA COMMUNICATION SDN BHD,MEP,Central,Selangor,Klang,High Street,Shop,"LOT S37, 2ND FLOOR, KLANG PARADE, NO2112, 41050 KLANG, SELANGOR.",FION ,60122793818
263,53,165,5,7,1,1,MVD25-00165,Sharp,"40""",1920x1080,MMP25-00165,Assigned,,HP,i5-4,4,470,HDMI,LAN,Postpaid,,362,"Jln Kapar, Klang MEP-BM - Postpaid",EN,1666310125,cl1ck1x123,,P1,,,,"Jalan Kapar, Klang",KTS CELLULAR SDN BHD,MEP,Central,Selangor,Klang,High Street,Shop,"NO. 10, JALAN KAPAR, 41400 KLANG, SELANGOR.",MISS GAN,60129657844
278,54,166,5,7,4,1,MVD25-00166,Samsung,"65""",1920x1080,MMP25-00166,Assigned,,HP,i5-2,4,470,DP-HDMI,Wifi,Fibre/Demo TV,,69,Klang MC-EN 2 - Demo TV,EN,1202575190,cl1ck1x123,,Demo TV,,,adam,Klang,MAXIS CENTRE KLANG,MC,Central,Selangor,Klang,High Street,Shop,"C7-1-0, Ground Floor, BBT One Lebuh Batu Nilam 2, Bandar Bukit Tinggi, 41200, Klang, Selangor",Kalai Arasan a/l Mathivanan,60146464259
280,54,168,5,7,4,3,MVD25-00168,Sharp,"40""",1920x1080,MP2511-0149,Assigned,,NUC,Core 3,8,250,DP-HDMI,Wifi,Postpaid,Right - 3,70,Klang MC-EN 4 - P1 (Postpaid),EN,1827870726,cl1ck1x123,1811795462,P1,,slight bluish,adam,Klang,MAXIS CENTRE KLANG,MC,Central,Selangor,Klang,High Street,Shop,"C7-1-0, Ground Floor, BBT One Lebuh Batu Nilam 2, Bandar Bukit Tinggi, 41200, Klang, Selangor",Kalai Arasan a/l Mathivanan,60146464259
280,54,168,5,7,4,3,MVD25-00168,Sharp,"40""",1920x1080,MMP25-00168,Disposed,,Dell,i5-2,4,500,DP-HDMI,Wifi,Postpaid,Right - 3,70,,EN,1014768650,cl1ck1x123,,P1,,slight bluish,adam,Klang,MAXIS CENTRE KLANG,MC,Central,Selangor,Klang,High Street,Shop,"C7-1-0, Ground Floor, BBT One Lebuh Batu Nilam 2, Bandar Bukit Tinggi, 41200, Klang, Selangor",Kalai Arasan a/l Mathivanan,60146464259
277,54,167,5,7,4,2,MVD25-00167,Sharp,"50""",1080x1920,MMP25-00167,Assigned,,HP,i5-4,4,470,DP-HDMI,LAN,MIRA,,72,Klang MC-EN 1 - MIRA,EN,1841717035,cl1ck1x123,,MIRA - P2,,slight bluish,adam,Klang,MAXIS CENTRE KLANG,MC,Central,Selangor,Klang,High Street,Shop,"C7-1-0, Ground Floor, BBT One Lebuh Batu Nilam 2, Bandar Bukit Tinggi, 41200, Klang, Selangor",Kalai Arasan a/l Mathivanan,60146464259
279,54,169,5,7,4,4,MVD25-00169,Philips,"40""",1920x1080,MMP25-00169,Assigned,,HP,i5-4,4,240,DP-HDMI,Wifi,Hotlink,,71,Klang MC-EN 3 - Hotlink,EN,1942626150,cl1ck1x123,,P3,,screen off most likely screen issue and media player is ok,adam,Klang,MAXIS CENTRE KLANG,MC,Central,Selangor,Klang,High Street,Shop,"C7-1-0, Ground Floor, BBT One Lebuh Batu Nilam 2, Bandar Bukit Tinggi, 41200, Klang, Selangor",Kalai Arasan a/l Mathivanan,60146464259
19,55,170,5,7,4,1,MVD25-00170,Sharp,"50""",1080x1920,MMP25-00170,Assigned,,HP,i5-4,4,470,DP-HDMI,LAN,Store Front,,372,AEON Bukit Tinggi MEP-EN 1 - SF,EN,1076727941,cl1ck1x123,,P1,,,irfan,AEON Bukit Tinggi,EAGLECOM TECHNOLOGY SDN BHD,MEP,Central,Selangor,Klang,Mall,Shop,"G09, AEON BUKIT TINGGI SHOPPING CENTRE, BANDAR BUKIT TINGGI 2, 41200 KLANG, SELANGOR.",JEFF,60106585738
21,55,171,5,7,4,2,MVD25-00171,Sharp,"40""",1920x1080,MMP25-00171,Assigned,,HP,i5-3,4,240,DP-HDMI,Wifi,Postpaid,Left - 1,274,AEON Bukit Tinggi MEP-EN 3 - P2 (Postpaid),EN,1135205380,cl1ck1x123,,P2,,,irfan,AEON Bukit Tinggi,EAGLECOM TECHNOLOGY SDN BHD,MEP,Central,Selangor,Klang,Mall,Shop,"G09, AEON BUKIT TINGGI SHOPPING CENTRE, BANDAR BUKIT TINGGI 2, 41200 KLANG, SELANGOR.",JEFF,60106585738
20,55,172,5,7,4,3,MVD25-00172,Sharp,"55""",1080x1920,MMP25-00172,Assigned,,HP,i5-4,4,470,DP-HDMI,LAN,Hotlink,,373,AEON Bukit Tinggi MEP-EN 2 - Hotlink,EN,1107510923,cl1c1kx123,,P3,,pc replaced but still has problem,irfan,AEON Bukit Tinggi,EAGLECOM TECHNOLOGY SDN BHD,MEP,Central,Selangor,Klang,Mall,Shop,"G09, AEON BUKIT TINGGI SHOPPING CENTRE, BANDAR BUKIT TINGGI 2, 41200 KLANG, SELANGOR.",JEFF,60106585738
23,,,,,,,MVD25-00173,Philips,"55""",1080x1920,MP2504-0020,Assigned,,Intel NUC,i3-13,8,250,HDMI,tbc,Hotlink,,375,AEON Bukit Tinggi MEP-EN 4 - P1 (Back),EN,1180052456,cl1ck1x123,,P1,,,irfan,AEON Bukit Tinggi,EAGLECOM TECHNOLOGY SDN BHD,MEP,Central,Selangor,Klang,Mall,Shop,"G09, AEON BUKIT TINGGI SHOPPING CENTRE, BANDAR BUKIT TINGGI 2, 41200 KLANG, SELANGOR.",JEFF,60106585738
145,56,174,5,7,5,1,MVD25-00174,LG,"55""",1080x1920,MMP25-00174,Assigned,,Intel NUC,i3-7,4,950,HDMI,LAN,Store Front,,73,Central I-City MC-EN 4 - SF,EN,1142469827,cl1ck1x123,,P1,,1 to 3 screen,adam,Central i-City,MAXIS CENTRE I-CITY MALL,MC,Central,Selangor,Shah Alam,Mall,Shop,"Lot L2-24,  2nd Floor, Central i-City Mall, 40000 Shah Alam, Selangor ",Saravanan A/L Umaphati,60122000762
146,56,175,5,7,5,2,MVD25-00175,Sharp,"55""",1080x1920,MMP25-00175,Assigned,,Dell,i5-4,4,500,DP-HDMI,Wifi,MIRA,,77,Central I-City MC-EN 5 - MIRA,EN,1161638174,cl1ck1x123,,MIRA,,,adam,Central i-City,MAXIS CENTRE I-CITY MALL,MC,Central,Selangor,Shah Alam,Mall,Shop,"Lot L2-24,  2nd Floor, Central i-City Mall, 40000 Shah Alam, Selangor ",Saravanan A/L Umaphati,60122000762
143,56,176,5,7,5,3,MVD25-00176,Samsung,"65""",1920x1080,MMP25-00176,Assigned,,Intel NUC,i3-7,4,950,HDMI,LAN,Demo TV,,76,Central I-City MC-EN 2 - Demo TV,EN,1315807212,cl1ck1x123,,Demo TV,,,adam,Central i-City,MAXIS CENTRE I-CITY MALL,MC,Central,Selangor,Shah Alam,Mall,Shop,"Lot L2-24,  2nd Floor, Central i-City Mall, 40000 Shah Alam, Selangor ",Saravanan A/L Umaphati,60122000762
144,56,177,5,7,5,4,MVD25-00177,Panasonic,"42""",1920x1080x3,MMP25-00177,To be Disposed,,Intel NUC,i3-7,4,500,HDMI,LAN,Kitchen,Ceiling - 1,74,Central I-City MC-EN 3 - P2 (Topx3),EN,1787354754,cl1ck1x123,,P2,,,adam,Central i-City,MAXIS CENTRE I-CITY MALL,MC,Central,Selangor,Shah Alam,Mall,Shop,"Lot L2-24,  2nd Floor, Central i-City Mall, 40000 Shah Alam, Selangor ",Saravanan A/L Umaphati,60122000762
144,56,177,5,7,5,4,MVD25-00177,Panasonic,"42""",1920x1080x3,MP2505-0035,Assigned,,Intel NUC,i3-100U,4,500,HDMI,LAN,Kitchen,Ceiling - 1,74,Central I-City MC-EN 3 - P2 (Topx3),EN,1507547815,cl1ck1x123,,P2,,,adam,Central i-City,MAXIS CENTRE I-CITY MALL,MC,Central,Selangor,Shah Alam,Mall,Shop,"Lot L2-24,  2nd Floor, Central i-City Mall, 40000 Shah Alam, Selangor ",Saravanan A/L Umaphati,60122000762
22,55,173,5,7,4,4,MVD25-00173,Philips,"55""",1080x1920,MMP25-00173,Disposed,,HP,i3-6,8,250,DP-HDMI,LAN,Hotlink,,375,AEON Bukit Tinggi MEP-EN 4 - P1 (Back),EN,1970562125,cl1ck1x123,,P1,,,irfan,AEON Bukit Tinggi,EAGLECOM TECHNOLOGY SDN BHD,MEP,Central,Selangor,Klang,Mall,Shop,"G09, AEON BUKIT TINGGI SHOPPING CENTRE, BANDAR BUKIT TINGGI 2, 41200 KLANG, SELANGOR.",JEFF,60106585738
659,175,471,1,20,5,3,MVD25-00471,Sharp,"40""",1920x1080,MMP25-00471,To be Disposed,29,HP,i5-4,4,462,DP-HDMI,Wifi-Dongle,Hotlink,Back,179,Vivacity MC-EN 3 - P3 (Hotlink),EN,1974483976,cl1ck1x123,,P3,,,,Vivacity,MAXIS CENTRE VIVACITY,MC,Sarawak,Sarawak,Kuching,Mall,Shop,"Maxis Centre Viva City, L2-013 Level 2, Vivacity Megamall., 93350 Kuching, Sarawak",Voon Suk Hui,60128227090
62,57,179,5,7,6,1,MVD25-00179,Philips,"65""",1080x1920,MP2602-0030,Assigned,,NUC,Core 3 ,8,250,HDMI,WiFi ,Store Front,SF,198,AEON Shah Alam MC-EN 2 - SF,EN,485882030,cl1ck1x123,,P1,,,adam,AEON Shah Alam,MAXIS CENTRE AEON SHAH ALAM,MC,Central,Selangor,Shah Alam,Mall,Shop,"Lot S-35 Second Floor, AeON Mall Shah Alam, No: 1 Jalan Akuatik 13/64,  40100 Shah Alam, SELANGOR",Jusey John,60122000762
142,56,178,5,7,5,5,MVD25-00178,LED,tbc,1360x768,MMP25-00178,Assigned,,HP,i5-4,4,500,DP-HDMI,LAN,Hotlink,,75,Central I-City MC-EN 1 - Hotlink,EN,1062795507,cl1ck1x123,,P3,,,adam,Central i-City,MAXIS CENTRE I-CITY MALL,MC,Central,Selangor,Shah Alam,Mall,Shop,"Lot L2-24,  2nd Floor, Central i-City Mall, 40000 Shah Alam, Selangor ",Saravanan A/L Umaphati,60122000762
61,57,180,5,7,6,2,MVD25-00180,Sharp,"50""",1080x1920,MMP25-00180,Assigned,,HP,i5-4,4,470,DP-HDMI,LAN,MIRA,,101,AEON Shah Alam MC-EN 1 - MIRA,EN,1448768366,cl1ck1x123,,MIRA,,,adam,AEON Shah Alam,MAXIS CENTRE AEON SHAH ALAM,MC,Central,Selangor,Shah Alam,Mall,Shop,"Lot S-35 Second Floor, AeON Mall Shah Alam, No: 1 Jalan Akuatik 13/64,  40100 Shah Alam, SELANGOR",Jusey John,60122000762
64,57,182,5,7,6,4,MVD25-00182,Samsung,"55""",1080x1920,MMP25-00182,Assigned,,GIgabyte,i5-3,4,470,HDMI,LAN,Postpaid,,199,AEON Shah Alam MC-EN 4 - P1,EN,1388305780,cl1ck1x123,,P1,,tv screen,adam,AEON Shah Alam,MAXIS CENTRE AEON SHAH ALAM,MC,Central,Selangor,Shah Alam,Mall,Shop,"Lot S-35 Second Floor, AeON Mall Shah Alam, No: 1 Jalan Akuatik 13/64,  40100 Shah Alam, SELANGOR",Jusey John,60122000762
63,57,181,5,7,6,3,MVD25-00181,Samsung,"65""",1920x1080,MMP25-00181,Assigned,,HP,i5-4,tbc,500,VGA-HDMI,LAN,Demo TV,,98,AEON Shah Alam MC-EN 3 - Demo TV,EN,1091849294,cl1ck1x123,,Demo TV,,,adam,AEON Shah Alam,MAXIS CENTRE AEON SHAH ALAM,MC,Central,Selangor,Shah Alam,Mall,Shop,"Lot S-35 Second Floor, AeON Mall Shah Alam, No: 1 Jalan Akuatik 13/64,  40100 Shah Alam, SELANGOR",Jusey John,60122000762
67,,,,,,,MVD25-00183,Sharp,"42""",1920x1080,MP2505-0034,Assigned,,Intel NUC,i3-13,8,250,HDMI,LAN,n/a,n/a,102,AEON Shah Alam MC-EN 6 - P2,EN,1106152994,cl1ck1x123,,P2,,,irfan,AEON Shah Alam,MAXIS CENTRE AEON SHAH ALAM,MC,Central,Selangor,Shah Alam,Mall,,"Lot S-35 Second Floor, AeON Mall Shah Alam, No: 1 Jalan Akuatik 13/64,  40100 Shah Alam, SELANGOR",Jusey John,60122000762
65,57,184,5,7,6,6,MVD25-00184,Sharp,"50""",1920x1080,MMP25-00184,Assigned,,MSI,i3-4,4,470,HDMI,LAN,Hotlink,,100,AEON Shah Alam MC-EN 5 - Hotlink,EN,1072793477,cl1ck1x123,,P3,,tv blue screen,adam,AEON Shah Alam,MAXIS CENTRE AEON SHAH ALAM,MC,Central,Selangor,Shah Alam,Mall,Shop,"Lot S-35 Second Floor, AeON Mall Shah Alam, No: 1 Jalan Akuatik 13/64,  40100 Shah Alam, SELANGOR",Jusey John,60122000762
522,58,185,5,7,4,1,MVD25-00185,LG,"55""",1080x1920,MMP25-00185,Assigned,,Dell,i5-2,4,470,DP-HDMI,LAN,Store Front,,280,Setia City Mall MEP-EN 2 - SF,EN,1242669179,cl1ck1x123,,P1,,,adam,"Setia City Mall, Shah Alam",KTS CELLULAR SDN BHD,MEP,Central,Selangor,Shah Alam,Mall,Shop,"LOT 142&143, LEVEL 1, SETIA CITY MALL SEKSYEN U13, 7 PERSIARAN SETIA DAGANG SETIA ALAM 40170 SHAH ALAM, SELANGOR.",MISS GAN,60129657844
521,58,186,5,7,4,2,MVD25-00186,Sharp,"40""",1920x1080,MMP25-00186,Assigned,,Dell,i3-6,8,720,HDMI,LAN,Hotlink,,278,Setia City Mall MEP-EN 1 - Hotlink,EN,1325027367,cl1ck1x123,,P3,,bluish,adam,"Setia City Mall, Shah Alam",KTS CELLULAR SDN BHD,MEP,Central,Selangor,Shah Alam,Mall,Shop,"LOT 142&143, LEVEL 1, SETIA CITY MALL SEKSYEN U13, 7 PERSIARAN SETIA DAGANG SETIA ALAM 40170 SHAH ALAM, SELANGOR.",MISS GAN,60129657844
525,58,187,5,7,4,3,MVD25-00187,Sharp,"50""",1080x1920,MMP25-00187,Assigned,,MSI,i3-4,4,500,HDMI,LAN,Postpaid,,281,Setia City Mall MEP-EN 4 - P1 (Postpaid),EN,1949408066,cl1ck1x123,,P1,,,adam,"Setia City Mall, Shah Alam",KTS CELLULAR SDN BHD,MEP,Central,Selangor,Shah Alam,Mall,Shop,"LOT 142&143, LEVEL 1, SETIA CITY MALL SEKSYEN U13, 7 PERSIARAN SETIA DAGANG SETIA ALAM 40170 SHAH ALAM, SELANGOR.",MISS GAN,60129657844
523,58,188,5,7,4,4,MVD25-00188,Sharp,"65""",1080x1920,MMP25-00188,Disposed,,GIgabyte,i3-2,4,250,HDMI,LAN,Fibre,,279,Setia City Mall MEP-EN 3 - P2,EN,1511825162,cl1ck1x123,,P2,,,adam,"Setia City Mall, Shah Alam",KTS CELLULAR SDN BHD,MEP,Central,Selangor,Shah Alam,Mall,Shop,"LOT 142&143, LEVEL 1, SETIA CITY MALL SEKSYEN U13, 7 PERSIARAN SETIA DAGANG SETIA ALAM 40170 SHAH ALAM, SELANGOR.",MISS GAN,60129657844
524,,,,,,,MVD25-00188,Sharp,"65""",1080x1920,MP2505-0030,Assigned,,Intel NUC,i3-13,8,250,HDMI,LAN,Fibre,,279,Setia City Mall MEP-EN 3 - P2,EN,1016194925,cl1ck1x123,,P2,,,adam,"Setia City Mall, Shah Alam",KTS CELLULAR SDN BHD,MEP,Central,Selangor,Shah Alam,Mall,Shop,"LOT 142&143, LEVEL 1, SETIA CITY MALL SEKSYEN U13, 7 PERSIARAN SETIA DAGANG SETIA ALAM 40170 SHAH ALAM, SELANGOR.",MISS GAN,60129657844
66,57,183,5,7,6,5,MVD25-00183,Sharp,"42""",1920x1080,MMP25-00183,Disposed,,HP,i3-6,8,250,DP-HDMI,LAN,Accessories,,102,AEON Shah Alam MC-EN 6 - P2,EN,1996262918,cl1ck1x123,,P2,,"cpu fan error, pos error",adam,AEON Shah Alam,MAXIS CENTRE AEON SHAH ALAM,MC,Central,Selangor,Shah Alam,Mall,Shop,"Lot S-35 Second Floor, AeON Mall Shah Alam, No: 1 Jalan Akuatik 13/64,  40100 Shah Alam, SELANGOR",Jusey John,60122000762
178,59,189,5,7,3,1,MVD25-00189,Sharp,"55""",1080x1920,MP2507-0085,Assigned,,NUC,Core 3,8,250,HDMI,Wifi,Fibre,Right -1 ,387,Gamuda Walk MEP-EN 1- P1 (Fibre),EN,826337372,cl1ck1x123,,P1,,,adam,Gamuda Walk,EVERCALL SDN BHD,MEP,Central,Selangor,Shah Alam,Mall,Shop,"G-21 GAMUDA WALK, NO 12, JALAN ANGGERIK VANILLA 31/99, KOTA KEMUNING SECTION 31, 40460 SHAH ALAM, SELANGOR.",NABIL,60122396497
178,59,189,5,7,3,1,MVD25-00189,Sharp,"55""",1080x1920,MMP25-00189,Disposed,,HP,i5-4,4,1000,DP-HDMI,Wifi,Fibre,Right -1 ,387,Gamuda Walk MEP-EN 1- P1 (Fibre),EN,492665355,cl1ck1x123,,P1,,,adam,Gamuda Walk,EVERCALL SDN BHD,MEP,Central,Selangor,Shah Alam,Mall,Shop,"G-21 GAMUDA WALK, NO 12, JALAN ANGGERIK VANILLA 31/99, KOTA KEMUNING SECTION 31, 40460 SHAH ALAM, SELANGOR.",NABIL,60122396497
179,59,190,5,7,3,2,MVD25-00190,Panasonic,"50""",1080x1920,MP2507-0086,Assigned,,NUC,Core 3,8,250,HDMI,Wifi,MIRA,Left - 1,386,Gamuda Walk MEP-EN 2 - P2 (MIRA),EN,866329878,cl1ck1x123,,P2,,wifi dongle problem,adam,Gamuda Walk,EVERCALL SDN BHD,MEP,Central,Selangor,Shah Alam,Mall,Shop,"G-21 GAMUDA WALK, NO 12, JALAN ANGGERIK VANILLA 31/99, KOTA KEMUNING SECTION 31, 40460 SHAH ALAM, SELANGOR.",NABIL,60122396497
162,91,271,2,11,2,2,MVD25-00271,Sharp,40',1920x1080,MMP25-00271,To be Disposed,30,HP,i5-4,4,250,DP-HDMI,LAN,Postpaid,Left,338,Dataran Austin MC-BM 2 - P1 (Postpaid),BM,1888920188,cl1ck1x123,,P1,,,,Dataran Austin,MAXIS CENTRE DATARAN AUSTIN,MC,East Coast,Terengganu,Kuala Terengganu,High Street,Shop,"Lot No. 52500 (Ground Floor), Jalan Austin 3, Dataran Austin, 21300 Kuala Nerus, Terengganu ",Mohd Adenan Bin Mohd,60179266629
179,59,190,5,7,3,2,MVD25-00190,Panasonic,"50""",1080x1920,MMP25-00190,Disposed,,HP,i5-4,4,470,DP-HDMI,Wifi,MIRA,Left - 1,386,Gamuda Walk MEP-EN 2 - P2 (MIRA),EN,902812909,cl1ck1x123,,P2,,wifi dongle problem,adam,Gamuda Walk,EVERCALL SDN BHD,MEP,Central,Selangor,Shah Alam,Mall,Shop,"G-21 GAMUDA WALK, NO 12, JALAN ANGGERIK VANILLA 31/99, KOTA KEMUNING SECTION 31, 40460 SHAH ALAM, SELANGOR.",NABIL,60122396497
475,60,192,5,7,3,1,MVD25-00192,Samsung,"75""",1080x1920,MMP25-00192,Assigned,,HP,i5-3,4,250,DP-HDMI,LAN,Store Front,,111,Quayside MC-EN 1 - SF,EN,1036053317,cl1ck1x123,,P1,,,adam,Quayside,MAXIS CENTRE QUAYSIDE,MC,Central,Selangor,Shah Alam,Mall,Shop,"GF-09, Grd Floor, Quayside Mall, Persiaran Freesia, Gamuda Kemuning 25.7 42500 Telok Panglima Garang, Kuala Langat, Selangor Darul Ehsan",Siti Nor Hafizah Binti Mohd Nazri,60172000954
476,60,193,5,7,3,2,MVD25-00193,Samsung,"65""",1920x1080,MMP25-00193,Assigned,,HP,i5-4,4,250,DP-HDMI,LAN,Demo TV,,110,Quayside MC-EN 2 - Demo TV,EN,1795607864,cl1ck1x123,,Demo TV,,,adam,Quayside,MAXIS CENTRE QUAYSIDE,MC,Central,Selangor,Shah Alam,Mall,Shop,"GF-09, Grd Floor, Quayside Mall, Persiaran Freesia, Gamuda Kemuning 25.7 42500 Telok Panglima Garang, Kuala Langat, Selangor Darul Ehsan",Siti Nor Hafizah Binti Mohd Nazri,60172000954
477,60,194,5,7,3,3,MVD25-00194,Philips,"55""",1080x1920,MP2601-0008,Assigned,,HP,i5-6,8,250,DP-HDMI,LAN,MIRA,,109,Quayside MEP-EN 3 - Meeting Point (P2),EN,1437115490,cl1ck1x123,,MIRA,,,adam,Quayside,MAXIS CENTRE QUAYSIDE,MC,Central,Selangor,Shah Alam,Mall,Shop,"GF-09, Grd Floor, Quayside Mall, Persiaran Freesia, Gamuda Kemuning 25.7 42500 Telok Panglima Garang, Kuala Langat, Selangor Darul Ehsan",Siti Nor Hafizah Binti Mohd Nazri,60172000954
423,11,54,1,2,1,1,MVD25-00054,Sharp,"50""",1920x1080,MMP25-00054,To be Disposed,31,HP,i5-4,4,500,DP-HDMI,Wifi,Postpaid,,223,Pandan Kapital MEP-EN,EN,1643179595,cl1ck1x123,,P1,,,adam,"Pandan Kapital, Cheras",NEFION COMMUNICATIONS CENTRE,MEP,Central,KL,KL,Mall,Shop,"LOT 40 GROUND FLOOR,PUSAT BELI BELAH PANDAN KAPITAL, JALAN PANDAN UTAMA, 55100 PANDAN INDAH, WP-KUALA LUMPUR.",ALSON,60165203627
265,61,195,5,8,1,1,MVD25-00195,Sharp,"42""",1920x1080,MMP25-00195,Assigned,,HP,i5-4,4,500,VGA-HDMI,Wifi,,P1,216,Jln SS2 MEP-EN - P1,EN,1704526645,cl1ck1x123,,P1,,,adam,"Jalan SS2, PJ",ONE TO ONE COMMUNICATIONS SDN BHD,MEP,Central,Selangor,Petaling Jaya,High Street,Shop,"NO. 61, JALAN SS2/75, 47300 PETALING JAYA, SELANGOR.",SAM,60123200032
161,91,270,2,11,2,1,MVD25-00270,Samsung,"65""",1920x1080,MMP25-00270,To be Disposed,32,HP,i5-4,4,500,DP-HDMI,LAN,Fibre,Right,337,Dataran Austin MC-BM 1 - Demo TV,BM,1404531173,cl1ck1x123,,Demo TV,,,,Dataran Austin,MAXIS CENTRE DATARAN AUSTIN,MC,East Coast,Terengganu,Kuala Terengganu,High Street,Shop,"Lot No. 52500 (Ground Floor), Jalan Austin 3, Dataran Austin, 21300 Kuala Nerus, Terengganu ",Mohd Adenan Bin Mohd,60179266629
539,63,197,5,8,3,1,MVD25-00197,Philips,"75""",1080x1920,MP2601-0010,Assigned,,NUC,Core 3 ,8,250,HDMI,WiFi ,,SF,217,Starling Mall MEP-EN 1 - SF,EN,467462781,cl1ck1x123,,P1,,,adam,The Starling Mall,GENTEL COMMUNICATION SDN BHD,MEP,Central,Selangor,Petaling Jaya,Mall,Shop,"LOT F118, LVL 1, THE STARLING MALL, JALAN SS 21/37, DAMANSARA UTAMA, 47400 PETALING JAYA, SELANGOR.",KEN,60165532303
105,150,421,4,15,2,2,MVD25-00421,Sharp,"40""",1920x1080,MMP25-00421,To be Disposed,33,HP,i5-3,4,250,DP-HDMI,LAN,Postpaid,Right -1 ,483,Amanjaya Mall MEP-BM 2 - P2 (Postpaid),BM,1209492207,cl1ck1x123,,P2,,pc very slow,adam,"Amanjaya Mall, Sungai Petani",NORTHERN STREAM SDN BHD,MEP,Northern,Kedah,Sungai Petani,Mall,Shop,"GL5 GROUND FLOOR, AMANJAYA MALL, NO.1 JALAN JATI 1,  08000 SUNGAI PETANI, KEDAH.",GUNA,60125015813
540,63,198,5,8,3,2,MVD25-00198,Philips,"65""",1080x1920,MMP25-00198,Assigned,,NUC,Core 3 ,8,250,HDMI,WiFi ,,P2,218,Starling Mall MEP-EN 2 - P2,EN,1605895276,cl1ck1x123,,P2,,,adam,The Starling Mall,GENTEL COMMUNICATION SDN BHD,MEP,Central,Selangor,Petaling Jaya,Mall,Shop,"LOT F118, LVL 1, THE STARLING MALL, JALAN SS 21/37, DAMANSARA UTAMA, 47400 PETALING JAYA, SELANGOR.",KEN,60165532303
165,41,129,4,5,1,1,MVD25-00129,Toshiba,"50""",1080x1920,MMP25-00129,To be Disposed,34,HP,i5-4,4,500,HDMI,LAN,Postpaid,Single,243,"Dpulze, Cyberjaya MEP-EN",EN,1774061171,cl1ck1x123,,P1,,,adam,"Dpulze, Cyberjaya",SHINING TELECOMMUNICATION SDN BHD,MEP,Central,Selangor,Cyberjaya,Mall,Kiosk,"LOT GC-B3, GROUND FLOOR, DPULZE SHOPPING CENTRE, LINGKARAN CYBER POINT TIMUR CYBER 12, 63000 CYBERJAYA, SELANGOR.",NICOLE,60127101100
541,63,199,5,8,3,3,MVD25-00199,Samsung,"75""",1920x1080,MMP25-00199,Assigned,,NUC,Core 3 ,8,500,HDMI,LAN,Demo TV,,219,Starling Mall MEP-EN 3 - Demo TV,EN,309054398,cl1ck1x123,,Demo TV,,,adam,The Starling Mall,GENTEL COMMUNICATION SDN BHD,MEP,Central,Selangor,Petaling Jaya,Mall,Shop,"LOT F118, LVL 1, THE STARLING MALL, JALAN SS 21/37, DAMANSARA UTAMA, 47400 PETALING JAYA, SELANGOR.",KEN,60165532303
429,64,200,5,8,2,1,MVD25-00200,Sharp,"50""",1920x1080,MMP25-00200,Assigned,,Dell,i3-6,8,250,HDMI,LAN,Postpaid,,251,Paradigm MEP-EN 2 - Postpaid P1,EN,1463746073,cl1ck1x123,,P1,,,adam,"Paradigm Mall, Petaling Jaya",SHINING TELECOMMUNICATION SDN BHD,MEP,Central,Selangor,Petaling Jaya,Mall,Shop,"LOT 1F 35&36, PARADIGM MALL NO 1, JALAN SS7/26A, KELANA JAYA, 47301 PETALING JAYA, SELANGOR.",NICOLE,60127101100
450,62,196,5,8,1,1,MVD25-00196,Sharp,"40""",1920x1080,MMP25-00196,Assigned,,HP,i5-4,4,500,DP-HDMI,LAN,Postpaid,,220,PJ New Town MEP-EN,EN,1309131674,cl1ck1x123,,P1,,,adam,"New Town, Petaling Jaya",CELNET SDN BHD,MEP,Central,Selangor,Petaling Jaya,High Street,Shop,"NO. 12, JALAN YONG SHOOK LIN, 46200 PETALING JAYA, SELANGOR.",FIONA ,60126802888
218,65,202,5,8,5,1,MVD25-00202,Generic,"65""",1080x1920,MMP25-00202,Disposed,,Dell,i5-2,4,500,DP-HDMI,LAN,MIRA,,50,IPC MC-EN 1 - MIRA,EN,1125235178,cl1ck1x123,,MIRA,,,adam,IPC,MAXIS CENTRE IPC,MC,Central,Selangor,Petaling Jaya,Mall,Shop,"L1.12A & 1.12B, Ikano Power Centre, 2 Jalan PJU 7/2, Mutiara Damansara 47800 Petaling Jaya, Selangor",Shamsina Bt Mohd Deli ,60122000512
428,64,201,5,8,2,2,MVD25-00201,Sharp,"50""",1920x1080,MMP25-00201,Assigned,,HP,i5-2,4,240,DP-HDMI,LAN,Hotlink,,252,Paradigm MEP-EN 1 - Hotlink,EN,1672130418,cl1ck1x123,,P3,,,adam,"Paradigm Mall, Petaling Jaya",SHINING TELECOMMUNICATION SDN BHD,MEP,Central,Selangor,Petaling Jaya,Mall,Shop,"LOT 1F 35&36, PARADIGM MALL NO 1, JALAN SS7/26A, KELANA JAYA, 47301 PETALING JAYA, SELANGOR.",NICOLE,60127101100
219,65,203,5,8,5,2,MVD25-00203,Generic,"75""",1080x1920,MMP25-00203,Disposed,,HP,i5-2,4,250,DP-HDMI,LAN,SF-BIZ,SF-biz,51,IPC MC-EN 2 - SF,EN,1712518502,cl1ck1x123,,P1,,,adam,IPC,MAXIS CENTRE IPC,MC,Central,Selangor,Petaling Jaya,Mall,Shop,"L1.12A & 1.12B, Ikano Power Centre, 2 Jalan PJU 7/2, Mutiara Damansara 47800 Petaling Jaya, Selangor",Shamsina Bt Mohd Deli ,60122000512
221,65,205,5,8,5,4,MVD25-00205,LG,"65""",1920x1080,MMP25-00205,Disposed,,Dell,i3-6,8,250,DP-HDMI,LAN,Demo TV,,49,IPC MC-EN 4 - Demo TV,EN,1718455545,cl1ck1x123,,Demo TV,,,adam,IPC,MAXIS CENTRE IPC,MC,Central,Selangor,Petaling Jaya,Mall,Shop,"L1.12A & 1.12B, Ikano Power Centre, 2 Jalan PJU 7/2, Mutiara Damansara 47800 Petaling Jaya, Selangor",Shamsina Bt Mohd Deli ,60122000512
220,65,204,5,8,5,3,MVD25-00204,Sharp,"45""",1920x1080,MMP25-00204,Disposed,,HP,i5-4,4,500,DP-HDMI,LAN,Hotlink,,53,IPC MC-EN 3 - Hotlink,EN,1052021807,cl1ck1x123,,p3,,,adam,IPC,MAXIS CENTRE IPC,MC,Central,Selangor,Petaling Jaya,Mall,Shop,"L1.12A & 1.12B, Ikano Power Centre, 2 Jalan PJU 7/2, Mutiara Damansara 47800 Petaling Jaya, Selangor",Shamsina Bt Mohd Deli ,60122000512
223,,,,,,,MVD25-00206,Sharp,"55""",1920x1080,MMP25-00601,Disposed,,Lenovo,i5-9,8,1200,DP-HDMI,LAN,Fibre,,52,IPC MC-EN 5 - Fibre,EN,1332423080,cl1ck1x123,,P2,,,adam,IPC,MAXIS CENTRE IPC,MC,Central,Selangor,Petaling Jaya,Mall,Shop,"L1.12A & 1.12B, Ikano Power Centre, 2 Jalan PJU 7/2, Mutiara Damansara 47800 Petaling Jaya, Selangor",Shamsina Bt Mohd Deli ,60122000512
222,65,206,5,8,5,5,MVD25-00206,Sharp,"55""",1920x1080,MMP25-00206,Disposed,,HP,i5-2,4,250,DP-HDMI,LAN,Fibre,,52,IPC MC-EN 5 - Fibre,EN,1332423080,cl1ck1x123,,P2,,,adam,IPC,MAXIS CENTRE IPC,MC,Central,Selangor,Petaling Jaya,Mall,Shop,"L1.12A & 1.12B, Ikano Power Centre, 2 Jalan PJU 7/2, Mutiara Damansara 47800 Petaling Jaya, Selangor",Shamsina Bt Mohd Deli ,60122000512
543,,,,,,,MVD25-00207,Sharp,"50""",1920x1080,MP2504-0019,Assigned,,Intel NUC,i3-13,8,250,HDMI,Wifi,Hotlink,,249,Subang Parade MEP-EN 1 - Hotlink,EN,1522334255,cl1ck1x123,,P3,,,adam,Subang Parade,COMPU-COMM HOLDINGS SDN BHD,MEP,Central,Selangor,Subang Jaya,Mall,Kiosk,"GC07, GROUND FLOOR, JALAN KEMAJUAN SUBANG, SS 16, 47500 SUBANG JAYA, SELANGOR.",LAO HOCK HWA,60126217579
542,67,211,5,8,2,1,MVD25-00207,Sharp,"50""",1920x1080,MMP25-00207,Disposed,,HP,i5-4,4,470,HDMI,Wifi,Hotlink,,249,Subang Parade MEP-EN 1 - Hotlink,EN,1504115881,cl1ck1x123,,P3,,,adam,Subang Parade,COMPU-COMM HOLDINGS SDN BHD,MEP,Central,Selangor,Subang Jaya,Mall,Kiosk,"GC07, GROUND FLOOR, JALAN KEMAJUAN SUBANG, SS 16, 47500 SUBANG JAYA, SELANGOR.",LAO HOCK HWA,60126217579
652,66,207,5,8,4,1,MVD25-00208,Sharp,"65""",1920x1080,MMP25-00208,Assigned,,HP,i5-4,4,500,DP-HDMI,LAN,Internet,,209,USJ Taipan MEP 1 - Internet,EN,1266361987,cl1ck1x123,,P1,,,adam,USJ Taipan,YS PHOTO & TELECOMMUNICATION,MEP,Central,Selangor,Subang Jaya,High Street,Shop,"NO. 61, GROUND & 1ST FLOOR, JALAN USJ 10/1A TAIPAN TRIANGLE, UEP SUBANG JAYA, 47620 SUBANG JAYA, SELANGOR.",JONATHAN,60129009876
653,66,208,5,8,4,2,MVD25-00209,Sharp,"65""",1920x1080,MMP25-00209,Assigned,,HP,i5-4,4,500,DP-HDMI,LAN,Postpaid,,210,USJ Taipan MEP 2 - Postpaid,EN,1800499221,cl1ck1x123,,P2,,,adam,USJ Taipan,YS PHOTO & TELECOMMUNICATION,MEP,Central,Selangor,Subang Jaya,High Street,Shop,"NO. 61, GROUND & 1ST FLOOR, JALAN USJ 10/1A TAIPAN TRIANGLE, UEP SUBANG JAYA, 47620 SUBANG JAYA, SELANGOR.",JONATHAN,60129009876
62,57,179,5,7,6,1,MVD25-00179,Philips,"65""",1080x1920,MMP25-00179,To be Disposed,35,HP,i5-4,4,1000,DP-HDMI,LAN,Store Front,SF,198,AEON Shah Alam MC-EN 2 - SF,EN,1810931603,cl1ck1x123,,P1,,,adam,AEON Shah Alam,MAXIS CENTRE AEON SHAH ALAM,MC,Central,Selangor,Shah Alam,Mall,Shop,"Lot S-35 Second Floor, AeON Mall Shah Alam, No: 1 Jalan Akuatik 13/64,  40100 Shah Alam, SELANGOR",Jusey John,60122000762
656,,,,,,,MVD25-00211,Sharp,"65""",1080x1920,MP2507-0061,Assigned,,Intel NUC,Core 3 ,8,250,HDMI,WiFi ,,hotlink,212,USJ Taipan MEP-EN 3 - Hotlink ,EN,1307528444,cl1ck1x123,,p3,,,adam,USJ Taipan MEP-EN 3 - Hotlink ,YS PHOTO & TELECOMMUNICATION,MEP,Central,Selangor,Subang Jaya,High Street,Shop,"NO. 61, GROUND & 1ST FLOOR, JALAN USJ 10/1A TAIPAN TRIANGLE, UEP SUBANG JAYA, 47620 SUBANG JAYA, SELANGOR.",JONATHAN,60129009876
654,66,209,5,8,4,3,MVD25-00210,Sharp,"65""",1920x1080,MMP25-00210,Assigned,,HP,i5-4,4,500,DP-HDMI,LAN,Hotlink,,212,USJ Taipan MEP 3 - Hotlink,EN,1216891752,cl1ck1x123,,p3,,,adam,USJ Taipan,YS PHOTO & TELECOMMUNICATION,MEP,Central,Selangor,Subang Jaya,High Street,Shop,"NO. 61, GROUND & 1ST FLOOR, JALAN USJ 10/1A TAIPAN TRIANGLE, UEP SUBANG JAYA, 47620 SUBANG JAYA, SELANGOR.",JONATHAN,60129009876
545,,,,,,,MVD25-00212,Sharp,"50""",1920x1080,MP2504-0015,Assigned,,Intel NUC,i3-13,8,250,HDMI,Wifi,Postpaid,,250,Subang Parade MEP-EN 2 - Postpaid P1,EN,1125234990,cl1ck1x123,,P1,,,adam,Subang Parade,COMPU-COMM HOLDINGS SDN BHD,MEP,Central,Selangor,Subang Jaya,Mall,Kiosk,"GC07, GROUND FLOOR, JALAN KEMAJUAN SUBANG, SS 16, 47500 SUBANG JAYA, SELANGOR.",LAO HOCK HWA,60126217579
655,66,210,5,8,4,4,MVD25-00212,Sharp,"65""",1080x1921,MP2601-0017,Assigned,,Intel NUC,Core 3,8,250,HDMI,WiFi ,Storefront,SF,,USJ Taipan MEP 4 - SF,EN,876490072,cl1ck1x123,,P2,,,adam,USJ Taipan,YS PHOTO & TELECOMMUNICATION,MEP,Central,Selangor,Subang Jaya,High Street,Shop,"NO. 61, GROUND & 1ST FLOOR, JALAN USJ 10/1A TAIPAN TRIANGLE, UEP SUBANG JAYA, 47620 SUBANG JAYA, SELANGOR.",JONATHAN,60129009877
566,68,213,5,8,14,1,MVD25-00213,Samsung,"65""",1920x1080,MMP25-00213,Disposed,,Intel NUC,i3-8,4,120,HDMI,LAN,Demo TV,,18,Sunway Pyramid MC-EN 1 - Demo TV,EN,1750642575,cl1ck1x123,,Demo TV,,,,Sunway Pyramid,MAXIS CENTRE SUNWAY PYRAMID,Flagship,Central,Selangor,Subang Jaya,Mall,Kiosk,"Lot F1.99, First Floor, Sunway Pyramid Phase 2, No.3, Jln PJS 11/15, Bandar Sunway, 46150 Petaling Jaya, Selangor",Thaneskumaran A/L Munian,60122000978
563,68,214,5,8,14,2,MVD25-00214,LG,"88""",1080x3840,MMP25-00214,Disposed,,Intel NUC,i3-8,4,120,HDMI,LAN,Store Front - 3x88 2,Pillar - Left,22,Sunway Pyramid MC-EN 02 - 88A,EN,1777655473,cl1ck1x123,,synced,,,,Sunway Pyramid,MAXIS CENTRE SUNWAY PYRAMID,Flagship,Central,Selangor,Subang Jaya,Mall,Kiosk,"Lot F1.99, First Floor, Sunway Pyramid Phase 2, No.3, Jln PJS 11/15, Bandar Sunway, 46150 Petaling Jaya, Selangor",Thaneskumaran A/L Munian,60122000978
,,,,,,,MVD25-00214,LG,"88""",1080x3840,MP2507-0072,Disposed,,,,,,HDMI,Wifi,Store Front - 3x88 2,Pillar - Left,22,Sunway Pyramid MC-EN 02 - 88A,EN,1737210556,cl1ck1x123,,synced,,,,Sunway Pyramid,MAXIS CENTRE SUNWAY PYRAMID,Flagship,Central,Selangor,Subang Jaya,Mall,,"Lot F1.99, First Floor, Sunway Pyramid Phase 2, No.3, Jln PJS 11/15, Bandar Sunway, 46150 Petaling Jaya, Selangor",Thaneskumaran A/L Munian,60122000978
564,68,215,5,8,14,3,MVD25-00215,LG,"88""",1080x3840,MMP25-00215,Disposed,,Intel NUC,i5-11,8,120,HDMI,LAN,Store Front - 3x88 3,Pillar - Right,21,Sunway Pyramid MC-EN 03 - 88B,EN,1256417174,cl1ck1x123,,synced,,,,Sunway Pyramid,MAXIS CENTRE SUNWAY PYRAMID,Flagship,Central,Selangor,Subang Jaya,Mall,Kiosk,"Lot F1.99, First Floor, Sunway Pyramid Phase 2, No.3, Jln PJS 11/15, Bandar Sunway, 46150 Petaling Jaya, Selangor",Thaneskumaran A/L Munian,60122000978
565,68,216,5,8,14,4,MVD25-00216,LG,"88""",1080x3840,MMP25-00216,Disposed,,Intel NUC,i3-8,4,120,HDMI,LAN,Store Front - 3x88 1,Left - 1,20,Sunway Pyramid MC-EN 04 - Wall88C,EN,1502549544,cl1ck1x123,,synced,,Changed with MP2507-0072,,Sunway Pyramid,MAXIS CENTRE SUNWAY PYRAMID,Flagship,Central,Selangor,Subang Jaya,Mall,Kiosk,"Lot F1.99, First Floor, Sunway Pyramid Phase 2, No.3, Jln PJS 11/15, Bandar Sunway, 46150 Petaling Jaya, Selangor",Thaneskumaran A/L Munian,60122000978
569,68,217,5,8,14,5,MVD25-00217,LED,tbc,1920x766,MMP25-00217,Disposed,,Intel NUC,i3-8,4,120,HDMI,LAN,LED,Right - 2,23,Sunway Pyramid MC-EN 6 - SF LED,EN,1175034545,cl1ck1x123,,synved,,Changed with MP2508-0110,,Sunway Pyramid,MAXIS CENTRE SUNWAY PYRAMID,Flagship,Central,Selangor,Subang Jaya,Mall,Kiosk,"Lot F1.99, First Floor, Sunway Pyramid Phase 2, No.3, Jln PJS 11/15, Bandar Sunway, 46150 Petaling Jaya, Selangor",Thaneskumaran A/L Munian,60122000978
398,68,218,5,8,14,6,MVD25-00218,LED,tbc,1920x766,MMP25-00218,Disposed,,Intel NUC,i3-7,4,120,HDMI,LAN,LED,,n/a,n/a,EN,503276575,cl1ck1x123,,no longer around,,,,Sunway Pyramid,MAXIS CENTRE SUNWAY PYRAMID,Flagship,Central,Selangor,Subang Jaya,Mall,Kiosk,"Lot F1.99, First Floor, Sunway Pyramid Phase 2, No.3, Jln PJS 11/15, Bandar Sunway, 46150 Petaling Jaya, Selangor",Thaneskumaran A/L Munian,60122000978
568,68,219,5,8,14,7,MVD25-00219,LG,"88""",1080x3840,MMP25-00219,Disposed,,Intel NUC,i3-8,4,120,HDMI,LAN,MIRA,,51,Sunway Pyramid MC-EN 5 - MIRA,EN,1778655997,cl1ck1x123,,MIRA,,,,Sunway Pyramid,MAXIS CENTRE SUNWAY PYRAMID,Flagship,Central,Selangor,Subang Jaya,Mall,Kiosk,"Lot F1.99, First Floor, Sunway Pyramid Phase 2, No.3, Jln PJS 11/15, Bandar Sunway, 46150 Petaling Jaya, Selangor",Thaneskumaran A/L Munian,60122000978
571,68,220,5,8,14,8,MVD25-00220,Samsung,"42""",1920x1080,MMP25-00220,Disposed,,Intel NUC,i5-11,8,120,HDMI,Wifi,Hotlink,,26,Sunway Pyramid MC-EN 8 - Hotlink,EN,1538220466,ck1ck1x123,,wireless,,,,Sunway Pyramid,MAXIS CENTRE SUNWAY PYRAMID,Flagship,Central,Selangor,Subang Jaya,Mall,Kiosk,"Lot F1.99, First Floor, Sunway Pyramid Phase 2, No.3, Jln PJS 11/15, Bandar Sunway, 46150 Petaling Jaya, Selangor",Thaneskumaran A/L Munian,60122000978
572,68,221,5,8,14,9,MVD25-00221,LG,"98""x2",1080x1920x2,MMP25-00221,Disposed,,Asus,R7-2700,16,1000,HDMI,LAN,SSK - 2x98,Left - 4,27,Sunway Pyramid MC-EN 9 - 2x98 SSK,EN,1793945660,cl1ck1x123,,,,,,Sunway Pyramid,MAXIS CENTRE SUNWAY PYRAMID,Flagship,Central,Selangor,Subang Jaya,Mall,Kiosk,"Lot F1.99, First Floor, Sunway Pyramid Phase 2, No.3, Jln PJS 11/15, Bandar Sunway, 46150 Petaling Jaya, Selangor",Thaneskumaran A/L Munian,60122000978
567,68,222,5,8,14,10,MVD25-00222,LG,"98""x4",1080x1920x4,MMP25-00222,Disposed,,Asus,R7-2700,16,1000,HDMI,LAN,LED - 2x98,Right - 2,29,Sunway Pyramid MC-EN 10 - 2x98 LED,EN,310437326,cl1ck1x123,,,,,,Sunway Pyramid,MAXIS CENTRE SUNWAY PYRAMID,Flagship,Central,Selangor,Subang Jaya,Mall,Kiosk,"Lot F1.99, First Floor, Sunway Pyramid Phase 2, No.3, Jln PJS 11/15, Bandar Sunway, 46150 Petaling Jaya, Selangor",Thaneskumaran A/L Munian,60122000978
570,68,223,5,8,14,11,MVD25-00223,LG,"98""x2",tbc,MMP25-00223,Disposed,,,,,,,,Store Front - 2x98,Left - 2,29,Sunway Pyramid MC-EN 7 - 4x98,EN,310437326,cl1ck1x123,,,,,,Sunway Pyramid,MAXIS CENTRE SUNWAY PYRAMID,Flagship,Central,Selangor,Subang Jaya,Mall,Kiosk,"Lot F1.99, First Floor, Sunway Pyramid Phase 2, No.3, Jln PJS 11/15, Bandar Sunway, 46150 Petaling Jaya, Selangor",Thaneskumaran A/L Munian,60122000978
,,,,,,,MVD26-00012,,,,MP2508-0110,Assigned,,NUC,Core 3 ,8,250,HDMI,WiFi ,,,,Sunway Pyramid MC-EN 01 - Kiosk P1,EN,1413178085,cl1ck1x123,,,,,,Sunway Pyramid,MAXIS CENTRE SUNWAY PYRAMID,Flagship,Central,Selangor,Subang Jaya,Mall Kiosk,Kiosk,"Lot F1.99, First Floor, Sunway Pyramid Phase 2, No.3, Jln PJS 11/15, Bandar Sunway, 46150 Petaling Jaya, Selangor",,
,,,,,,,MVD26-00013,,,,MP2507-0072,Assigned,,NUC,Core 3 ,8,250,HDMI,WiFi ,,,,Sunway Pyramid MC-EN 02 - Kiosk P2,EN,1737210556,cl1ck1x123,,,,,,Sunway Pyramid,MAXIS CENTRE SUNWAY PYRAMID,Flagship,Central,Selangor,Subang Jaya,Mall Kiosk,Kiosk,"Lot F1.99, First Floor, Sunway Pyramid Phase 2, No.3, Jln PJS 11/15, Bandar Sunway, 46150 Petaling Jaya, Selangor",,
,,,,,,,MVD26-00010,,"14"" Non touch LCD",1080X1920,MVD26-00010,Assigned,,,,2,32,Built In,WiFi ,Kiosk,,,Sunway Pyramid MC-EN 03 - DPOP 01,EN,n/a,,,,,,,Sunway Pyramid,MAXIS CENTRE SUNWAY PYRAMID,Flagship,Central,Selangor,Subang Jaya,Mall Kiosk,Kiosk,"Lot F1.99, First Floor, Sunway Pyramid Phase 2, No.3, Jln PJS 11/15, Bandar Sunway, 46150 Petaling Jaya, Selangor",,
,,,,,,,MVD26-00011,,"14"" Non touch LCD",1080X1920,MVD26-00011,Assigned,,,,2,32,Built In,WiFi ,Kiosk,,,Sunway Pyramid MC-EN 04 - DPOP 02,EN,n/a,,,,,,,Sunway Pyramid,MAXIS CENTRE SUNWAY PYRAMID,Flagship,Central,Selangor,Subang Jaya,Mall Kiosk,Kiosk,"Lot F1.99, First Floor, Sunway Pyramid Phase 2, No.3, Jln PJS 11/15, Bandar Sunway, 46150 Petaling Jaya, Selangor",,
406,68,224,5,8,14,12,MVD25-00224,n/a,n/a,n/a,MMP25-00224,Assigned,,n/a,n/a,0,0,n/a,n/a,n/a,n/a,n/a,not installed - extra license,EN,n/a,n/a,,,,,,Sunway Pyramid,MAXIS CENTRE SUNWAY PYRAMID,Flagship,Central,Selangor,Subang Jaya,Mall,Kiosk,"Lot F1.99, First Floor, Sunway Pyramid Phase 2, No.3, Jln PJS 11/15, Bandar Sunway, 46150 Petaling Jaya, Selangor",Thaneskumaran A/L Munian,60122000978
407,68,225,5,8,14,13,MVD25-00225,n/a,n/a,n/a,MMP25-00225,Assigned,,n/a,n/a,0,0,n/a,n/a,n/a,n/a,n/a,not installed - extra license,EN,n/a,n/a,,,,,,Sunway Pyramid,MAXIS CENTRE SUNWAY PYRAMID,Flagship,Central,Selangor,Subang Jaya,Mall,Kiosk,"Lot F1.99, First Floor, Sunway Pyramid Phase 2, No.3, Jln PJS 11/15, Bandar Sunway, 46150 Petaling Jaya, Selangor",Thaneskumaran A/L Munian,60122000978
408,68,226,5,8,14,14,MVD25-00226,n/a,n/a,n/a,MMP25-00226,Assigned,,n/a,n/a,0,0,n/a,n/a,n/a,n/a,n/a,not installed - extra license,EN,n/a,n/a,,,,,,Sunway Pyramid,MAXIS CENTRE SUNWAY PYRAMID,Flagship,Central,Selangor,Subang Jaya,Mall,Kiosk,"Lot F1.99, First Floor, Sunway Pyramid Phase 2, No.3, Jln PJS 11/15, Bandar Sunway, 46150 Petaling Jaya, Selangor",Thaneskumaran A/L Munian,60122000978
544,67,212,5,8,2,2,MVD25-00212,Sharp,"50""",1920x1080,MMP25-00212,Disposed,,HP,i5-4,4,1000,DP-HDMI,Wifi,Postpaid,,250,Subang Parade MEP-EN 2 - Postpaid P1,EN,1954675281,cl1ck1x123,,P1,,,adam,Subang Parade,COMPU-COMM HOLDINGS SDN BHD,MEP,Central,Selangor,Subang Jaya,Mall,Kiosk,"GC07, GROUND FLOOR, JALAN KEMAJUAN SUBANG, SS 16, 47500 SUBANG JAYA, SELANGOR.",LAO HOCK HWA,60126217579
195,69,228,5,8,2,2,MVD25-00228,Samsung,"65""",1920x1080,MMP25-00228,Assigned,,Dell,i3-6,8,250,DP-HDMI,Wifi,Fibre/Demo TV,,403,Giant Putra Height MEP-EN 2 - Demo TV,EN,1767751215,cl1ck1x123,,Demo TV,,screen dark spot,adam,Giant Putra Heights,SUCCESS COMMUNICATION CELLULAR,MEP,Central,Selangor,Subang Jaya,Mall,Shop,"F05, GIANT HYPERMARKET PUTRA HEIGHTS, NO.3 PERSIARAN PUTRA PERDANA, PUTRA HEIGHTS, 47650 SUBANG JAYA, SELANGOR.",Kah Way,60162300170
194,69,227,5,8,2,1,MVD25-00227,Philips,"65""",1080x1920,MMP25-00227,Assigned,,HP,i5-6,8,250,DP-HDMI,Wifi,Store Front,,402,Giant Putra Height MEP-EN 1 - P1 (Postpaid),EN,1621157716,cl1ck1x123,,P1,,,adam,Giant Putra Heights,SUCCESS COMMUNICATION CELLULAR,MEP,Central,Selangor,Subang Jaya,Mall,Shop,"F05, GIANT HYPERMARKET PUTRA HEIGHTS, NO.3 PERSIARAN PUTRA PERDANA, PUTRA HEIGHTS, 47650 SUBANG JAYA, SELANGOR.",Kah Way,60162300170
376,70,229,6,9,1,1,MVD25-00229,Sharp,"40""",1920x1080,MMP25-00229,Assigned,,HP,i5-4,4,500,DP-HDMI,LAN,Postpaid,Left - 1,237,Medan Sg Besar MEP-EN,EN,1829462967,cl1ck1x123,,P1,,bluish,adam,Medan Sungai Besar,CHAU LENG ENTERPRISE,MEP,Central,Selangor,Kuala Selangor,High Street,Shop,"NO. 1621, MEDAN SG BESAR, 45300 SG BESAR, SELANGOR.",CHAU LEANG,60122199909
364,72,231,6,9,3,1,MVD25-00231,Sharp,"50""",1080x1920,MMP25-00231,Assigned,,GIgabyte,Pentium G2,4,500,HDMI,LAN,Store Front,,399,Lotus Puncak Alam MEP-BM 1 - SF,BM,1048334507,cl1c1kx123,,P1,,,adam,Lotus's Puncak Alam,SMART LINK MOBILE SOLUTIONS SDN BHD,MEP,Central,Selangor,Puncak Alam,Mall,Shop,"OL-G15, LOTUS'S PUNCAK ALAM, PERSIARAN PUNCAK BESTARI 2, 42300 PUNCAK ALAM, SELANGOR.",KIAT,6.01154E+11
353,71,230,6,9,1,1,MVD25-00230,Sharp,"50""",1080x1920,MMP25-00230,Assigned,,HP,i5-4,4,500,DP-HDMI,LAN,Store Front,Single,239,Lotus K. Selangor MEP-BM,BM,1349492471,cl1ck1x123,,P1,,,adam,Lotus's K. Selangor,COMPU-COMM HOLDINGS SDN BHD,MEP,Central,Selangor,Kuala Selangor,Mall,Shop,"LOT 11, LOTUS'S KUALA SELANGOR, JALAN TIARA MEDAN NIAGA 1, 45000 KUALA SELANGOR, SELANGOR.",LAO HOCK HWA,60126217579
365,72,232,6,9,3,2,MVD25-00232,Philips,"55""",1080x1920,MMP25-00232,Assigned,,HP,i5-4,4,500,DP-HDMI,LAN,Hotlink,Left - 1,400,Lotus Puncak Alam MEP-BM 2 - P3 (Hotlink),BM,1220224096,cl1ck1x123,,P3,,,adam,Lotus's Puncak Alam,SMART LINK MOBILE SOLUTIONS SDN BHD,MEP,Central,Selangor,Puncak Alam,Mall,Shop,"OL-G15, LOTUS'S PUNCAK ALAM, PERSIARAN PUNCAK BESTARI 2, 42300 PUNCAK ALAM, SELANGOR.",KIAT,6.01154E+11
366,72,233,6,9,3,3,MVD25-00233,LG,"40""",1080x1920,MP2508-0108,Assigned,,NUC,Core 3 ,6,250,HDMI,LAN,Fibre,Back,401,Lotus Puncak Alam MEP-BM 3 - P2 (Back),BM,859191219,cl1ck1x123,,P2,,,adam,Lotus's Puncak Alam,SMART LINK MOBILE SOLUTIONS SDN BHD,MEP,Central,Selangor,Puncak Alam,Mall,Shop,"OL-G15, LOTUS'S PUNCAK ALAM, PERSIARAN PUNCAK BESTARI 2, 42300 PUNCAK ALAM, SELANGOR.",KIAT,6.01154E+11
217,45,141,4,6,3,3,MVD25-00141,Samsung,"65""",1920x1080,MMP25-00141,To be Disposed,36,HP,i5-4,4,250,DP-HDMI,LAN,Demo TV,,396,IOI Mall Puchong MEP-EN 3 - Demo TV,EN,107156935,cl1ck1x123,,Demo TV,,dark spot,adam,IOI Mall Puchong,GENTEL COMMUNICATION SDN BHD,MEP,Central,Selangor,Puchong,Mall,Shop,"S26, SECOND FLOOR, IOI MALL PUCHONG, JALAN PUCHONG, BANDAR PUCHONG JAYA, 47170 PUCHONG, SELANGOR.",KEN,60165532303
245,73,234,6,9,1,1,MVD25-00234,Sharp,"50""",1920x1080,MMP25-00234,Assigned,,HP,i5-3,4,240,DP-HDMI,LAN,,Single,244,"Jalan Maxwell, Rawang MEP-EN",EN,1578848173,cl1ck1x123,,P1 (Gardens Demo TV),,,irfan,Jalan Maxwell Rawang,SPEED POWER MOBILEWORLD SDN BHD,MEP,Central,Selangor,Rawang,High Street,Shop,"NO. 15, JALAN MAXWELL, 48000 RAWANG, SELANGOR.",HAN ,60126681234
513,31,107,3,4,3,2,MVD25-00107,LG,"55""",1920x1080,MMP25-00107,To be Disposed,37,HP,i5-4,4,1000,DP-HDMI,LAN,Fibre,Left - 2,80,Seremban MC-BM 2 - Demo TV,BM,1238989436,cl1ck1x123,,Demo TV,,,adam,Seremban,MAXIS CENTRE SEREMBAN,MC,Central,N. Sembilan,Seremban,High Street,Shop,"No 136, Jalan Tun Dr.Ismail, Seremban City Square, 70200 Seremban, Negeri Sembilan",Haryati Binti Hamidon ,60122049625
196,74,235,1,9,1,1,MVD25-00235,Philips,"40""",1920x1080,MMP25-00235,Assigned,,HP,i5-3,4,250,DP-HDMI,LAN,Postpaid,Left,591,"Gua Musang, Kelantan MEP-BM",BM,1210308607,cl1ck1x123,,P1,,,,"Gua Musang, Kelantan",GM TELESHOP & TRADING,MEP,East Coast,Kelantan,Gua Musang,High Street,Shop,"PT 8338, TAMAN WANGSA MEWANGI, BANDAR BARU GUA MUSANG, 18300 GUA MUSANG, KELANTAN.",HAZIM,60199378111
299,75,240,1,9,5,5,MVD25-00240,Sharp,"50""",1080x1920,MMP25-00240,Assigned,,HP,i5-4,4,500,DP-HDMI,LAN,Zerolution,Left,289,Kota Bahru MC-BM 5 - P1 (Zerolution),BM,1236198582,cl1ck1x123,,P1,,,,Kota Bahru,MAXIS CENTRE KOTA BAHRU,MC,East Coast,Kelantan,KB,High Street,Shop,"51 & 52 Jalan Kebun Sultan, 15000 Kota Bharu, Kelantan",Noor Malina Binti Ab Rahman,60179000711
637,3,,,,10,13,MVD25-00235,Sharp,"75""",1920x1080,MMP25-00605,Assigned,,Intel NUC,tbc,tbc,tbc,tbc,tbc,Vendor - Sharp,,406,TRX MC-EN 13 - Sharp (Vendor),EN,1322100498,cl1ck1x123,,previous label : #237,,non license / content tbc,adam,TRX, MAXIS CENTRE THE EXCHANGE TRX,MC,Central,KL,KL,Mall,0,"Lot C. 33.0, Concourse Level, The Exchange TRX, Persiaran TRX, Tun Razak Exchange, 55188 Kuala Lumpur",Madhura Marippan,60122000648
295,75,236,1,9,5,1,MVD25-00236,LG,"55""",1920x1080,MMP25-00236,Assigned,,Dell,i3-6,8,750,DP-HDMI,LAN,Fibre,Right -1 ,287,Kota Bahru MC-BM 1 - Demo TV,BM,1433273650,cl1ck1x123,,Demo TV,,,,Kota Bahru,MAXIS CENTRE KOTA BAHRU,MC,East Coast,Kelantan,KB,High Street,Shop,"51 & 52 Jalan Kebun Sultan, 15000 Kota Bharu, Kelantan",Noor Malina Binti Ab Rahman,60179000711
296,75,237,1,9,5,2,MVD25-00237,Sharp,"55""",1080x1920,MMP25-00237,Assigned,,Dell,i3-6,8,250,DP-HDMI,LAN,MIRA,Right - 2,288,Kota Bahru MC-BM 2 - MIRA,BM,1192731791,cl1ck1x123,,MIRA,,,,Kota Bahru,MAXIS CENTRE KOTA BAHRU,MC,East Coast,Kelantan,KB,High Street,Shop,"51 & 52 Jalan Kebun Sultan, 15000 Kota Bharu, Kelantan",Noor Malina Binti Ab Rahman,60179000711
297,75,238,1,9,5,3,MVD25-00238,Sharp,"40""",1280x720,MMP25-00238,Assigned,,Fujitsu,i5-1,4,500,DP-HDMI,LAN,Postpaid,Right - 3,290,Kota Bahru MC-BM 3 - P2 (Postpaid),BM,1172064467,cl1ck1x123,,P2,,,,Kota Bahru,MAXIS CENTRE KOTA BAHRU,MC,East Coast,Kelantan,KB,High Street,Shop,"51 & 52 Jalan Kebun Sultan, 15000 Kota Bharu, Kelantan",Noor Malina Binti Ab Rahman,60179000711
298,75,239,1,9,5,4,MVD25-00239,Sharp,"40""",1280x720,MMP25-00239,Assigned,,Fujitsu,i5-1,4,500,DP-HDMI,LAN,Hotlink,Back,291,Kota Bahru MC-BM 4 - P3 (Hotlink),BM,1854432117,cl1ck1x123,,P3,,,,Kota Bahru,MAXIS CENTRE KOTA BAHRU,MC,East Coast,Kelantan,KB,High Street,Shop,"51 & 52 Jalan Kebun Sultan, 15000 Kota Bharu, Kelantan",Noor Malina Binti Ab Rahman,60179000711
251,99,290,1,12,1,1,MVD25-00290,Sharp,"40""",1920x1080,MMP25-00290,To be Disposed,38,HP,i5-3,4,230,DP-HDMI,LAN,Postpaid,Single,451,"Jalan Tupai, Taiping MEP-EN",EN,1859744243,cl1ck1x123,,P1,,network,adam,Jalan Tupai Taiping,FIVE STAR MOBILE SDN BHD,MEP,Northern,Perak,Taiping,High Street,Shop,"NO. 76C TINGKAT BAWAH, JALAN TUPAI, 34000 TAIPING, PERAK.",AZIDZUL ,60124713466
269,76,241,1,9,2,1,MVD25-00241,LG,"88""",1768x1024,MMP25-00242,Assigned,,Intel NUC,i3-13,8,250,HDMI,Wifi,Store Front,SF,348,KB Mall MC-BM 1 - SF,BM,1391722563,cl1ck1x123,,P1,,,,KB Mall,MAXIS CENTRE KB MALL,MC,East Coast,Kelantan,KB,Mall,Shop,"Lot G-32, Ground Floor, KB Mall, No. 1, Jalan Hamzah, 15050 Kota Bharu, Kelantan. ",Tg Zuraifah Binti Tuan Yaacob,60179000311
307,92,272,2,11,4,1,MVD25-00272,Sharp,"40""",1920x1080,MMP25-00272,To be Disposed,39,HP,i5-4,4,500,DP-HDMI,LAN,Hotlink,Left,205,Kuala T'ganu MC-BM 1 - P3 (Hotlink),BM,1627856488,cl1ck1x123,,P3,,,,Kuala Terengganu,MAXIS CENTRE KUALA TERENGGANU,MC,East Coast,Terengganu,Kuala Terengganu,High Street,Shop,"A1-A2, Jalan Batas Baru, 20300, Kuala Terengganu, Terengganu",Dzulkiflie B Ghazali,60172865104
34,77,243,1,9,3,1,MVD25-00243,Samsung,"65""",1080x1920,MMP25-00243,Assigned,,HP,i5-2,4,250,DP-HDMI,LAN,MIRA,Left,200,AEON Kota Bahru MC-BM 3 - MIRA,BM,962627371,cl1ck1x123,,MIRA,,,,AEON Kota Bahru,MAXIS CENTRE AEON KOTA BHARU,MC,East Coast,Kelantan,KB,Mall,Shop,"Lot S09 Level 2, Maxis Aeon Mall Kota Bharu, Lembah Sireh, Jalan Jambatan Sultan Yahya Petra, 15050 Kota Bharu, Kelantan",Mohd Hisham Bin Rahim ,60179000377
271,,,,,,,MVD25-00242,Samsung,"65""",1920x1080,MP2504-0017,Assigned,,Intel NUC,i3-13,8,250,HDMI,Wifi,Fibre,Right,349,KB Mall MC-BM 2 - Demo TV,BM,1274945939,cl1ck1x123,,Demo TV,,,,KB Mall,MAXIS CENTRE KB MALL,MC,East Coast,Kelantan,KB,Mall,Shop,"Lot G-32, Ground Floor, KB Mall, No. 1, Jalan Hamzah, 15050 Kota Bharu, Kelantan. ",Tg Zuraifah Binti Tuan Yaacob,60179000311
32,77,244,1,9,3,2,MVD25-00244,LG,"55""",1920x1080,MMP25-00244,Disposed,,HP,i5-4,4,500,DP-HDMI,LAN,Fibre,Right -1 ,199,AEON Kota Bahru MC-BM 2 - Demo TV,BM,1362178661,cl1ck1x123,,Demo TV,,,,AEON Kota Bahru,MAXIS CENTRE AEON KOTA BHARU,MC,East Coast,Kelantan,KB,Mall,Shop,"Lot S09 Level 2, Maxis Aeon Mall Kota Bharu, Lembah Sireh, Jalan Jambatan Sultan Yahya Petra, 15050 Kota Bharu, Kelantan",Mohd Hisham Bin Rahim ,60179000377
31,77,245,1,9,3,3,MVD25-00245,Sharp,"50""",1920x1080,MMP25-00245,Assigned,,HP,i5-4,4,500,DP-HDMI,LAN,Hotlink,Right,198,AEON Kota Bahru MC-BM 1 - P1 (Hotlink),BM,1003234799,cl1ck1x123,,P1,,,,AEON Kota Bahru,MAXIS CENTRE AEON KOTA BHARU,MC,East Coast,Kelantan,KB,Mall,Shop,"Lot S09 Level 2, Maxis Aeon Mall Kota Bharu, Lembah Sireh, Jalan Jambatan Sultan Yahya Petra, 15050 Kota Bharu, Kelantan",Mohd Hisham Bin Rahim ,60179000377
33,,,,,,,MVD25-00244,LG,"55""",1920x1080,MP2504-0018,Assigned,,Intel NUC,i3-13,8,250,HDMI,LAN,Fibre,Right -1 ,199,AEON Kota Bahru MC-BM 2 - Demo TV,BM,1849784483,cl1ck1x123,,Demo TV,,,,AEON Kota Bahru,MAXIS CENTRE AEON KOTA BHARU,MC,East Coast,Kelantan,KB,Mall,Shop,"Lot S09 Level 2, Maxis Aeon Mall Kota Bharu, Lembah Sireh, Jalan Jambatan Sultan Yahya Petra, 15050 Kota Bharu, Kelantan",Mohd Hisham Bin Rahim ,60179000377
600,80,248,1,9,1,1,MVD25-00248,Philips,"40""",1920x1080,MMP25-00248,Assigned,,HP,i5-3,4,250,DP-HDMI,LAN,Postpaid,Left,586,Tanah Merah MEP-BM,BM,1514596493,cl1ck1x123,,P1,,,,Tanah Merah,FONPOINT ENTERPRISE,MEP,East Coast,Kelantan,Tanah Merah,High Street,Shop,"PT 632 KOMPLEKS PERNIAGAAN HUMAIRA, JALAN HUMAIRA 1, 17500 TANAH MERAH, KELANTAN.",SHERINE POH,60129857149
317,78,246,1,9,1,1,MVD25-00246,Philips,"40""",1920x1080,MMP25-00246,Assigned,,Dell,i3-6,8,250,DP-HDMI,LAN,Postpaid,Right,587,Kubang Kerian MEP-BM,BM,1696563783,cl1ck1x123,,P1,,,,Kubang Kerian,FONPOINT ENTERPRISE,MEP,East Coast,Kelantan,Kubang Kerian,High Street,Shop,"PT 820 JALAN SULTAN YAHYA PETRA, BANDAR KUBANG KERIAN, 16100 KOTA BHARU, KELANTAN.",SHERINE POH,60129857149
443,79,247,1,9,1,1,MVD25-00247,Sharp,"40""",1920x1080,MMP25-00247,Assigned,,Lenovo,i5-9,8,1200,DP-HDMI,LAN,Postpaid,Right,588,"Pengkalan Chepa, KB MEP-BM",BM,1097567916,cl1ck1x123,,P1,,,,"Pengkalan Chepa, Kota Bharu",FONPOINT ENTERPRISE,MEP,East Coast,Kelantan,Pengkalan Chepa,High Street,Shop,"PT 389, SEKSYEN 12, JALAN PENGKALAN CHEPA, 15400 KOTA BHARU, KELANTAN.",SHERINE POH,60129857149
250,81,249,3,10,1,1,MVD25-00249,Sharp,"50""",1080x1920,MMP25-00249,Assigned,,HP,i5-4,4,500,DP-HDMI,LAN,Zerolution,Right,593,"Jalan Tun Ismail, Kuantan MEP-BM",BM,12827082301,cl1ck1x123,,P1,,,,"Jalan Tun Ismail, Kuantan",SPEED COMMUNICATIONS CENTRE,MEP,East Coast,Pahang,Kuantan,High Street,Shop,"NO. 12, JALAN TUN ISMAIL, 25000 KUANTAN, PAHANG.",LEONG,60122432100
240,82,250,3,10,1,1,MVD25-00250,Sharp,"40""",1920x1080,MMP25-00250,Assigned,,HP,i5-4,4,500,DP-HDMI,LAN,Postpaid,Right,594,"Jalan Berserah, Kuantan MEP-BM",BM,1186663814,cl1ck1x123,,P1,,,,"Jalan Berserah, Kuantan",SPEED COMMUNICATIONS CENTRE,MEP,East Coast,Pahang,Kuantan,High Street,Shop,"NO. B318, JALAN BERSERAH, 25300 KUANTAN, PAHANG.",LEONG,60122432100
316,83,251,3,10,5,1,MVD25-00251,LG,"55""",1920x1080,MMP25-00251,Assigned,,HP,i5-4,4,500,DP-HDMI,LAN,Fibre,Left,146,Kuantan MC-BM 5 - Demo TV,BM,1689175456,cl1ck1x123,,Demo TV,,,,Kuantan ,MAXIS CENTRE KUANTAN - PAHANG,MC,East Coast,Pahang,Kuantan,Mall,Shop,"Lot L1-25, Level 1, Kuantan City Mall, Jalan Putra Square 6, Putra Square, 25300 Kuantan , Pahang D M",Nor Mazura Mat Jusoh,60129000026
314,83,253,3,10,5,3,MVD25-00253,Philips,"50""",1920x1080,MMP25-00253,Assigned,,HP,i5-4,4,500,DP-HDMI,LAN,Hotlink,Back,143,Kuantan MC-BM 3 - P3 (Hotlink),BM,1120451486,cl1ck1x123,,P3,,,,Kuantan ,MAXIS CENTRE KUANTAN - PAHANG,MC,East Coast,Pahang,Kuantan,Mall,Shop,"Lot L1-25, Level 1, Kuantan City Mall, Jalan Putra Square 6, Putra Square, 25300 Kuantan , Pahang D M",Nor Mazura Mat Jusoh,60129000026
315,83,252,3,10,5,2,MVD25-00252,LED,tbc,1280x720,MMP25-00252,Assigned,,Dell,i3-6,8,250,DP-HDMI,LAN,Zerolution,Back -1,144,Kuantan MC-BM 4 - P2 (LED),BM,1950278416,cl1c1x123,,P2,,,,Kuantan ,MAXIS CENTRE KUANTAN - PAHANG,MC,East Coast,Pahang,Kuantan,Mall,Shop,"Lot L1-25, Level 1, Kuantan City Mall, Jalan Putra Square 6, Putra Square, 25300 Kuantan , Pahang D M",Nor Mazura Mat Jusoh,60129000026
313,83,254,3,10,5,4,MVD25-00254,Sharp,"40""",1080x1920,MMP25-00254,Disposed,,HP,i3-6,8,250,DP-HDMI,LAN,MIRA,Back - Pillar,145,Kuantan MC-BM 2 - MIRA,BM,1326257778,cl1ck1x123,,MIRA,,,,Kuantan ,MAXIS CENTRE KUANTAN - PAHANG,MC,East Coast,Pahang,Kuantan,Mall,Shop,"Lot L1-25, Level 1, Kuantan City Mall, Jalan Putra Square 6, Putra Square, 25300 Kuantan , Pahang D M",Nor Mazura Mat Jusoh,60129000026
313,83,254,3,10,5,4,MVD25-00381,Sharp,"40""",1080x1920,MMP25-00254,Assigned,,HP,i3-6,8,250,DP-HDMI,LAN,MIRA,Back - Pillar,145,Kuantan MC-BM 2 - MIRA,BM,1326257778,cl1ck1x123,,MIRA,,,,Kuantan ,MAXIS CENTRE KUANTAN - PAHANG,MC,East Coast,Pahang,Kuantan,Mall,Shop,"Lot L1-25, Level 1, Kuantan City Mall, Jalan Putra Square 6, Putra Square, 25300 Kuantan , Pahang D M",Nor Mazura Mat Jusoh,60129000026
311,83,255,3,10,5,5,MVD25-00255,Samsung,"55""",1080x1920,MMP25-00255,Disposed,,HP,i5-4,4,500,DP-HDMI,LAN,Store Front,sf,142,Kuantan MC-BM 1 - SF,BM,1976167743,cl1ck1x123,,P1,,,,Kuantan ,MAXIS CENTRE KUANTAN - PAHANG,MC,East Coast,Pahang,Kuantan,Mall,Shop,"Lot L1-25, Level 1, Kuantan City Mall, Jalan Putra Square 6, Putra Square, 25300 Kuantan , Pahang D M",Nor Mazura Mat Jusoh,60129000026
168,84,257,3,10,5,2,MVD25-00257,Samsung,"40""",1920x1080,MMP25-00257,Assigned,,HP,i5-2,4,250,DP-HDMI,LAN,Postpaid,Left,597,East Coast Mall MEP-BM 2 - P2 (Postpaid),BM,1831740404,cl1ck1x123,,P2,,,,East Coast Mall,H LINK TELECOMMUNICATION SDN BHD,MEP,East Coast,Pahang,Kuantan,Mall,Shop,"NO. L3-09, EAST COST MALL, JALAN PUTRA SQUARE 6, PUTRA SQUARE KUANTAN, 25200 KUANTAN, PAHANG.",FAUZI RIZAL BIN BAKI,60179880885
312,,,,,,,MVD25-00255,Samsung,"55""",1080x1920,MP2504-0016,Assigned,,Intel NUC,i3-13,8,250,HDMI,LAN,Store Front,sf,142,Kuantan MC-BM 1 - SF,BM,1377023950,cl1ck1x123,,P1,,,,Kuantan ,MAXIS CENTRE KUANTAN - PAHANG,MC,East Coast,Pahang,Kuantan,Mall,Shop,"Lot L1-25, Level 1, Kuantan City Mall, Jalan Putra Square 6, Putra Square, 25300 Kuantan , Pahang D M",Nor Mazura Mat Jusoh,60129000026
167,84,256,3,10,5,1,MVD25-00256,Philips,"50""",1080x1920,MMP25-00256,Assigned,,Intel NUC,i5-11,8,250,HDMI,Wifi,Fibre,SF,595,East Coast Mall MEP-BM 1 - SF (Fibre),BM,1577956028,cl1ck1x123,,P1,,,,East Coast Mall,H LINK TELECOMMUNICATION SDN BHD,MEP,East Coast,Pahang,Kuantan,Mall,Shop,"NO. L3-09, EAST COST MALL, JALAN PUTRA SQUARE 6, PUTRA SQUARE KUANTAN, 25200 KUANTAN, PAHANG.",FAUZI RIZAL BIN BAKI,60179880885
167,84,256,3,10,5,1,MVD25-00256,Philips,"50""",1080x1920,MP2512-0162,Assigned,,Intel NUC,Core 3,8,250,HDMI,Wifi,Fibre,SF,595,East Coast Mall MEP-BM 1 - SF (Fibre),BM,1339735617,cl1ck1x123,,P1,,,,East Coast Mall,H LINK TELECOMMUNICATION SDN BHD,MEP,East Coast,Pahang,Kuantan,Mall,Shop,"NO. L3-09, EAST COST MALL, JALAN PUTRA SQUARE 6, PUTRA SQUARE KUANTAN, 25200 KUANTAN, PAHANG.",FAUZI RIZAL BIN BAKI,60179880885
169,84,258,3,10,5,3,MVD25-00258,Philips,"50""",1080x1920,MMP25-00258,Assigned,,HP,i5-4,4,500,DP-HDMI,LAN,Fibre,Back,596,East Coast Mall MEP-BM 3 - P2 (Fibre),BM,1556706033,cl1ck1x123,,P2,,,,East Coast Mall,H LINK TELECOMMUNICATION SDN BHD,MEP,East Coast,Pahang,Kuantan,Mall,Shop,"NO. L3-09, EAST COST MALL, JALAN PUTRA SQUARE 6, PUTRA SQUARE KUANTAN, 25200 KUANTAN, PAHANG.",FAUZI RIZAL BIN BAKI,60179880885
347,85,261,3,10,2,1,MVD25-00261,Sharp,"55""",1080x1920,MMP25-00261,Assigned,,HP,i5-4,4,500,DP-HDMI,LAN,Postpaid,Left - 1,589,Lotus Indera Mahkota MEP-BM 1 - P1 (Postpaid),BM,1176324753,cl1ck1x123,,P1,,,,Lotus's Indera Mahkota,DW SUPERLINK TELECOMMUNICATION,MEP,East Coast,Pahang,Kuantan,Mall,Shop,"LOT G15, GROUND FLOOR, LOTUS'S INDERA MAHKOTA,  25200 KUANTAN, PAHANG.",VINCENT TEE,60193555539
170,84,259,3,10,5,4,MVD25-00259,Sharp,"55""",1080x1920,MMP25-00259,Disposed,,GIgabyte,i3-3,4,500,DP-HDMI,LAN,Hotlink,Right,598,East Coast Mall MEP-BM 4 - P3 (Hotlink),BM,1691199830,cl1ck1x123,,P3,,,,East Coast Mall,H LINK TELECOMMUNICATION SDN BHD,MEP,East Coast,Pahang,Kuantan,Mall,Shop,"NO. L3-09, EAST COST MALL, JALAN PUTRA SQUARE 6, PUTRA SQUARE KUANTAN, 25200 KUANTAN, PAHANG.",FAUZI RIZAL BIN BAKI,60179880885
171,84,259,3,10,5,4,MVD25-00259,Sharp,"55""",1080x1920,MP2507-0063,Assigned,,NUC,Core 3,8,250,DP-HDMI,LAN,Hotlink,Right,598,East Coast Mall MEP-BM 4 - P3 (Hotlink),BM,1969235996,cl1ck1x123,,P3,,,,East Coast Mall,H LINK TELECOMMUNICATION SDN BHD,MEP,East Coast,Pahang,Kuantan,Mall,Shop,"NO. L3-09, EAST COST MALL, JALAN PUTRA SQUARE 6, PUTRA SQUARE KUANTAN, 25200 KUANTAN, PAHANG.",FAUZI RIZAL BIN BAKI,60179880885
172,84,260,3,10,5,5,MVD25-00260,Sharp,"50""",1080x1920,MMP25-00260,Assigned,,Dell,i3-6,8,250,HDMI,LAN,Zerolution,SF - Right,599,East Coast Mall MEP-BM 5 - P1 (SF-R),BM,1839809326,cl1ck1x123,,P1,,,,East Coast Mall,H LINK TELECOMMUNICATION SDN BHD,MEP,East Coast,Pahang,Kuantan,Mall,Shop,"NO. L3-09, EAST COST MALL, JALAN PUTRA SQUARE 6, PUTRA SQUARE KUANTAN, 25200 KUANTAN, PAHANG.",FAUZI RIZAL BIN BAKI,60179880885
348,85,262,3,10,2,2,MVD25-00262,Samsung,"65""",1920x1080,MMP25-00262,Assigned,,HP,i5-2,4,500,DP-HDMI,LAN,Fibre,Left - 2,590,Lotus Indera Mahkota MEP-BM 2 - Demo TV,BM,1194804954,cl1ck1x123,,Demo TV,,,,Lotus's Indera Mahkota,DW SUPERLINK TELECOMMUNICATION,MEP,East Coast,Pahang,Kuantan,Mall,Shop,"LOT G15, GROUND FLOOR, LOTUS'S INDERA MAHKOTA,  25200 KUANTAN, PAHANG.",VINCENT TEE,60193555539
206,86,263,3,10,3,1,MVD25-00263,Sharp,"55""",1080x1920,MMP25-00263,Assigned,,HP,i5-3,4,250,DP-HDMI,LAN,MIRA,Left - 1,301,"Indera Mahkota, Kuantan MC-BM 1 - MIRA",BM,814531420,cl1ck1x123,,MIRA,,,,Indera Mahkota,MAXIS CENTRE INDERA MAHKOTA,MC,East Coast,Pahang,Kuantan,Mall,Shop,"A-47, Level G, Lorong IM 3/19,  Indera Mahkota , 25200, Kuantan, Pahang Darul Makmur",Angie Ng,60179000511
207,86,264,3,10,3,2,MVD25-00264,Philips,"55""",1920x1080,MMP25-00264,Assigned,,HP,i5-6,8,250,HDMI,LAN,Zerolution,Left - 2,302,"Indera Mahkota, Kuantan MC-BM 2 - P1 (Zerolution)",BM,149269246,cl1ck1x123,,P1,,,,Indera Mahkota,MAXIS CENTRE INDERA MAHKOTA,MC,East Coast,Pahang,Kuantan,Mall,Shop,"A-47, Level G, Lorong IM 3/19,  Indera Mahkota , 25200, Kuantan, Pahang Darul Makmur",Angie Ng,60179000511
208,86,265,3,10,3,3,MVD25-00265,Samsung,"65""",1920x1080,MMP25-00265,Assigned,,HP,i5-4,4,250,DP-HDMI,Wifi,Fibre,Right -1 ,303,"Indera Mahkota, Kuantan MC-BM 3 - Demo TV",BM,1145181147,cl1ck1z123,,Demo TV,,,,Indera Mahkota,MAXIS CENTRE INDERA MAHKOTA,MC,East Coast,Pahang,Kuantan,Mall,Shop,"A-47, Level G, Lorong IM 3/19,  Indera Mahkota , 25200, Kuantan, Pahang Darul Makmur",Angie Ng,60179000511
,,,,,,,MVD25-00265,Sharp,"65""",1920x1080,MP2512-0161,Assigned,,Intel NUC,,8,250,HDMI,WiFi,Accessories,Right,191,All Seasons MC-EN 7 - P2 (Accessories),EN,1588057627,,,P2,,,Aiman,All Seasons,MAXIS CENTRE ALL SEASONS PLACE,MC,Northern,Penang,Island,High Street,Shop,"Lot No. 6H-1-17, Level 1, All Seasons Place, Lebuhraya Thean Teik, Bandar Baru Air Itam, 11500 Penang.",NUR EZZATI BINTI MAT AJI,60135176069
489,89,268,1,11,1,1,MVD25-00268,Sharp,"50""",1920x1080,MMP25-00268,Assigned,,HP,i5-3,4,250,DP-HDMI,Wifi,Postpaid,Right -1 ,584,"Raub, Pahang MEP-BM",BM,1411755818,cl1ck1x123,,P1,,,,Raub Pahang,AESTECH MARKETING SDN BHD,MEP,East Coast,Pahang,Raub,High Street,Shop,"NO. 48, JALAN TUN RAZAK, 27600 RAUB, PAHANG.",RICHARD TAN,60179550000
383,87,266,3,10,1,1,MVD25-00266,Sharp,"40""",1920x1080,MMP25-00266,Assigned,,Dell,i3-6,8,700,DP-HDMI,Wifi,Postpaid,Left - 1,592,"Mentakab, Pahang MEP-BM",BM,1860072354,cl1ck1x123,,P1,,,,Mentakab Pahang,ICE LOW TRADING,MEP,East Coast,Pahang,Mentakab,High Street,Shop,"NO. 6, JALAN HAJI KASSIM, 28400 MENTAKAB, PAHANG.",ICE LOW,60179835555
605,88,267,3,10,1,1,MVD25-00267,Sharp,"45""",1366x768,MMP25-00267,Assigned,,Dell,i5-2,4,500,DP-HDMI,Wifi,Postpaid,Left - 1,585,Temerloh MEP-BM,BM,1290140321,cl1ck1x123,,P1,,,,Temerloh,CONTACT ONE CELLULAR,MEP,East Coast,Pahang,Temerloh,High Street,Shop,"NO. 49, JLN AHMAD SHAH 1 LURAH TEMERLOH, 28000 TEMERLOH, PAHANG.",IVY KIEW,60122229922
310,92,275,2,11,4,4,MVD25-00275,Sharp,"50""",1080x1920,MMP25-00275,Assigned,,HP,i5-4,tbc,500,HDMI,LAN,Postpaid,Right -1 ,208,Kuala T'ganu MC-BM 4 - MIRA,BM,1869194127,cl1ck1x123,,MIRA,,,,Kuala Terengganu,MAXIS CENTRE KUALA TERENGGANU,MC,East Coast,Terengganu,Kuala Terengganu,High Street,Shop,"A1-A2, Jalan Batas Baru, 20300, Kuala Terengganu, Terengganu",Dzulkiflie B Ghazali,60172865104
45,15,63,1,2,3,3,MVD25-00063,Sharp,"65""",1920x1080,MMP25-00063,To be Disposed,40,GIgabyte,i3-3,4,250,HDMI,LAN,Zerolution,,229,AEON Maluri MEP-EN 3 - Zerolution,EN,1561010879,cl1ck1x123,,Demo TV,,,adam,AEON Maluri,C TWO GADGET SDN BHD,MEP,Central,KL,KL,Mall,Shop,"G18 & 18A, GROUND LEVEL, AEON STYLE TAMAN MALURI, JALAN JEJAKA, TAMAN MALURI, 55100 CHERAS, WP-KUALA LUMPUR.",DENNIS GOH YONG ZHEN,60123313219
576,4,22,1,1,4,3,MVD25-00022,LG,"75""",1920x1080,MMP25-00022,To be Disposed,41,GIgabyte,Pentium G2,4,350,HDMI,LAN,Demo TV,,67,Sunway Velocity MC-EN 3 - Demo TV,EN,772809616,cl1ck1x123,,Demo TV,,,adam,Sunway Velocity,MAXIS CENTRE SUNWAY VELOCITY,MC,Central,KL,KL,Mall,0,"Lot 1-17, Sunway Velocity Shopping Mall, Lingkaran SV, Jalan Peel, 55100 Kuala Lumpur ",Martin ,60123750013
15,116,330,3,14,6,6,MVD25-00330,Generic,"40""",1920x1080,MMP25-00330,To be Disposed,42,HP,i5-4,4,500,DP-HDMI,LAN,,Back,322,AEON Bkt Mertajam MC-EN 6 - P1 (Back),EN,1439341833,cl1ck1x123,,P1,,,adam,Aeon Bkt Mertajam,MAXIS CENTRE BUKIT MERTAJAM,MC,Northern,Penang,Bukit Mertajam,Mall,Shop,"Lot S47 & S48, 2nd Floor, AEON Bukit Mertajam, Lot No. 30908, Jalan Rozhan Alma, 14000 Bukit Mertajam, Pulau Pinang",Sasha Kumaresen ,60175000464
111,21,75,1,2,6,1,MVD25-00075,Sharp,"55""",1080x1920,MMP25-00075,To be Disposed,43,HP,i5-4,4,500,DP-HDMI,LAN,,,107,Ampang Point MC-BM 4 - MIRA,BM,1948109545,cl1ck1x123,,MIRA,,,adam,Ampang Point,MAXIS CENTRE AMPANG POINT,MC,Central,Selangor,Ampang,High Street,Shop,"90, Lorong Mamanda 1, Ampang Point, Taman Dato Ahmad Razali 68000 Ampang Selangor.",Shafizul Hakim Bin Jamil,60122488965
308,92,273,2,11,4,2,MVD25-00273,Sharp,"40""",1920x1080,MMP25-00273,Disposed,,GIgabyte,i3-3,4,tbc,HDMI,LAN,Postpaid,Left - Back,206,Kuala T'ganu MC-BM 2 - P2 (Postpaid),BM,1822558503,cl1ck1x123,,P2,,,,Kuala Terengganu,MAXIS CENTRE KUALA TERENGGANU,MC,East Coast,Terengganu,Kuala Terengganu,High Street,Shop,"A1-A2, Jalan Batas Baru, 20300, Kuala Terengganu, Terengganu",Dzulkiflie B Ghazali,60172865104
308,92,273,2,11,4,2,MVD25-00273,Sharp,"40""",1920x1080,MP2601-0007,Assigned,,NUC,Core 3,8,tbc,HDMI,Wifi,Postpaid,Left - Back,206,Kuala T'ganu MC-BM 2 - P2 (Postpaid),BM,1249629558,cl1ck1x123,,P2,,,,Kuala Terengganu,MAXIS CENTRE KUALA TERENGGANU,MC,East Coast,Terengganu,Kuala Terengganu,High Street,Shop,"A1-A2, Jalan Batas Baru, 20300, Kuala Terengganu, Terengganu",Dzulkiflie B Ghazali,60172865104
309,92,274,2,11,4,3,MVD25-00274,LG,"55""",1920x1080,MMP25-00274,Assigned,,Fujitsu,i5-1,4,500,VGA-HDMI,LAN,Fibre,Right - 2,207,Kuala T'ganu MC-BM 3 - Demo TV,BM,1461645225,cl1ck1x123,,Demo TV,,,,Kuala Terengganu,MAXIS CENTRE KUALA TERENGGANU,MC,East Coast,Terengganu,Kuala Terengganu,High Street,Shop,"A1-A2, Jalan Batas Baru, 20300, Kuala Terengganu, Terengganu",Dzulkiflie B Ghazali,60172865104
302,93,278,2,11,3,3,MVD25-00278,LG,"55""",1920x1080,MMP25-00278,Assigned,,HP,i5-4,4,950,DP-HDMI,Wifi,Fibre,Left,175,KTCC MC-BM 1 - Demo TV,BM,1100313224,cl1ck1x123,,Demo TV,,,,KTCC,MAXIS CENTRE KTCC,MC,East Coast,Terengganu,Kuala Terengganu,Mall,Shop,"Lot G-41, Ground Floor, KTCC Mall, Muara Selatan, 20000 Kuala Terengganu, Terengganu",Dzulkiflie B Ghazali,60172865104
303,93,276,2,11,3,1,MVD25-00276,Philips,"50""",1080x1920,MMP25-00276,Assigned,,Intel NUC,i5-11,8,250,HDMI,LAN,Store Front,Standee,174,KTCC MC-BM 2 - SF,BM,1415851564,cl1ck1x123,,P1,,,,KTCC,MAXIS CENTRE KTCC,MC,East Coast,Terengganu,Kuala Terengganu,Mall,Shop,"Lot G-41, Ground Floor, KTCC Mall, Muara Selatan, 20000 Kuala Terengganu, Terengganu",Dzulkiflie B Ghazali,60172865104
304,93,277,2,11,3,2,MVD25-00277,Samsung,"65""",1080x1920,MMP25-00277,Assigned,,Dell,i3-6,8,250,HDMI,LAN,Meeting Point,Right - Back,173,KTCC MC-BM 3 - MIRA,BM,1009100464,cl1ck1x123,,MIRA,,,,KTCC,MAXIS CENTRE KTCC,MC,East Coast,Terengganu,Kuala Terengganu,Mall,Shop,"Lot G-41, Ground Floor, KTCC Mall, Muara Selatan, 20000 Kuala Terengganu, Terengganu",Dzulkiflie B Ghazali,60172865104
349,94,279,1,12,3,1,MVD25-00279,Sharp,"50""",1080x1920,MMP25-00279,Assigned,,HP,i5-4,4,470,DP-HDMI,LAN,Hotlink,SF - Right,504,Lotus Ipoh 2 MEP-EN 1 - P3 (Hotlink),EN,1376217890,cl1ck1x123,,P3,,,adam,Lotus's Ipoh 2,TRUE MOBILE (M) SDN BHD,MEP,Northern,Perak,Ipoh,Mall,Shop,"LOT G9, LOTUS'S IPOH, 2, JLN JAMBU, TAMAN TEH TENG SENG, 31400 IPOH, PERAK.",LOW WAI LEONG,60175855882
420,95,282,1,12,3,1,MVD25-00282,Philips,"50""",1080x1920,MMP25-00282,Assigned,,HP,i5-4,4,500,DP-HDMI,LAN,Postpaid,Left - 1,507,Octagon MEP-EN 1 - P1 (Postpaid),EN,1340528020,cl1ck1x123,,P1,,brightness,adam,Octagon Ipoh,TRUE MOBILE (M) SDN BHD,MEP,Northern,Perak,Ipoh,Mall,Shop,"L1-02, WISMA OCTAGON, JALAN RAJA EKRAM, 31450 IPOH, PERAK.",LOW WAI LEONG,60175855882
350,94,280,1,12,3,2,MVD25-00280,Philips,"50""",1080x1920,MMP25-00280,Assigned,,Intel NUC,i5-11,8,240,HDMI,Wifi,Zerolution,SF - Left,503,Lotus Ipoh 2 MEP-EN 2 - P1 (Zerolution),EN,1398136666,cl1ck1x123,,P1,,,adam,Lotus's Ipoh 2,TRUE MOBILE (M) SDN BHD,MEP,Northern,Perak,Ipoh,Mall,Shop,"LOT G9, LOTUS'S IPOH, 2, JLN JAMBU, TAMAN TEH TENG SENG, 31400 IPOH, PERAK.",LOW WAI LEONG,60175855882
351,94,281,1,12,3,3,MVD25-00281,Sharp,"40""",1920x1080,MMP25-00281,Assigned,,GIgabyte,i3-3,4,500,DP-HDMI,LAN,Postpaid,Left - 1,505,Lotus Ipoh 2 MEP-EN 3 - P2 (Postpaid),EN,1866536463,cl1ck1x123,,P2,,,adam,Lotus's Ipoh 2,TRUE MOBILE (M) SDN BHD,MEP,Northern,Perak,Ipoh,Mall,Shop,"LOT G9, LOTUS'S IPOH, 2, JLN JAMBU, TAMAN TEH TENG SENG, 31400 IPOH, PERAK.",LOW WAI LEONG,60175855882
421,95,283,1,12,3,2,MVD25-00283,Samsung,"65""",1920x1080,MMP25-00283,Assigned,,HP,i5-4,4,500,DP-HDMI,LAN,Zerolution,Left - 2,506,Octagon MEP-EN 2 - Demo TV,EN,1053431049,cl1ck1x123,,Demo TV,,,adam,Octagon Ipoh,TRUE MOBILE (M) SDN BHD,MEP,Northern,Perak,Ipoh,Mall,Shop,"L1-02, WISMA OCTAGON, JALAN RAJA EKRAM, 31450 IPOH, PERAK.",LOW WAI LEONG,60175855882
422,95,284,1,12,3,3,MVD25-00284,LG,"50""",1080x1920,MMP25-00284,Assigned,,HP,i5-4,4,470,DP-HDMI,Wifi,Hotlink,Right -1 ,508,Octagon MEP-EN 3 - P2 (Hotlink),EN,1538902751,cl1ck1x123,,P2,,,adam,Octagon Ipoh,TRUE MOBILE (M) SDN BHD,MEP,Northern,Perak,Ipoh,Mall,Shop,"L1-02, WISMA OCTAGON, JALAN RAJA EKRAM, 31450 IPOH, PERAK.",LOW WAI LEONG,60175855882
354,96,285,1,12,1,1,MVD25-00285,Philips,"40""",1920x1080,MMP25-00285,Assigned,,HP,i5-3,4,250,DP-HDMI,LAN,Postpaid,Right -1 ,443,Lotus Kampar MEP-EN,EN,1059359318,cl1ck1x123,,P1,,,,Lotus's Kampar,EXCLUSIVE TELECOMMUNICATION SDN BHD,MEP,Northern,Perak,Kampar,Mall,Shop,"G22 LOTUS'S KAMPAR, JALAN PERDANA, TAMAN PERDANA, 31900 KAMPAR, PERAK.",NORSYAMIMI,60174733904
69,98,288,1,12,3,2,MVD25-00288,Toshiba,"40""",1920x1080,MMP25-00288,Assigned,,HP,i5-3,4,250,DP-HDMI,LAN,Postpaid,Right - 2,354,AEON Sri Manjung MC-EN 2 - P2 (Postpaid),EN,665858813,cl1ck1x123,,P2,,,adam,Aeon Seri Manjung,MAXIS CENTRE AEON SERI MANJUNG,MC,Northern,Perak,Manjung,Mall,Shop,"Lot F17, AEON Mall Seri Manjung, Pusat Perniagaan Manjung Point 3, 32040 Seri Manjung, Perak",Syazwan Bin Zainal Abidin ,60195595675
305,97,286,1,12,1,1,MVD25-00286,Sharp,"40""",1920x1080,MMP25-00286,Assigned,,Dell,i5-2,4,470,DP-HDMI,Wifi,Postpaid,Single,434,Kuala Kangsar MEP-BM,BM,1206343695,cl1ck1x123,,P1,,,adam,Kuala Kangsar,D THREE MOBILE SDN BHD,MEP,Northern,Perak,Kuala Kangsar,High Street,Shop,"NO. 61, JALAN KUALA KANGSAR, 33000 KUALA KANGSAR, PERAK.",FELIX,60129410570
68,98,287,1,12,3,1,MVD25-00287,Samsung,"65""",1080x1920,MMP25-00287,Assigned,,Dell,i3-6,4,250,DP-HDMI,Wifi,Store Front,Right -1 ,353,AEON Sri Manjung MC-EN 1 - SF,EN,1614874149,cl1ck1x123,,P1,,bluish,adam,Aeon Seri Manjung,MAXIS CENTRE AEON SERI MANJUNG,MC,Northern,Perak,Manjung,Mall,Shop,"Lot F17, AEON Mall Seri Manjung, Pusat Perniagaan Manjung Point 3, 32040 Seri Manjung, Perak",Syazwan Bin Zainal Abidin ,60195595675
70,98,289,1,12,3,3,MVD25-00289,Samsung,"65""",1920x1080,MMP25-00289,Assigned,,HP,i5-2,4,250,DP-HDMI,LAN,Fibre,Right - 3,355,AEON Sri Manjung MC-EN 3 - Demo TV,EN,1282070723,cl1ck1x123,,Demo TV,,,adam,Aeon Seri Manjung,MAXIS CENTRE AEON SERI MANJUNG,MC,Northern,Perak,Manjung,Mall,Shop,"Lot F17, AEON Mall Seri Manjung, Pusat Perniagaan Manjung Point 3, 32040 Seri Manjung, Perak",Syazwan Bin Zainal Abidin ,60195595675
590,100,291,1,12,4,1,MVD25-00291,Sharp,"50""",1080x1920,MMP25-00291,Assigned,,HP,i5-4,4,500,DP-HDMI,LAN,Store Front,,182,Taiping MC-BM 1 - SF,BM,1424372035,cl1ck1x123,,P1,,network,adam,Taiping,MAXIS CENTRE TAIPING,MC,Northern,Perak,Taiping,Mall,Shop,"Lot No F 07 Pusat Membeli Belah AEON, Lot 8576 & 8577 Jalan Kamunting, 34000 Taiping Perak",Intan Sapina Binti Kamaruddin,60124000358
557,197,534,1,25,1,1,MVD25-00534,Samsung,"65""",1920x1080,MMP25-00534,To be Disposed,44,HP,i5-4,4,250,HDMI,LAN,Fibre,Single,572,"Sunway Big Box, Iskandar MC-EN",EN,1346163351,cl1ck1x123,,Demo TV,,,adam,Sunway Big Box,MAXIS CENTRE SUNWAY BIG BOX,MC,Southern,Johor,JB,Mall,Shop,"Lot G-L-10A, Ground floor, Sunway Big Box, Sunway Iskandar, Persiaran Medini 5, 79250 Nusajaya, Johor,",Noor Azila binti Shaari ,60122000687
589,100,292,1,12,4,2,MVD25-00292,Samsung,"65""",1920x1080,MMP25-00292,Assigned,,HP,i5-2,4,230,DP-HDMI,LAN,Demo TV,,181,Taiping BC-BM 2 - Demo TV,BM,1646374413,cl1ck1x123,,Demo TV,,network,adam,Taiping,MAXIS CENTRE TAIPING,MC,Northern,Perak,Taiping,Mall,Shop,"Lot No F 07 Pusat Membeli Belah AEON, Lot 8576 & 8577 Jalan Kamunting, 34000 Taiping Perak",Intan Sapina Binti Kamaruddin,60124000358
592,100,293,1,12,4,3,MVD25-00293,Sharp,"50""",1920x1080,MMP25-00293,Assigned,,HP,i5-4,4,1000,DP-HDMI,LAN,Hotlink,Left - 1,184,Taiping MC-EN 3 - P2 (Hotlink),BM,1551777259,cl1ck1x123,,P2,,network,adam,Taiping,MAXIS CENTRE TAIPING,MC,Northern,Perak,Taiping,Mall,Shop,"Lot No F 07 Pusat Membeli Belah AEON, Lot 8576 & 8577 Jalan Kamunting, 34000 Taiping Perak",Intan Sapina Binti Kamaruddin,60124000358
591,100,294,1,12,4,4,MVD25-00294,Sharp,"50""",1080x1920,MMP25-00294,Assigned,,HP,i5-4,4,1000,DP-HDMI,LAN,Meeting Point,Left - 2,183,Taiping MC-BM 4 - MIRA,BM,129368926,cl1ck1x123,,MIRA,,network,adam,Taiping,MAXIS CENTRE TAIPING,MC,Northern,Perak,Taiping,Mall,Shop,"Lot No F 07 Pusat Membeli Belah AEON, Lot 8576 & 8577 Jalan Kamunting, 34000 Taiping Perak",Intan Sapina Binti Kamaruddin,60124000358
593,101,295,1,12,1,1,MVD25-00295,Sharp,"40""",1920x1080,MMP25-00295,Assigned,,HP,i5-2,4,500,DP-HDMI,LAN,Mobile,Single,450,Taiping Sentral MEP-BM,BM,1611259323,cl1ck1x123,,P1,,,adam,Taiping Sentral,FIVE STAR MOBILE SDN BHD,MEP,Northern,Perak,Taiping,Mall,Shop,"G 29, G/F, TAIPING SENTRAL, JALAN ISTANA LARUT, 34000 TAIPING, PERAK.",AZIDZUL ,60124713466
126,102,296,2,13,1,1,MVD25-00296,Sharp,"50""",1920x1080,MMP25-00296,Assigned,,HP,i5-3,4,230,DP-HDMI,LAN,Postpaid,Single,462,Batu Gajah MEP-EN,EN,1218854391,cl1ck1x123,,P1,,,adam,Batu Gajah,METRO DOTCOM SDN BHD,MEP,Northern,Perak,Batu Gajah,High Street,Shop,"NO 9, LEBUH DEWANGSA, 31000 BATU GAJAH, PERAK.",MACY CHONG,60124713440
430,103,297,2,13,3,1,MVD25-00297,Sharp,"50""",1080x1920,MMP25-00297,Assigned,,HP,i3-6,8,250,DP-HDMI,Wifi,Store Front,Right -1 ,440,Parit Buntar MEP-EN 1 - SF,EN,1292938338,cl1ck1x123,,P1,,,adam,Parit Buntar,CT TREE TRADING,MEP,Northern,Perak,Parit Buntar,High Street,Shop,"NO. 28, JALAN TEMENGGONG, PUSAT BANDAR, 34200 PARIT BUNTAR, PERAK.",ONG SHEE JING (Vannesa),60165218198
432,103,299,2,13,3,3,MVD25-00299,Philips,"50""",1920x1080,MMP25-00299,Assigned,,HP,i3-6,8,250,DP-HDMI,Wifi,Hotlink,Left - 2,442,Parit Buntar MEP-EN 3 - P3 (Hotlink),EN,1792082443,cl1ck1x123,,P3,,,adam,Parit Buntar,CT TREE TRADING,MEP,Northern,Perak,Parit Buntar,High Street,Shop,"NO. 28, JALAN TEMENGGONG, PUSAT BANDAR, 34200 PARIT BUNTAR, PERAK.",ONG SHEE JING (Vannesa),60165218198
431,103,298,2,13,3,2,MVD25-00298,Samsung,"65""",1920x1080,MMP25-00298,Assigned,,Dell,i5-6,8,250,DP-HDMI,Wifi,Fibre,Left - 1,441,Parit Buntar MEP-EN 2 - Demo TV,EN,173462963,cl1ck1x123,,Demo TV,,,adam,Parit Buntar,CT TREE TRADING,MEP,Northern,Perak,Parit Buntar,High Street,Shop,"NO. 28, JALAN TEMENGGONG, PUSAT BANDAR, 34200 PARIT BUNTAR, PERAK.",ONG SHEE JING (Vannesa),60165218198
533,104,300,2,13,2,1,MVD25-00300,Sharp,"40""",1080x1920,MMP25-00300,Assigned,,HP,i5-4,4,500,DP-HDMI,Wifi,Hotlink,Left - 1,473,Sitiawan MEP-BM 1 - P2 (Hotlink),BM,1135207364,cl1ck1x123,,P2,,,adam,Sitiawan,MY MOBILE SHOP,MEP,Northern,Perak,Sitiawan,High Street,Shop,"NO 182, JALAN SITIAWAN MAJU, 32000 SITIAWAN, PERAK.",KENG,60125172328
534,104,301,2,13,2,2,MVD25-00301,Sharp,"50""",1080x1920,MMP25-00301,Assigned,,HP,i5-4,4,1000,DP-HDMI,Wifi,Fibre,Right -1 ,474,Sitiawan MEP-BM 2 - P1 (Fibre),BM,1547127356,cl1ck1x123,,P1,,,adam,Sitiawan,MY MOBILE SHOP,MEP,Northern,Perak,Sitiawan,High Street,Shop,"NO 182, JALAN SITIAWAN MAJU, 32000 SITIAWAN, PERAK.",KENG,60125172328
602,106,303,2,13,1,1,MVD25-00303,Sharp,"40""",1920x1080,MMP25-00303,Assigned,,HP,i5-4,4,470,DP-HDMI,LAN,Postpaid,Single,472,Tanjong Malim MEP-BM,BM,1977669843,cl1ck1x123,,P1,,slight bluish,adam,Tanjong Malim,PUSAT KOMUNIKASI TM,MEP,Northern,Perak,Tanjung Malim,High Street,Shop,"13 JALAN BUNGA RAYA, TAMAN BUNGA RAYA, 35900 TANJUNG MALIM, PERAK.",SIMON ONG,60124717454
537,105,302,2,13,1,1,MVD25-00302,tbc,,,MMP25-00302,Assigned,,n/a,n/a,0,0,n/a,n/a,Postpaid,Single,437,Slim River MEP-EN,BM,n/a,cl1ck1x123,,P1,,no layer,,Slim River,E COM CENTRE SDN BHD,MEP,Northern,Perak,Slim River,High Street,Shop,"NO 85-A, JALAN PERDANA 5, PUSAT PERNIAGAAN SLIM PERDANA, 35800 SLIM RIVER, PERAK.",MARY CHITRA ,60123232453
224,108,305,1,14,6,1,MVD25-00305,Sharp,"50""",1080x1920,MMP25-00305,Assigned,,HP,i5-4,4,250,DP-HDMI,LAN,MIRA,Left - 1,118,Ipoh MC-EN 1 - MIRA,EN,1410047848,cl1ck1x123,,MIRA,,,adam,Ipoh,MAXIS CENTRE IPOH,MC,Northern,Perak,Ipoh,High Street,Shop,"No.1 Persiaran Greentown 8, Greentown Business Centre, 30450 Ipoh, Perak",Hemah A/P Nagappen ,60175000339
604,107,304,2,13,1,1,MVD25-00304,Philips,"50""",1080x1920,MMP25-00304,Assigned,,Intel NUC,i5-11,8,250,HDMI,Wifi,Postpaid,Back -1,482,Teluk Intan MEP-BM,BM,1505147663,cl1c1kx123,,P1,,,adam,Teluk Intan,RIA COMMUNICATION ENTERPRISE,MEP,Northern,Perak,Teluk Intan,High Street,Shop,"LOT NO. S7-G, PUSAT KOMERSIAL SENTRAL INTAN, JALAN PASAR, 36000 TELUK INTAN, PERAK.",GLISS,60172020505
225,108,306,1,14,6,2,MVD25-00306,Samsung,"65""",1920x1080,MMP25-00306,Assigned,,HP,i5-4,4,500,DP-HDMI,LAN,Zerolution,Left - 2,119,Ipoh MC-EN 2 - Demo TV,EN,1244459128,cl1ck1x123,,Demo TV,,,adam,Ipoh,MAXIS CENTRE IPOH,MC,Northern,Perak,Ipoh,High Street,Shop,"No.1 Persiaran Greentown 8, Greentown Business Centre, 30450 Ipoh, Perak",Hemah A/P Nagappen ,60175000339
227,108,308,1,14,6,4,MVD25-00308,Philips,"50""",1920x1080,MMP25-00308,Assigned,,HP,i5-6,8,250,DP-HDMI,LAN,Postpaid,Left - 4,122,Ipoh MC-EN 4 - P2 (Postpaid),EN,1107035374,cl1ck1x123,,P2,,,adam,Ipoh,MAXIS CENTRE IPOH,MC,Northern,Perak,Ipoh,High Street,Shop,"No.1 Persiaran Greentown 8, Greentown Business Centre, 30450 Ipoh, Perak",Hemah A/P Nagappen ,60175000339
226,108,307,1,14,6,3,MVD25-00307,Sharp,"40""",1920x1080,MMP25-00307,Assigned,,Dell,i5-6,8,470,DP-HDMI,LAN,Hotlink,Left - 3,120,Ipoh MC-EN 3 - P3 (Hotlink),EN,1928697542,cl1ck1x123,,P3,,brightness,adam,Ipoh,MAXIS CENTRE IPOH,MC,Northern,Perak,Ipoh,High Street,Shop,"No.1 Persiaran Greentown 8, Greentown Business Centre, 30450 Ipoh, Perak",Hemah A/P Nagappen ,60175000339
229,108,310,1,14,6,6,MVD25-00310,Samsung,"65""",1920x1080,MMP25-00310,Assigned,,HP,i3-6,8,250,DP-HDMI,LAN,,Back - 2,123,Ipoh MC-EN 6 - P1,EN,1631227288,cl1ck1x123,,P1,,bluish,adam,Ipoh,MAXIS CENTRE IPOH,MC,Northern,Perak,Ipoh,High Street,Shop,"No.1 Persiaran Greentown 8, Greentown Business Centre, 30450 Ipoh, Perak",Hemah A/P Nagappen ,60175000339
228,108,309,1,14,6,5,MVD25-00309,Sharp,"40""",1920x1080,MMP25-00309,Disposed,,Wistron,i5-0650,4,470,DP-HDMI,LAN,,Back -1,121,Ipoh MC-EN 5 - P2,EN,1002617475,cl1ck1x123,,P2,,bluish,adam,Ipoh,MAXIS CENTRE IPOH,MC,Northern,Perak,Ipoh,High Street,Shop,"No.1 Persiaran Greentown 8, Greentown Business Centre, 30450 Ipoh, Perak",Hemah A/P Nagappen ,60175000339
228,108,309,1,14,6,5,MVD25-00309,Sharp,"40""",1920x1080,MP2509-0135,Assigned,,NUC,Core 3,8,250,HDMI,Wifi,,Back -1,121,Ipoh MC-EN 5 - P2,EN,1732046221,cl1ck1x123,,P2,,bluish,adam,Ipoh,MAXIS CENTRE IPOH,MC,Northern,Perak,Ipoh,High Street,Shop,"No.1 Persiaran Greentown 8, Greentown Business Centre, 30450 Ipoh, Perak",Hemah A/P Nagappen ,60175000339
266,110,312,1,14,2,1,MVD25-00312,Sharp,"50""",1080x1920,MMP25-00312,Assigned,,HP,i3-6,8,250,DP-HDMI,Wifi,Hotlink,Left - 1,469,"Jln Sultan Abd Jalil, Ipoh MEP-EN 1 - P1 (Hotlink)",EN,1946492342,cl1ck1x123,,P1,,,adam,"Jln Sultan Abdul Jalil, Ipoh",METRO DOTCOM SDN BHD,MEP,Northern,Perak,Ipoh,High Street,Shop,"NO 71, JALAN SULTAN ABDUL JALIL, 30300 IPOH, PERAK.",MACY CHONG,60124713440
409,109,311,1,14,1,1,MVD25-00311,store closed down,,,MMP25-00311,,,,,,,,tbc,tbc,tbc,n/a,not installed - no player,,,,,in PO - but shop closed down,,,,Medan Silibin,E COM CENTRE SDN BHD,MEP,Northern,Perak,Ipoh,High Street,Shop,"NO24 GROUND FLOOR, MEDAN SILIBIN, 30100 IPOH, PERAK.",MARY CHITRA ,60123232453
267,110,313,1,14,2,2,MVD25-00313,Sharp,"40""",1920z1080,MMP25-00313,Assigned,,HP,i5-4,4,470,DP-HDMI,Wifi,Fibre,Right -1 ,470,"Jln Sultan Abd Jalil, Ipoh MEP-EN 2 - P2 (Fibre)",EN,1246575405,cl1ck1x123,,P2,,screen whitish,adam,"Jln Sultan Abdul Jalil, Ipoh",METRO DOTCOM SDN BHD,MEP,Northern,Perak,Ipoh,High Street,Shop,"NO 71, JALAN SULTAN ABDUL JALIL, 30300 IPOH, PERAK.",MACY CHONG,60124713440
382,111,314,1,14,1,1,MVD25-00314,Philips,"40""",1920x1080,MMP25-00314,Assigned,,HP,i5-2,4,250,DP-HDMI,LAN,Postpaid,Single,493,"Menglembu, Ipoh MEP-BM",BM,1734572839,cl1ck1x123,,P1,,fan error message,adam,"Menglembu, Ipoh",STAPLE TRADING TELECOMMUNICATION SDN. BHD.,MEP,Northern,Perak,Ipoh,High Street,Shop,"NO. 68, JALAN BESAR, MENGLEMBU, 31450 IPOH, PERAK.",BEN,60125069789
230,113,317,1,14,3,1,MVD25-00317,Philips,"50""",1080x1920,MMP25-00317,Assigned,,HP,i5-4,4,500,DP-HDMI,Wifi,Store Front,,444,Ipoh Parade MEP-EN 1 - SF,EN,1096310183,cl1ck1x123,,P1,,,adam,Ipoh Parade,D THREE MOBILE SDN BHD,MEP,Northern,Perak,Ipoh,Mall,Shop,"LOT S03, SECOND FLOOR, IPOH PARADE,  105, JALAN SULTAN ABDUL JALIL, GREENTOWN, 30450 IPOH, PERAK.",FELIX,60129410570
29,112,315,1,14,2,1,MVD25-00315,LED,tbc,1080x1920,MMP25-00315,Assigned,,Dell,i3-6,8,250,DP-HDMI,LAN,MIRA,Right -1 ,360,AEON Kinta City MC-EN 1 - MIRA,EN,1256174282,cl1ck1x123,,MIRA,,,adam,Aeon Kinta City,MAXIS CENTRE AEON KINTA CITY,MC,Northern,Perak,Ipoh,Mall,Shop,"Lot F34B, 1st Floor, Aeon Kinta City, L2, Jalan The Lean Swee, Taman Ipoh Selatan, 31400 Ipoh, Perak",Tan Geak Kee,60125009978
30,112,316,1,14,2,2,MVD25-00316,Sharp,"50""",1920x1080,MMP25-00316,Assigned,,Dell,i3-6,8,250,DP-HDMI,LAN,Zerolution,Left - 1,359,AEON Kinta City MC-EN 2 - P1 (Zerolution),EN,1907362711,cl1ck1x123,,P1,,bluish,adam,Aeon Kinta City,MAXIS CENTRE AEON KINTA CITY,MC,Northern,Perak,Ipoh,Mall,Shop,"Lot F34B, 1st Floor, Aeon Kinta City, L2, Jalan The Lean Swee, Taman Ipoh Selatan, 31400 Ipoh, Perak",Tan Geak Kee,60125009978
232,113,319,1,14,3,3,MVD25-00319,Sharp,"50""",1080x1920,MMP25-00319,Assigned,,HP,i5-4,4,470,DP-HDMI,Wifi,Hotlink,Left - 1,445,Ipoh Parade MEP-EN 3 - P3 (Hotlink),EN,1217242234,cl1ck1x123,,P3,,,adam,Ipoh Parade,D THREE MOBILE SDN BHD,MEP,Northern,Perak,Ipoh,Mall,Shop,"LOT S03, SECOND FLOOR, IPOH PARADE,  105, JALAN SULTAN ABDUL JALIL, GREENTOWN, 30450 IPOH, PERAK.",FELIX,60129410570
176,8,46,1,1,5,4,MVD25-00046,LED,tbc,1920x1080,MMP25-00046,To be Disposed,45,GIgabyte,Pentium G2,tbc,250,HDMI,a,LED,Left - 3,55,Eko Cheras MC-EN 4 - LED,EN,1595459063,cl1ck1x123,,P2,,,adam,Eko Cheras ,MAXIS CENTRE EKO CHERAS,MC,Central,KL,KL,Mall,Kiosk,"LOT G-57 & G-58 Ground Floor, EkoCheras Mall No: 693 Batu 5, Jalan Cheras 56000 Kuala Lumpur",Zalenda Zakaria,60123000946
231,113,318,1,14,3,2,MVD25-00318,Sharp,"50""",1920x1080,MP2603-0038,Assigned,,NUC,Core 3,8,250,HDMI,Wifi,Postpaid,Right -1 ,446,Ipoh Parade MEP-EN 2 - P2 (Postpaid),EN,1720755246,cl1ck1x123,,P2,,,adam,Ipoh Parade,D THREE MOBILE SDN BHD,MEP,Northern,Perak,Ipoh,Mall,Shop,"LOT S03, SECOND FLOOR, IPOH PARADE,  105, JALAN SULTAN ABDUL JALIL, GREENTOWN, 30450 IPOH, PERAK.",FELIX,60129410570
200,114,321,3,14,3,2,MVD25-00321,Sharp,"50""",1080x1920,MMP25-00321,Assigned,,HP,i5-3,4,500,DP-HDMI,LAN,Hotlink,Left - 1,447,Ikea Batu Kawan MEP-BM 2 - P1 (Hotlink),BM,324221059,cl1ck1x123,,P1,,,,Ikea Batu Kawan,D THREE MOBILE SDN BHD,MEP,Northern,Penang,Batu Kawan,Mall,Shop,"LOTG-04, GROUND LEVEL, IKEA BATU KAWAN-LINK BUILDING, ASPEN VISION CITY, LEBUHRAYA BANDAR CASSIA, 14110 BATU KAWAN, PULAU PINANG.",FELIX,60129410570
199,114,320,3,14,3,1,MVD25-00320,Philips,"65""",1920x1080,MMP25-00320,Assigned,,Dell,i5-6,8,250,DP-HDMI,LAN,,Ceiling,449,Ikea Batu Kawan MEP-BM 1 - P2 (Ceiling),BM,1968041659,cl1ck1x123,,P2,,,,Ikea Batu Kawan,D THREE MOBILE SDN BHD,MEP,Northern,Penang,Batu Kawan,Mall,Shop,"LOTG-04, GROUND LEVEL, IKEA BATU KAWAN-LINK BUILDING, ASPEN VISION CITY, LEBUHRAYA BANDAR CASSIA, 14110 BATU KAWAN, PULAU PINANG.",FELIX,60129410570
201,114,322,3,14,3,3,MVD25-00322,Sharp,"50""",1920x1080,MMP25-00322,Disposed,,HP,i5-4,4,500,DP-HDMI,LAN,Postpaid,Right -1 ,448,Ikea Batu Kawan MEP-BM 3 - P3 (Postpaid),BM,1464997740,cl1ck1x123,,P3,,,,Ikea Batu Kawan,D THREE MOBILE SDN BHD,MEP,Northern,Penang,Batu Kawan,Mall,Shop,"LOTG-04, GROUND LEVEL, IKEA BATU KAWAN-LINK BUILDING, ASPEN VISION CITY, LEBUHRAYA BANDAR CASSIA, 14110 BATU KAWAN, PULAU PINANG.",FELIX,60129410570
631,115,323,3,14,2,1,MVD25-00323,Sharp,"50""",1080x1920,MMP25-00323,Assigned,,HP,i5-4,4,1000,DP-HDMI,Wifi,Hotlink,Left - 1,511,"Tmn Mutiara,BM MEP-BM 1 - P1 (Hotlink)",BM,1163456425,cl1ck1x123,,P1,,network,adam,"Tmn Mutiara, Bukit Mertajam",WEELY MOBILE SDN. BHD.,MEP,Northern,Penang,Bukit Mertajam,High Street,Shop,"NO. 1385, JALAN PADANG LALLANG , TAMAN MUTIARA 14000 BUKIT MERTAJAM, PULAU PINANG.",Dennis,60177190322
202,,,,,,,MVD25-00322,Sharp,"50""",1920x1080,MP2507-0070,Assigned,,NUC,Core 3,8,250,HDMI,LAN,Postpaid,Right -1 ,449,Ikea Batu Kawan MEP-BM 3 - P3 (Postpaid),BM,"1912578149	",cl1ck1x123,,P3,,,,Ikea Batu Kawan,D THREE MOBILE SDN BHD,MEP,Northern,Penang,Batu Kawan,Mall,Shop,"LOTG-04, GROUND LEVEL, IKEA BATU KAWAN-LINK BUILDING, ASPEN VISION CITY, LEBUHRAYA BANDAR CASSIA, 14110 BATU KAWAN, PULAU PINANG.",FELIX,60129410570
14,116,329,3,14,6,5,MVD25-00329,Samsung,"40""",1080x1920,MMP25-00329,Assigned,,HP,i5-4,4,1000,DP-HDMI,LAN,MIRA,Left - 2,320,AEON Bkt Mertajam MC-EN 5 - MIRA,EN,407067316,cl1ck1x123,,MIRA,,birghtness,adam,Aeon Bkt Mertajam,MAXIS CENTRE BUKIT MERTAJAM,MC,Northern,Penang,Bukit Mertajam,Mall,Shop,"Lot S47 & S48, 2nd Floor, AEON Bukit Mertajam, Lot No. 30908, Jalan Rozhan Alma, 14000 Bukit Mertajam, Pulau Pinang",Sasha Kumaresen ,60175000464
632,115,324,3,14,2,2,MVD25-00324,Philips,"40""",1920x1080,MMP25-00324,Assigned,,Dell,i3-6,8,250,HDMI,Wifi,Fibre,Right -1 ,512,"Tmn Mutiara,BM MEP-BM 2 - P2 (Fibre)",BM,1711886733,cl1ck1x123,,P2,,,adam,"Tmn Mutiara, Bukit Mertajam",WEELY MOBILE SDN. BHD.,MEP,Northern,Penang,Bukit Mertajam,High Street,Shop,"NO. 1385, JALAN PADANG LALLANG , TAMAN MUTIARA 14000 BUKIT MERTAJAM, PULAU PINANG.",Dennis,60177190322
9,116,325,3,14,6,1,MVD25-00325,Sharp,"65""",1080x1920,MMP25-00325,Assigned,,Wistron,i5-1,4,250,DP-HDMI,LAN,Postpaid,SF,317,AEON Bkt Mertajam MC-EN 1- SF,EN,1703940767,cl1ck1x123,,P1,,,adam,Aeon Bkt Mertajam,MAXIS CENTRE BUKIT MERTAJAM,MC,Northern,Penang,Bukit Mertajam,Mall,Shop,"Lot S47 & S48, 2nd Floor, AEON Bukit Mertajam, Lot No. 30908, Jalan Rozhan Alma, 14000 Bukit Mertajam, Pulau Pinang",Sasha Kumaresen ,60175000464
10,116,326,3,14,6,2,MVD25-00326,Philips,"55""",1920x1080,MMP25-00326,Disposed,,Fujitsu,i5-1,4,150,DP-HDMI,LAN,Hotlink,Right -1 ,318,AEON Bkt Mertajam MC-EN 2 - P3 (Hotlink),EN,1848832374,cl1ck1x123,,P3,,,adam,Aeon Bkt Mertajam,MAXIS CENTRE BUKIT MERTAJAM,MC,Northern,Penang,Bukit Mertajam,Mall,Shop,"Lot S47 & S48, 2nd Floor, AEON Bukit Mertajam, Lot No. 30908, Jalan Rozhan Alma, 14000 Bukit Mertajam, Pulau Pinang",Sasha Kumaresen ,60175000464
11,,,,,,,MVD25-00326,Philips,"55""",1920x1080,MP2504-0006,Assigned,,Intel NUC,i3-13,8,250,HDMI,LAN-Wifi,Hotlink,Right -1 ,318,AEON Bkt Mertajam MC-EN 2 - P3 (Hotlink),EN,524208468,cl1ck1x123,,P3,,,adam,Aeon Bkt Mertajam,MAXIS CENTRE BUKIT MERTAJAM,MC,Northern,Penang,Bukit Mertajam,Mall,Shop,"Lot S47 & S48, 2nd Floor, AEON Bukit Mertajam, Lot No. 30908, Jalan Rozhan Alma, 14000 Bukit Mertajam, Pulau Pinang",Sasha Kumaresen ,60175000464
12,116,327,3,14,6,3,MVD25-00327,Samsung,"55""",1920x1080,MMP25-00327,Assigned,,Fujitsu,i5-1,4,150,DP-HDMI,LAN,Fibre,Left - 1,319,AEON Bkt Mertajam MC-EN 3 - Demo TV,EN,1122492837,cl1ck1x123,,Demo TV,,,adam,Aeon Bkt Mertajam,MAXIS CENTRE BUKIT MERTAJAM,MC,Northern,Penang,Bukit Mertajam,Mall,Shop,"Lot S47 & S48, 2nd Floor, AEON Bukit Mertajam, Lot No. 30908, Jalan Rozhan Alma, 14000 Bukit Mertajam, Pulau Pinang",Sasha Kumaresen ,60175000464
13,116,328,3,14,6,4,MVD25-00328,Sharp,"40""",1920x1080,MMP25-00328,Assigned,,Dell,i3-6,8,250,DP-HDMI,LAN,Postpaid,Right - 2,321,AEON Bkt Mertajam MC-EN 4 - P2 (Postpaid),EN,1843267106,cl1ck1x123,,P2,,,adam,Aeon Bkt Mertajam,MAXIS CENTRE BUKIT MERTAJAM,MC,Northern,Penang,Bukit Mertajam,Mall,Shop,"Lot S47 & S48, 2nd Floor, AEON Bukit Mertajam, Lot No. 30908, Jalan Rozhan Alma, 14000 Bukit Mertajam, Pulau Pinang",Sasha Kumaresen ,60175000464
344,118,332,3,14,1,1,MVD25-00332,Sharp,"50""",1920x1080,MMP25-00332,Disposed,,HP,i5-4,4,500,DP-HDMI,Wifi,Postpaid,Left - 1,471,"Lotus Egate, PEN MEP-BM",BM,1056147374,cl1ck1x123,,P1,,,,Lotus's Egate Penang,NORTHERN POINT CELLULAR & ACCESSORIES,MEP,Northern,Penang,Gelugor,Mall,Shop,"LOT 1-2-S1, LOTUS EGATE, LEBUH TUNKU KUDIN 1, 11700 GELUGOR, PULAU PINANG.",LAU CHOON AUN,60124702929
159,190,515,1,25,5,4,MVD25-00515,Sharp,"40""",1920x1080,MMP25-00515,To be Disposed,46,GIgabyte,i3-3,4,500,DP-HDMI,LAN,Hotlink,Back -1,132,Danga Bay MC-EN 4 - P3 (Hotlink),EN,1229647183,cl1ck1x123,,P3,,,irfan,Danga Bay ,MAXIS CENTRE JB-1 CENTRE DANGA BAY,MC,Southern,Johor,JB,High Street,Shop,"Block 6-G-1, Danga Walk, Batu 4 ½, Jalan Skudai, 80200 Johor Bahru, Johor",Nor Rafiza Binti Muxtor,60172555731
87,119,334,3,14,7,2,MVD25-00334,LG,"65""",1080x1920,MMP25-00334,Assigned,,HP,i5-2,4,250,DP-HDMI,Wifi,Store Front,Window,186,All Seasons MC-EN 2 - SF,EN,1495389656,cl1ck1x123,,P1,,,,All Seasons,MAXIS CENTRE ALL SEASONS PLACE,MC,Northern,Penang,Island,High Street,Shop,"Lot No. 6H-1-17, Level 1, All Seasons Place, Lebuhraya Thean Teik, Bandar Baru Air Itam, 11500 Penang.",NUR EZZATI BINTI MAT AJI,60135176069
413,117,331,3,14,1,1,MVD25-00331,tbc,tbc,tbc,MMP25-00331,Assigned,,n/a,n/a,0,0,tbc,tbc,tbc,tbc,tbc,not installed - no player,,,,,,,no player,adam,Lotus's Bukit Mertajam,JIT SING TELESHOP,MEP,Northern,Penang,Bukit Mertajam,Mall,Shop,"LOT G15, GRD FLOOR, TESCO BKT MERTAJAM, 2323 JALAN ROZHAN, PUSAT PERNIAGAAN SERI IMPIAN, 14000 BUKIT MERTAJAM, PULAU PINANG.",HOOI,60125551118
89,119,336,3,14,7,4,MVD25-00336,Sharp,"40""",1080x1920,MMP25-00336,Assigned,,HP,i5-4,4,500,DP-HDMI,LAN,Meeting Point,Left - 2,188,All Seasons MC-EN 4 - MIRA,EN,1676514885,cl1ck1x123,,MIRA,,,,All Seasons,MAXIS CENTRE ALL SEASONS PLACE,MC,Northern,Penang,Island,High Street,Shop,"Lot No. 6H-1-17, Level 1, All Seasons Place, Lebuhraya Thean Teik, Bandar Baru Air Itam, 11500 Penang.",NUR EZZATI BINTI MAT AJI,60135176069
345,,,,,,,MVD25-00332,Sharp,"50""",1920x1080,MP2504-0022,Disposed,,Intel NUC,i3-13,8,250,HDMI,Wifi,Postpaid,Left - 1,471,"Lotus Egate, PEN MEP-BM",BM,1163826309,cl1ck1x123,,P1,,,,Lotus's Egate Penang,NORTHERN POINT CELLULAR & ACCESSORIES,MEP,Northern,Penang,Gelugor,Mall,Shop,"LOT 1-2-S1, LOTUS EGATE, LEBUH TUNKU KUDIN 1, 11700 GELUGOR, PULAU PINANG.",LAU CHOON AUN,60124702929
345,,,,,,,MVD25-00332,Sharp,"50""",1920x1080,MP2508-0104,Assigned,,Intel NUC,Core 3,8,250,HDMI,Wifi,Postpaid,Left - 1,471,"Lotus Egate, PEN MEP-BM",BM,1934188062,cl1ck1x123,,P1,,,,Lotus's Egate Penang,NORTHERN POINT CELLULAR & ACCESSORIES,MEP,Northern,Penang,Gelugor,Mall,Shop,"LOT 1-2-S1, LOTUS EGATE, LEBUH TUNKU KUDIN 1, 11700 GELUGOR, PULAU PINANG.",LAU CHOON AUN,60124702929
414,119,333,3,14,7,1,MVD25-00333,tbc,tbc,tbc,MMP25-00333,Assigned,,n/a,n/a,0,0,n/a,n/a,,,n/a,not installed - no player,,,,,in PO - but no player and screen,,,,All Seasons,MAXIS CENTRE ALL SEASONS PLACE,MC,Northern,Penang,Island,High Street,Shop,"Lot No. 6H-1-17, Level 1, All Seasons Place, Lebuhraya Thean Teik, Bandar Baru Air Itam, 11500 Penang.",NUR EZZATI BINTI MAT AJI,60135176069
255,120,340,3,14,2,1,MVD25-00340,Sharp,"40""",1920x1080,MMP25-00340,Disposed,,HP,i5-3,4,250,DP-HDMI,LAN,Fibre,Right,510,"Jelutong, PEN MEP-BM 1 - P2 (Fibre)",BM,1066811383,cl1ck1x123,,P2,,,,"Jelutong, Penang",VO FOCUS ENTERPRISE,MEP,Northern,Penang,Island,High Street,Shop,"NO. 332G-1, JALAN PERAK, 11600 GEORGETOWN, PULAU PINANG.",Cheah Kok Hean,60124732733
88,119,335,3,14,7,3,MVD25-00335,LG,"65""",1920x1080,MMP25-00335,Assigned,,Dell,i5-4,4,250,DP-HDMI,Wifi,Fibre,Left - 1,185,All Seasons MC-EN 3 - Demo TV,EN,1280573098,cl1ck1x123,,Demo TV,,,,All Seasons,MAXIS CENTRE ALL SEASONS PLACE,MC,Northern,Penang,Island,High Street,Shop,"Lot No. 6H-1-17, Level 1, All Seasons Place, Lebuhraya Thean Teik, Bandar Baru Air Itam, 11500 Penang.",NUR EZZATI BINTI MAT AJI,60135176069
257,120,341,3,14,2,2,MVD25-00341,Sharp,"40""",1080x1920,MMP25-00341,Assigned,,HP,i5-2,4,250,DP-HDMI,LAN,Hotlink,Left,509,"Jelutong, PEN MEP-BM 2 - P1 (Hotlink)",BM,1425945410,cl1ck1x123,,P1,,,,"Jelutong, Penang",VO FOCUS ENTERPRISE,MEP,Northern,Penang,Island,High Street,Shop,"NO. 332G-1, JALAN PERAK, 11600 GEORGETOWN, PULAU PINANG.",Cheah Kok Hean,60124732733
90,119,337,3,14,7,5,MVD25-00337,Sharp,"40""",1920x1080,MMP25-00337,Assigned,,Dell,i3-6,8,250,DP-HDMI,LAN,Hotlink,Left - 3,189,All Seasons MC-EN 5 - P3 (Hotlink),EN,776032806,cl1ck1x123,,P3,,,,All Seasons,MAXIS CENTRE ALL SEASONS PLACE,MC,Northern,Penang,Island,High Street,Shop,"Lot No. 6H-1-17, Level 1, All Seasons Place, Lebuhraya Thean Teik, Bandar Baru Air Itam, 11500 Penang.",NUR EZZATI BINTI MAT AJI,60135176069
91,119,338,3,14,7,6,MVD25-00338,Sharp,"50""",1920x1080,MMP25-00338,Assigned,,Dell,i3-6,8,700,DP-HDMI,LAN,Business,Left - 4,190,All Seasons MC-EN 6 - P1 (Business),EN,1222746557,cl1ck1x123,,P1,,,,All Seasons,MAXIS CENTRE ALL SEASONS PLACE,MC,Northern,Penang,Island,High Street,Shop,"Lot No. 6H-1-17, Level 1, All Seasons Place, Lebuhraya Thean Teik, Bandar Baru Air Itam, 11500 Penang.",NUR EZZATI BINTI MAT AJI,60135176069
231,113,318,1,14,3,2,MVD25-00318,Sharp,"50""",1920x1080,MMP25-00318,To be Disposed,47,HP,i5-4,4,500,DP-HDMI,Wifi,Postpaid,Right -1 ,446,Ipoh Parade MEP-EN 2 - P2 (Postpaid),EN,1213313996,cl1ck1x123,,P2,,,adam,Ipoh Parade,D THREE MOBILE SDN BHD,MEP,Northern,Perak,Ipoh,Mall,Shop,"LOT S03, SECOND FLOOR, IPOH PARADE,  105, JALAN SULTAN ABDUL JALIL, GREENTOWN, 30450 IPOH, PERAK.",FELIX,60129410570
164,121,342,3,14,1,1,MVD25-00342,Philips,"40""",1920x1080,MMP25-00342,Assigned,,HP,i5-2,4,250,DP-HDMI,LAN,Postpaid,Single,432,Desa Murni Sg Dua MEP-BM,BM,408993784,cl1ck1x123,,P1,,,adam,Desa Murni Sungai Dua,AIR TELECOMMUNICATION ENTERPRISE,MEP,Northern,Penang,Island,High Street,Shop,"NO. 34, JALAN MURNI 1, TAMAN DESA MURNI, SUNGAI DUA, 13800 BUTTERWORTH, PULAU PINANG.",LEE HEE,60124148688
256,,,,,,,MVD25-00340,Sharp,"40""",1920x1080,MP2504-0012,Assigned,,Intel NUC,i3-13,8,250,HDMI,WiFi,Fibre,Right,510,"Jelutong, PEN MEP-BM 1 - P2 (Fibre)",BM,1559283476,cl1ck1x123,,P2,,,adam,"Jelutong, Penang",VO FOCUS ENTERPRISE,MEP,Northern,Penang,Island,High Street,Shop,"NO. 332G-1, JALAN PERAK, 11600 GEORGETOWN, PULAU PINANG.",Cheah Kok Hean,60124732733
405,123,344,3,14,1,1,MVD25-00344,Sharp,"40""",1920x1080,MMP25-00344,Assigned,,HP,i5-4,4,250,DP-HDMI,LAN,Postpaid,Single,456,Nibong Tebal MEP-BM,BM,1966877458,cl1ck1x123,,P1,,,adam,Nibong Tebal,LBL MULTI SDN. BHD.,MEP,Northern,Penang,Island,High Street,Shop,"NO. 3742, JALAN NURI TAMAN SENTOSA, 14300 NIBONG TEBAL, PULAU PINANG.",MS. TAN ,60124903743
481,124,348,3,14,8,4,MVD25-00348,Samsung,"65""",1920x1080,MMP25-00348,Assigned,,HP,i5-4,4,1000,DP-HDMI,LAN,Fibre,Mid,125,Queensbay MC-EN 4 - P3 (Fibre),EN,782567064,cl1ck1x123,,P3,,,,Queensbay,MAXIS CENTRE QUEENSBAY,MC,Northern,Penang,Island,Mall,Shop,"Lot LG05, Lower Ground Floor, Queensbay Mall, 100,Persiaran Bayan Indah, 11900 Bayan Lepas, Penang",Steven Radha Krishnan,60174000413
652,49,157,4,6,6,6,MVD25-00157,Sharp,"65""",1080x1920,MMP25-00157,To be Disposed,48,Dell,i5-4,4,1000,DP-HDMI,LAN,Accessories,Left - 1,392,The Mines MEP-EN 6 - P2 (Accessories),EN,1171069502,cl1ck1x123,,P2,,,adam,The Mines,GENTEL COMMUNICATION SDN BHD,MEP,Central,Selangor,Seri Kembangan,Mall,Shop,"L4-30, LEVEL 4 THE MINES SHOPPING FAIR, 1 JLN DULANG, 43300 SERI KEMBANGAN, SELANGOR.",KEN,60165532303
484,124,351,3,14,8,7,MVD25-00351,Sharp,"50""",1920x1080,MMP25-00351,Disposed,,HP,i5-4,4,1000,DP-HDMI,LAN,Postpaid,Postpaid - 2,130,Queensbay MC-EN 7 - P1 (Postpaid R),EN,1270173792,cl1ck1x123,,P1,,,,Queensbay,MAXIS CENTRE QUEENSBAY,MC,Northern,Penang,Island,Mall,Shop,"Lot LG05, Lower Ground Floor, Queensbay Mall, 100,Persiaran Bayan Indah, 11900 Bayan Lepas, Penang",Steven Radha Krishnan,60174000413
478,124,345,3,14,8,1,MVD25-00345,Philips,"50""",1920x1080,MMP25-00345,Assigned,,Intel NUC,i5-11,8,0,hdmi,Wifi,Store Front,Window,126,Queensbay MC-EN 1 - MIRA,EN,1782121641,cl1ck1x123,,MIRA,,,,Queensbay,MAXIS CENTRE QUEENSBAY,MC,Northern,Penang,Island,Mall,Shop,"Lot LG05, Lower Ground Floor, Queensbay Mall, 100,Persiaran Bayan Indah, 11900 Bayan Lepas, Penang",Steven Radha Krishnan,60174000413
479,124,346,3,14,8,2,MVD25-00346,Samsung,"65""",1920x1080,MMP25-00346,Assigned,,Dell,i5-4,4,500,HDMI,Wifi,Zerolution,Right -1 ,127,Queensbay MC-EN 2 - Demo TV,EN,1986499740,cl1ck1x123,,Demo TV,,,,Queensbay,MAXIS CENTRE QUEENSBAY,MC,Northern,Penang,Island,Mall,Shop,"Lot LG05, Lower Ground Floor, Queensbay Mall, 100,Persiaran Bayan Indah, 11900 Bayan Lepas, Penang",Steven Radha Krishnan,60174000413
480,124,347,3,14,8,3,MVD25-00347,LED,tbc,3072x768,MMP25-00347,Assigned,,Asus,i7-6,16,700,HDMI,LAN,Hotlink,Right - 2,124,Queensbay MC-EN 3 - P3 (LED),EN,630826871,cl1c1kx123,,P3,,,,Queensbay,MAXIS CENTRE QUEENSBAY,MC,Northern,Penang,Island,Mall,Shop,"Lot LG05, Lower Ground Floor, Queensbay Mall, 100,Persiaran Bayan Indah, 11900 Bayan Lepas, Penang",Steven Radha Krishnan,60174000413
486,124,352,3,14,8,8,MVD25-00352,Sharp,"50""",1920x1080,MMP25-00352,Disposed,,HP,i5-4,4,1000,DP-HDMI,LAN,Postpaid,Postpaid - 1,131,Queensbay MC-EN 8 - P1 (Postpaid L),EN,1122626133,cl1ck1x123,,P1,,,,Queensbay,MAXIS CENTRE QUEENSBAY,MC,Northern,Penang,Island,Mall,Shop,"Lot LG05, Lower Ground Floor, Queensbay Mall, 100,Persiaran Bayan Indah, 11900 Bayan Lepas, Penang",Steven Radha Krishnan,60174000413
482,124,349,3,14,8,5,MVD25-00349,Panasonic,"32""",1024x768,MMP25-00349,Assigned,,GIgabyte,i3-3,8,250,DP-HDMI,LAN,Store Front - 1x2 1,Ceiling - 1,129,Queensbay MC-EN 5 - P2 (QMS A),EN,1988384596,cl1ck1x123,,P2,,,,Queensbay,MAXIS CENTRE QUEENSBAY,MC,Northern,Penang,Island,Mall,Shop,"Lot LG05, Lower Ground Floor, Queensbay Mall, 100,Persiaran Bayan Indah, 11900 Bayan Lepas, Penang",Steven Radha Krishnan,60174000413
483,124,350,3,14,8,6,MVD25-00350,Panasonic,"32""",1024x768,MMP25-00350,Assigned,,Dell,i3-6,8,250,DP-HDMI,LAN,Store Front - 1x2 2,Ceiling - 2,128,Queensbay MC-EN 6 - P2 (QMS B),EN,1748472022,cl1ck1x123,,P2,,,,Queensbay,MAXIS CENTRE QUEENSBAY,MC,Northern,Penang,Island,Mall,Shop,"Lot LG05, Lower Ground Floor, Queensbay Mall, 100,Persiaran Bayan Indah, 11900 Bayan Lepas, Penang",Steven Radha Krishnan,60174000413
472,126,356,3,14,4,2,MVD25-00356,Sharp,"40""",1920x1080,MMP25-00356,Assigned,,HP,i5-4,4,500,DP-HDMI,Wifi,Hotlink,Left,478,Prangin Mall MEP-EN 3 - P3 (Hotlink),EN,1917728174,cl1ck1x123,,P3,,,,Prangin Mall,NORTHERN POINT CELLULAR & ACCESSORIES,MEP,Northern,Penang,Island,Mall,Shop,"G33-34, GRD FLOOR, PRANGIN MALL-KOMTAR, JALAN DR LIM CHWEE LEONG, 10100 PULAU PINANG.",LAU CHOON AUN,60124702929
485,,,,,,,MVD25-00351,Sharp,"50""",1920x1080,MP2504-0013,Assigned,,Intel NUC,i3-13,8,250,HDMI,LAN,Postpaid,Postpaid - 2,130,Queensbay MC-EN 7 - P1 (Postpaid R),EN ,1778773109,cl1ck1x123,,P1,,,,Queensbay,MAXIS CENTRE QUEENSBAY,MC,Northern,Penang,Island,Mall,Shop,"Lot LG05, Lower Ground Floor, Queensbay Mall, 100,Persiaran Bayan Indah, 11900 Bayan Lepas, Penang",Steven Radha Krishnan,60174000413
470,126,357,3,14,4,3,MVD25-00357,Sharp,"50""",1080x1920,MMP25-00357,Disposed,,HP,i5-4,4,250,DP-HDMI,Wifi,Postpaid,Right -1 ,476,Prangin Mall MEP-EN 2 - P1 (Postpaid),EN,1047064628,cl1ck1x123,,P1,,,,Prangin Mall,NORTHERN POINT CELLULAR & ACCESSORIES,MEP,Northern,Penang,Island,Mall,Shop,"G33-34, GRD FLOOR, PRANGIN MALL-KOMTAR, JALAN DR LIM CHWEE LEONG, 10100 PULAU PINANG.",LAU CHOON AUN,60124702929
487,,,,,,,MVD25-00352,Sharp,"50""",1920x1080,MP2505-0041,Assigned,,Intel NUC,i3-13,8,250,HDMI,LAN,Postpaid,Postpaid - 1,131,Queensbay MC-EN 8 - P1 (Postpaid L),EN/BM,1915501281,cl1ck1x123,,P1,,,azam,Queensbay,MAXIS CENTRE QUEENSBAY,MC,Northern,Penang,Island,Mall,Shop,"Lot LG05, Lower Ground Floor, Queensbay Mall, 100,Persiaran Bayan Indah, 11900 Bayan Lepas, Penang",Steven Radha Krishnan,60174000413
514,31,108,3,4,3,3,MVD25-00108,Sharp,"50""",1920x1080,MMP25-00108,To be Disposed,49,HP,i5-4,4,500,DP-HDMI,LAN,Hotlink,Back,79,Seremban MC-BM 3 - P3 (Hotlink),BM,1317095452,cl1ck1x123,,P3,,,adam,Seremban,MAXIS CENTRE SEREMBAN,MC,Central,N. Sembilan,Seremban,High Street,Shop,"No 136, Jalan Tun Dr.Ismail, Seremban City Square, 70200 Seremban, Negeri Sembilan",Haryati Binti Hamidon ,60122049625
439,125,353,3,14,2,1,MVD25-00353,Samsung,"65""",1080x1920,MP2508-0105,Assigned,,NUC,Core 3,8,250,HDMI,Wifi,Store Front,SF - Standee,367,Penang Int'l Airport MC 1 - SF,BM,1750020949,cl1ck1x123,,Airport,,wifi dongle no working,,Penang International Aiport,MAXIS CENTRE PENANG INTERNATIONAL AIRPORT (PIA),MC,Northern,Penang,Island,Mall,Shop,"L1LFB3C, Level 1, Arrival Hall,  Lapangan Terbang Antarabangsa Penang, 11900 Bayan Lepas, Pulau Pinang,",Steven Radha Krishnan ,60174000413
440,125,354,3,14,2,2,MVD25-00354,Philips,"40""",1920x1080,MMP25-00354,Assigned,,GIgabyte,i3-3,4,250,HDMI,Wifi,Hotlink,Back,368,Penang Int'l Airport MC 2 - Postpaid,BM,1826254243,cl1ck1x123,,Airport,,,,Penang International Aiport,MAXIS CENTRE PENANG INTERNATIONAL AIRPORT (PIA),MC,Northern,Penang,Island,Mall,Shop,"L1LFB3C, Level 1, Arrival Hall,  Lapangan Terbang Antarabangsa Penang, 11900 Bayan Lepas, Pulau Pinang,",Steven Radha Krishnan ,60174000413
473,126,355,3,14,4,1,MVD25-00355,Philips,"50""",1080x1920,MMP25-00355,Assigned,,Intel NUC,i5-11,8,250,HDMI,Wifi,Store Front,Window,479,Prangin Mall MEP-EN 4 - SF,EN,1881673100,cl1ck1x123,,P1,,,,Prangin Mall,NORTHERN POINT CELLULAR & ACCESSORIES,MEP,Northern,Penang,Island,Mall,Shop,"G33-34, GRD FLOOR, PRANGIN MALL-KOMTAR, JALAN DR LIM CHWEE LEONG, 10100 PULAU PINANG.",LAU CHOON AUN,60124702929
469,126,358,3,14,4,4,MVD25-00358,Sharp,"50""",1080x1028,MMP25-00358,Assigned,,HP,i5-4,4,250,DP-HDMI,Wifi,Fibre,Right - 2,477,Prangin Mall MEP-EN 1 - P2 (Fibree),EN,1122498952,cl1ck1x123,,P2,,,,Prangin Mall,NORTHERN POINT CELLULAR & ACCESSORIES,MEP,Northern,Penang,Island,Mall,Shop,"G33-34, GRD FLOOR, PRANGIN MALL-KOMTAR, JALAN DR LIM CHWEE LEONG, 10100 PULAU PINANG.",LAU CHOON AUN,60124702929
198,128,361,3,14,2,1,MVD25-00361,Panasonic,"50""",1080x1920,MMP25-00361,Assigned,,HP,i3-6,8,250,DP-HDMI,LAN,Store Front,Right -1 ,481,Gurney Plaza MEP-EN 2 - SF,EN,1866759826,cl1ck1x123,,SF,,bluish screen,,Gurney Plaza,NORTHERN POINT CELLULAR & ACCESSORIES,MEP,Northern,Penang,Island,Mall,Shop,"170-3-15, GURNEY PLAZA, PERSIARAN GURNEY, 10250 GEORGETOWN, PULAU PINANG.",LAU CHOON AUN,60124702929
471,,,,,,,MVD25-00357,Sharp,"50""",1080x1920,MP2504-0023,Assigned,,Intel NUC,i3-13,8,250,HDMI,Wifi,Postpaid,Right -1 ,476,Prangin Mall MEP-EN 2 - P1 (Postpaid),EN,1400853091,cl1ck1x123,,P1,,,,Prangin Mall,NORTHERN POINT CELLULAR & ACCESSORIES,MEP,Northern,Penang,Island,Mall,Shop,"G33-34, GRD FLOOR, PRANGIN MALL-KOMTAR, JALAN DR LIM CHWEE LEONG, 10100 PULAU PINANG.",LAU CHOON AUN,60124702929
197,128,362,3,14,2,2,MVD25-00362,Samsung,"65""",1920x1080,MMP25-00362,Disposed,,HP,i3-6,8,250,DP-HDMI,LAN,Fibre,Right - 2,480,Gurney Plaza MEP-EN 1 - Demo TV,EN,1056647880,cl1ck1x123,,Demo TV,,,,Gurney Plaza,NORTHERN POINT CELLULAR & ACCESSORIES,MEP,Northern,Penang,Island,Mall,Shop,"170-3-15, GURNEY PLAZA, PERSIARAN GURNEY, 10250 GEORGETOWN, PULAU PINANG.",LAU CHOON AUN,60124702929
346,44,138,4,6,1,1,MVD25-00138,Sharp,"40""",1920x1080,MMP25-00138,To be Disposed,50,HP,i5-3,4,250,DP-HDMI,LAN,Postpaid,Single,242,Lotus Extra Puchong MEP-EN - P1 (Postpaid),EN,1287472204,cl1ck1x123,,P1,,slight bluish,adam,"Lotus's Extra Puchong, Puchong",Innovatex Communication Sdn Bhd,MEP,Central,Selangor,Puchong,Mall,Shop,"LOT 2, LEVEL 1, TESCO EXTRA PUCHONG, 148-149 PUSAT BANDAR PUCHONG, JALAN BANDAR 3 OFF JALAN PUCHONG, 47100 PUCHONG, SELANGOR.",ALSON,60165203627
555,127,360,3,14,2,2,MVD25-00360,Philips,"50""",1920x1080,MMP25-00360,Disposed,,Dell,i5-2,4,500,DP-HDMI,LAN,Postpaid,,465,"Sunshine Square, PEN MEP-BM 2 - P2 (Postpaid)",BM,1669183224,cl1ck1x123,,P2,,,,"Sunshine Square, Penang",JUST RING COMMUNICATION,MEP,Northern,Penang,Island,Mall,Shop,"LEVEL 1 SUNSHINE SQUARE, JALAN MAYANG PASIR, 11950 BAYAN LEPAS, PULAU PINANG.",TOH,60124513999
556,,,,,,,MVD25-00360,Philips,"50""",1920x1080,MP2504-0005,Unassigned,In the office,Intel NUC,i3-13,8,250,HDMI,LAN-Wifi,Postpaid,,465,"Sunshine Square, PEN MEP-BM 2 - P2 (Postpaid)",BM,1668657915,cl1ck1x123,,P2,,,adam,"Sunshine Square, Penang",JUST RING COMMUNICATION,MEP,Northern,Penang,Island,Mall,Shop,"LEVEL 1 SUNSHINE SQUARE, JALAN MAYANG PASIR, 11950 BAYAN LEPAS, PULAU PINANG.",TOH,60124513999
552,129,364,3,14,2,2,MVD25-00364,Samsung,"65""",1920x1080,MMP25-00364,Assigned,,HP,i3-6,8,250,DP-HDMI,LAN,Fibre,Right - 2,486,"Sunshine Central, PEN MEP-EN 1 - Demo TV",EN,1851303528,cl1ck1x123,,Demo TV,,,,Sunshine Central Penang,NORTHERN STREAM SDN BHD,MEP,Northern,Penang,Island,Mall,Shop,"LOT NO L4-29, LEVEL 4, SUNSHINE MALL @ SUNSHINE CENTRAL, JALAN THEAN TEIK, BANDAR BARU AYER ITAM, 11500 AYER ITAM, PULAU PINANG.",GUNA,60125015813
465,130,365,3,14,4,1,MVD25-00365,Sharp,"40""",1920x1080,MMP25-00365,Assigned,,HP,i5-4,4,250,VGA-HDMI,LAN,Hotlink,Left - 1,304,Prai MC-EN 1 - P3 (Hotlink),EN,1091497220,cl1ck1x123,,P3,,,adam,Prai,MAXIS CENTRE SEBERANG JAYA - PENANG,MC,Northern,Penang,Prai,High Street,Shop,"52, Jln Todak 4, Pusat Bandar Seberang Jaya, 13700 Prai, Penang",Tioh Peng Cheun,60124000048
197,128,362,3,14,2,2,MVD25-00362,Samsung,"65""",1920x1080,MP2509-0128,Assigned,,NUC,Core 3,8,250,HDMI,Wifi,Fibre,Right - 2,480,Gurney Plaza MEP-EN 1 - Demo TV,EN,1090346432,cl1ck1x123,,Demo TV,,,,Gurney Plaza,NORTHERN POINT CELLULAR & ACCESSORIES,MEP,Northern,Penang,Island,Mall,Shop,"170-3-15, GURNEY PLAZA, PERSIARAN GURNEY, 10250 GEORGETOWN, PULAU PINANG.",LAU CHOON AUN,60124702929
553,129,363,3,14,2,1,MVD25-00363,Philips,"65""",1080x1920,MMP25-00363,Assigned,,Dell,i3-6,8,250,DP-HDMI,LAN,Store Front,Right -1 ,485,"Sunshine Central, PEN MEP-EN 2 - SF",EN,1285917611,cl1ck1x123,,P1,,,,Sunshine Central Penang,NORTHERN STREAM SDN BHD,MEP,Northern,Penang,Island,Mall,Shop,"LOT NO L4-29, LEVEL 4, SUNSHINE MALL @ SUNSHINE CENTRAL, JALAN THEAN TEIK, BANDAR BARU AYER ITAM, 11500 AYER ITAM, PULAU PINANG.",GUNA,60125015813
466,130,366,3,14,4,2,MVD25-00366,Sharp,"50""",1080x1920,MMP25-00366,Assigned,,HP,i5-4,4,500,DP-HDMI,LAN,MIRA,Left - 2,305,Prai MC-EN 2 - MIRA,EN,149546658,cl1ck1x123,,MIRA,,,adam,Prai,MAXIS CENTRE SEBERANG JAYA - PENANG,MC,Northern,Penang,Prai,High Street,Shop,"52, Jln Todak 4, Pusat Bandar Seberang Jaya, 13700 Prai, Penang",Tioh Peng Cheun,60124000048
468,130,368,3,14,4,4,MVD25-00368,Sharp,"50""",1920x1080,MMP25-00368,Assigned,,HP,i5-4,tbc,500,DP-HDMI,LAN,EMS,Back,307,Prai MC-EN 4 - P1 (Back),EN,1056279848,cl1ck1x123,,P1,,,adam,Prai,MAXIS CENTRE SEBERANG JAYA - PENANG,MC,Northern,Penang,Prai,High Street,Shop,"52, Jln Todak 4, Pusat Bandar Seberang Jaya, 13700 Prai, Penang",Tioh Peng Cheun,60124000048
558,132,371,3,14,5,2,MVD25-00371,Philips,"50""",1080x1920,MMP25-00371,Assigned,,HP,i5-4,4,1000,DP-HDMI,LAN,Store Front,,158,Sunway Carnival MC-EN 1 - SF,EN,1297041757,cl1ck1x123,,P1,,,adam,Sunway Carnival,MAXIS CENTRE SUNWAY CARNIVAL,MC,Northern,Penang,Prai,Mall,Shop,"LG-46, Lower Ground Floor, Sunway Carnival Mall, 3068 Jalan Todak, Seberang Jaya, 13700 Prai, Pulau Pinang",Tioh Peng Cheun,60124000048
,204,550,1,25,3,1,MVD25-00550,Sharp,"55""",768x1360,MMP25-00550,To be Disposed,51,GIgabyte,Pentium G2,4,500,DP-HDMI,LAN,Store Front,Window,,"Sutera Mall, JB MEP-EN 1 - SF",EN,1288053002,cl1ck1x123,,P1,,,adam,Sutera Mall JB,SHINING TELECOMMUNICATION SDN BHD,MEP,Southern,Johor,JB,Mall,Shop,"L2.211 & 212, SUTERAMALL, JALAM SUTERA TANJUNG 8/4, TAMAN SUTERA UTAMA, 81300 SKUDAI, JOHOR.",NICOLE,60127101100
467,130,367,3,14,4,3,MVD25-00367,Samsung,"65""",1920x1080,MP2603-0037,Assigned,,NUC,Core 3,8,250,HDMI,LAN,Zerolution,Right,306,Prai MC-EN 3 - Demo TV,EN,1161693051,cl1ck1x123,,Demo TV,,,adam,Prai,MAXIS CENTRE SEBERANG JAYA - PENANG,MC,Northern,Penang,Prai,High Street,Shop,"52, Jln Todak 4, Pusat Bandar Seberang Jaya, 13700 Prai, Penang",Tioh Peng Cheun,60124000048
559,132,372,3,14,5,3,MVD25-00372,Sharp,"50""",1080x1920,MMP25-00372,Assigned,,HP,i5-4,tbc,250,DP-HDMI,LAN,MIRA,Right -1 ,160,Sunway Carnival MC-EN 2 - MIRA,EN,1657263186,cl1ck1x123,,MIRA,,,adam,Sunway Carnival,MAXIS CENTRE SUNWAY CARNIVAL,MC,Northern,Penang,Prai,Mall,Shop,"LG-46, Lower Ground Floor, Sunway Carnival Mall, 3068 Jalan Todak, Seberang Jaya, 13700 Prai, Pulau Pinang",Tioh Peng Cheun,60124000048
119,131,369,3,14,1,1,MVD25-00369,Sharp,"50""",1920x1080,MMP25-00369,Disposed,,Lenovo,i5-9,8,250,DP-HDMI,Wifi,Postpaid,Single,498,"Auto City, PEN MEP-EN",EN,1176519225,cl1ck1x123,,P1,,"pc replaced, bios startup time",adam,Auto City,WEELY MOBILE SDN. BHD.,MEP,Northern,Penang,Prai,High Street,Shop,"NO. 1824-G2, JLN PERUSAHAAN HIGHWAY AUTO-CITY, 13600 PRAI, PULAU PINANG.",Dennis,60177190322
120,,,,,,,MVD25-00369,Sharp,"50""",1920x1080,MP2504-0011,Assigned,,Intel NUC,i3-13,8,250,HDMI,WiFi,Postpaid,Single,498,"Auto City, PEN MEP-EN",EN,1347364853,cl1ck1x123,,P1,,,adam,Auto City,WEELY MOBILE SDN. BHD.,MEP,Northern,Penang,Prai,High Street,Shop,"NO. 1824-G2, JLN PERUSAHAAN HIGHWAY AUTO-CITY, 13600 PRAI, PULAU PINANG.",Dennis,60177190322
415,132,370,3,14,5,1,MVD25-00370,tbc,tbc,tbc,MMP25-00370,Assigned,,n/a,n/a,0,0,tbc,tbc,tbc,tbc,tbc,not installed - no player,,,cl1ck1x123,,,,,,Sunway Carnival,MAXIS CENTRE SUNWAY CARNIVAL,MC,Northern,Penang,Prai,Mall,Shop,"LG-46, Lower Ground Floor, Sunway Carnival Mall, 3068 Jalan Todak, Seberang Jaya, 13700 Prai, Pulau Pinang",Tioh Peng Cheun,60124000048
561,132,374,3,14,5,5,MVD25-00374,LED,tbc,1920x1080,MMP25-00374,Assigned,,HP,i3-6,8,250,DP-HDMI,LAN,LED,Left,157,Sunway Carnival MC-EN 4 - P2 (LED),EN,1306219956,cl1ck1x123,,P2,,,adam,Sunway Carnival,MAXIS CENTRE SUNWAY CARNIVAL,MC,Northern,Penang,Prai,Mall,Shop,"LG-46, Lower Ground Floor, Sunway Carnival Mall, 3068 Jalan Todak, Seberang Jaya, 13700 Prai, Pulau Pinang",Tioh Peng Cheun,60124000048
667,133,376,3,14,2,1,MVD25-00376,Sharp,"50""",1920x1080,MMP25-00376,Assigned,,HP,i5-4,4,500,DP-HDMI,LAN,Fibre,Right -1 ,466,"Simpang Ampat, PEN MEP-BM 1 - P2 (Fibre)",BM,1801344722,cl1ck1x123,,P2,,,adam,"Simpang Ampat, Penang",LBL MULTI SDN. BHD.,MEP,Northern,Penang,Simpang Ampat,High Street,Shop,"NO 1, JALAN KERUING, KAWASAN PERNIAGAAN SIMPANG AMPAT, 14100 SIMPANG AMPAT, PULAU PINANG.",MS. TAN ,60124903743
213,37,122,4,5,2,1,MVD25-00122,Samsung,"60""",1920x1080,MMP25-00122,To be Disposed,52,HP,i5-3,4,250,DP-HDMI,LAN,Fibre,Right - 2,381,"IOI City Mall, Putrajaya MEP-EN 1 - P2 (Left)",EN,1120385864,cl1ck1x123,,P2,,,adam,"IOI City Mall, Putrajaya",COMPU-COMM HOLDINGS SDN BHD,MEP,Central,Putrajaya,Putrajaya,Mall,Shop,"L2-45 SECOND FLOOR, IOI CITY MALL, LEBUH IRC, 62502 WP-PUTRAJAYA.",LAO HOCK HWA,60126217579
560,132,373,3,14,5,4,MVD25-00373,LG,"65""",1920x1080,MP2601-0015,Assigned,,NUC,Core 3,8,250,HDMI,WiFi,Fibre,Right - 2,159,Sunway Carnival MC-EN 3 - Demo TV,EN,1192226417,cl1ck1x123,,Demo TV,,,adam,Sunway Carnival,MAXIS CENTRE SUNWAY CARNIVAL,MC,Northern,Penang,Prai,Mall,Shop,"LG-46, Lower Ground Floor, Sunway Carnival Mall, 3068 Jalan Todak, Seberang Jaya, 13700 Prai, Pulau Pinang",Tioh Peng Cheun,60124000048
530,133,377,3,14,2,2,MVD25-00377,Sharp,"50""",1080x1920,MMP25-00377,Disposed,,HP,i5-4,4,1000,DP-HDMI,LAN,Hotlink,Left - 1,467,"SImpang Ampat, PEN MEP-BM 2 - P1 (Hotlink)",BM,1273761969,cl1ck1x123,,P1,,,adam,"Simpang Ampat, Penang",LBL MULTI SDN. BHD.,MEP,Northern,Penang,Simpang Ampat,High Street,Shop,"NO 1, JALAN KERUING, KAWASAN PERNIAGAAN SIMPANG AMPAT, 14100 SIMPANG AMPAT, PULAU PINANG.",MS. TAN ,60124903743
,132,375,3,14,5,6,MVD25-00375,Sharp,"50""",1920x1080,MMP25-00375,Assigned,,Dell,i3-6,8,250,HDMI,LAN,Postpaid,Right - 3,156,Sunway Carnival MC-EN 5 - P3 (Postpaid),EN,1528892131,cl1ck1x123,,P3,,,adam,Sunway Carnival,MAXIS CENTRE SUNWAY CARNIVAL,MC,Northern,Penang,Prai,Mall,Shop,"LG-46, Lower Ground Floor, Sunway Carnival Mall, 3068 Jalan Todak, Seberang Jaya, 13700 Prai, Pulau Pinang",Tioh Peng Cheun,60124000048
666,134,379,4,15,2,2,MVD25-00379,Sharp,"40""",1920x1080,MMP25-00379,Assigned,,HP,i5-3,4,250,DP-HDMI,LAN,Postpaid,Right,436,"Wisma Kurnia, Alor Setar MEP-EN 2 - P2",EN,204490643,cl1ck1x123,,P2,,,,"Wisma Kurnia, Alor Setar",BK TELECOMMUNICATION,MEP,Northern,Kedah,Alor Setar,High Street,Shop,"18E, WISMA KURNIA, LEBUHRAYA DARUL AMAN, 05100 ALOR SETAR, KEDAH.",MOHD FIKRI NAIM BIN FATHIL,6.01134E+11
97,135,380,4,15,6,1,MVD25-00380,Sharp,"50""",1080x1920,MMP25-00380,Disposed,,HP,i5-3,4,500,DP-HDMI,LAN,MIRA,Right,161,Aman Central MC-BM 1 - MIRA,BM,568439950,cl1ck1x123,,MIRA,,,adam,Aman Central,MAXIS CENTRE AMAN CENTRAL,MC,Northern,Kedah,Alor Setar,Mall,Shop,"Lot G-06, Ground Level Aman Central, Lebuhraya Darul Aman, 05150 Alor Setar",Moses,60124000048
531,,,,,,,MVD25-00377,Sharp,"50""",1080x1920,MP2504-0021,Assigned,,Intel NUC,i3-13,8,250,HDMI,LAN,Hotlink,Left - 1,467,"SImpang Ampat, PEN MEP-BM 2 - P1 (Hotlink)",BM,1989308617,cl1ck1x123,,P1,,,adam,"Simpang Ampat, Penang",LBL MULTI SDN. BHD.,MEP,Northern,Penang,Simpang Ampat,High Street,Shop,"NO 1, JALAN KERUING, KAWASAN PERNIAGAAN SIMPANG AMPAT, 14100 SIMPANG AMPAT, PULAU PINANG.",MS. TAN ,60124903743
665,134,378,4,15,2,1,MVD25-00378,Sharp,"50""",1080x1920,MMP25-00378,Assigned,,Lenovo,i5-9,8,1200,DP-HDMI,Wifi,Hotlink,Left,435,"Wisma Kurnia, Alor Setar MEP-EN 1 - P1",EN,907575020,cl1ck1x123,,P1,,,adam,"Wisma Kurnia, Alor Setar",BK TELECOMMUNICATION,MEP,Northern,Kedah,Alor Setar,High Street,Shop,"18E, WISMA KURNIA, LEBUHRAYA DARUL AMAN, 05100 ALOR SETAR, KEDAH.",MOHD FIKRI NAIM BIN FATHIL,6.01134E+11
102,135,381,4,15,6,2,MVD25-00381,Philips,"40""",1920x1080,MMP25-00381,Disposed,,HP,i5-4,4,470,DP-HDMI,Wifi,Zerolution,Right -1 ,166,Aman Central MC-BM 4 - P2 (Zerolution),BM,1744727437,cl1ck1x123,,P2,,,adam,Aman Central,MAXIS CENTRE AMAN CENTRAL,MC,Northern,Kedah,Alor Setar,Mall,Shop,"Lot G-06, Ground Level Aman Central, Lebuhraya Darul Aman, 05150 Alor Setar",Moses,60124000048
101,135,382,4,15,6,3,MVD25-00382,Samsung,"65""",1080x1920,MMP25-00382,Disposed,,HP,i5-4,4,500,DP-HDMI,LAN,Store Front,Left - 1,165,Aman Central MC-BM 3 - SF,BM,569397971,cl1ck1x123,,P1,,,adam,Aman Central,MAXIS CENTRE AMAN CENTRAL,MC,Northern,Kedah,Alor Setar,Mall,Shop,"Lot G-06, Ground Level Aman Central, Lebuhraya Darul Aman, 05150 Alor Setar",Moses,60124000048
98,,,,,,,MVD25-00380,Sharp,"50""",1080x1920,MP2505-0043,Disposed,,Intel NUC,i3-13,8,250,HDMI,LAN,MIRA,Right,161,Aman Central MC-BM 1 - MIRA,BM,1016981688,cl1ck1x123,,MIRA,,,azam,Aman Central,MAXIS CENTRE AMAN CENTRAL,MC,Northern,Kedah,Alor Setar,Mall,Shop,"Lot G-06, Ground Level Aman Central, Lebuhraya Darul Aman, 05150 Alor Setar",Moses,60124000048
103,135,383,4,15,6,4,MVD25-00383,LG,"55""",1920x1080,MMP25-00383,Disposed,,HP,i5-4,4,470,DP-HDMI,LAN,Fibre,Left - 2,164,Aman Central MC-BM 6 - Demo TV,BM,1266803973,cl1ck1x123,,Demo TV,,birghtness,adam,Aman Central,MAXIS CENTRE AMAN CENTRAL,MC,Northern,Kedah,Alor Setar,Mall,Shop,"Lot G-06, Ground Level Aman Central, Lebuhraya Darul Aman, 05150 Alor Setar",Moses,60124000048
99,135,385,4,15,6,6,MVD25-00385,Philips,"50""",1920x1080,MMP25-00385,Disposed,,HP,i5-2,4,250,DP-HDMI,LAN,Business,Back,163,Aman Central MC-BM 2 - P2 (Business),BM,1670204106,cl1ck1x123,,P2,,,adam,Aman Central,MAXIS CENTRE AMAN CENTRAL,MC,Northern,Kedah,Alor Setar,Mall,Shop,"Lot G-06, Ground Level Aman Central, Lebuhraya Darul Aman, 05150 Alor Setar",Moses,60124000048
95,136,388,4,15,4,3,MVD25-00388,Samsung,"65""",1920x1080,MMP25-00388,Assigned,,HP,i5-4,4,500,DP-HDMI,LAN,Zerolution,Right - 2,489,Alor Setar Mall MEP-BM 3 - Demo TV,BM,1328392625,cl1ck1x123,,Demo TV,,dark spot,adam,Alor Setar Mall,PHONE GLOBAL SDN BHD,MEP,Northern,Kedah,Alor Setar,Mall,Shop,"LOT G-35,GROUND FLOOR, ALOR SETAR MALL, KAWASAN PERUSAHAAN TANDOP BARU, 05400 ALOR SETAR, KEDAH.",YEAP BOON SUANG,60195600607
103,135,384,4,15,6,5,MVD25-00384,Sharp,"50""",1920x1080,MMP25-00384,Disposed,,Dell,i5-3,4,500,DP-HDMI,LAN,Hotlink,Left - 3,162,Aman Central MC-BM 5 - P3 (Hotlink),BM,1188321315,cl1ck1x123,,P3,,,adam,Aman Central,MAXIS CENTRE AMAN CENTRAL,MC,Northern,Kedah,Alor Setar,Mall,Shop,"Lot G-06, Ground Level Aman Central, Lebuhraya Darul Aman, 05150 Alor Setar",Moses,60124000048
259,138,394,4,15,2,2,MVD25-00394,Sharp,"40""",1920x1080,MMP25-00394,Disposed,,HP,i5-3,4,250,DP-HDMI,LAN,Postpaid,Left - 1,457,Jerai Plaza MEP-BM 2 - P2 (Postpaid),BM,218289074,cl1ck1x123,,P2,,,adam,Jerai Plaza,GENTING NORTH TELEKOMUNIKASI,MEP,Northern,Kedah,Gurun,Mall,Shop,"LOT 50&51 JERAI PLAZA JALAN JERAI MAJU 1, TAMAN JERAI MAJU, 08300 GURUN, KEDAH.",NURUL HANISUHAIRA BINTI MOHAMAD RASLAN,60134226218
100,,,,,,,MVD25-00385,Philips,"50""",1920x1080,MP2504-0010,Disposed,,Intel NUC,i3-13,8,250,HDMI,Lan,Business,Back,163,Aman Central MC-BM 2 - P2 (Business),BM,1273035988,cl1ck1x123,,P2,,,adam,Aman Central,MAXIS CENTRE AMAN CENTRAL,MC,Northern,Kedah,Alor Setar,Mall,Shop,"Lot G-06, Ground Level Aman Central, Lebuhraya Darul Aman, 05150 Alor Setar",Moses,60124000048
93,136,386,4,15,4,1,MVD25-00386,Philips,"50""",1080x1920,MMP25-00386,Assigned,,Intel NUC,i5-11,8,250,HDMI,Wifi,Postpaid,Left - 1,487,Alor Setar Mall MEP-BM 1 - P1 (Postpaid),BM,1417301223,cl1ck1x123,,P1,,,adam,Alor Setar Mall,PHONE GLOBAL SDN BHD,MEP,Northern,Kedah,Alor Setar,Mall,Shop,"LOT G-35,GROUND FLOOR, ALOR SETAR MALL, KAWASAN PERUSAHAAN TANDOP BARU, 05400 ALOR SETAR, KEDAH.",YEAP BOON SUANG,60195600607
272,90,269,2,11,1,1,MVD25-00269,Sharp,"40""",1920x1080,MMP25-00269,To be Disposed,53,HP,i5-3,4,230,DP-HDMI,LAN,Postpaid,Right -1 ,600,Kemaman Center Point MEP-BM,BM,1300058100,cl1ck1x123,,P1,,,,Kemaman Centre Point,TCT SALES & SERVICES SDN BHD,MEP,East Coast,Terengganu,Chukai,Mall,Shop,"KCP 43, KEMAMAN CENTRE POINT FASA 1, JALAN LIMBONG, 24000 CUKAI, TERENGGANU.",CHUN HOW,60129283339
94,136,387,4,15,4,2,MVD25-00387,Sharp,"50""",1080x1920,MP2602-0025,Assigned,,NUC,Core 3,8,250,HDMI,LAN,Fibre,Right -1 ,488,Alor Setar Mall MEP-BM 2 - P2 (Fibre),BM,1317979507,cl1ck1x123,,P2,,,adam,Alor Setar Mall,PHONE GLOBAL SDN BHD,MEP,Northern,Kedah,Alor Setar,Mall,Shop,"LOT G-35,GROUND FLOOR, ALOR SETAR MALL, KAWASAN PERUSAHAAN TANDOP BARU, 05400 ALOR SETAR, KEDAH.",YEAP BOON SUANG,60195600607
261,139,395,4,15,1,1,MVD25-00395,Sharp,"40""",1920x1080,MMP25-00395,Disposed,,HP,i5-4,4,500,DP-HDMI,Wifi,Postpaid,Single,463,Jitra Mall MEP-BM,BM,367324313,cl1ck1x123,,P1,,,adam,"Jitra Mall, Kedah",MINITEL ENTERPRISE,MEP,Northern,Kedah,Jitra,Mall,Shop,"G-06, JITRA MALL, PEKAN JITRA 3, 06000 JITRA, KEDAH.",HAN KHIM,60174087157
96,136,389,4,15,4,4,MVD25-00389,Toshiba,"40""",1920x1080,MMP25-00389,Assigned,,Dell,i3-6,8,250,DP-HDMI,LAN,Hotlink,Left - 2,490,Alor Setar Mall MEP-BM 4 - P3 (Hotlink),BM,1787244367,cl1ck1x123,,P3,,,adam,Alor Setar Mall,PHONE GLOBAL SDN BHD,MEP,Northern,Kedah,Alor Setar,Mall,Shop,"LOT G-35,GROUND FLOOR, ALOR SETAR MALL, KAWASAN PERUSAHAAN TANDOP BARU, 05400 ALOR SETAR, KEDAH.",YEAP BOON SUANG,60195600607
149,137,390,4,15,3,1,MVD25-00390,Sharp,"50""",1080x1920,MMP25-00390,Assigned,,Dell,i3-6,8,700,HDMI,LAN,Fibre,Right -1 ,459,Changlun MEP-BM 1 - P1 (Fibre),BM,1024753919,cl1ck1x123,,P1,,,adam,"Changlun, Kedah",IDEKA MAJU ENTERPRISE,MEP,Northern,Kedah,Changloon,High Street,Shop,"NO. 27, JALAN PEKAN CHANGLOON 5, 06010 CHANGLOON, KEDAH.",Ila,60137595443
150,137,391,4,15,3,2,MVD25-00391,Samsung,"65""",1920x1080,MMP25-00391,Assigned,,Dell,i3-6,8,250,HDMI,LAN,Demo TV,Right - 2,461,Changlun MEP-BM 2 - Demo TV,BM,1779225590,cl1ck1x123,,Demo TV,,,adam,"Changlun, Kedah",IDEKA MAJU ENTERPRISE,MEP,Northern,Kedah,Changloon,High Street,Shop,"NO. 27, JALAN PEKAN CHANGLOON 5, 06010 CHANGLOON, KEDAH.",Ila,60137595443
150,137,391,4,15,3,2,MVD25-00383,LG,"65""",1920x1080,MMP25-00391,Assigned,,Dell,i3-6,8,250,HDMI,LAN,Demo TV,Right - 2,461,Changlun MEP-BM 2 - Demo TV,BM,1779225590,cl1ck1x123,,Demo TV,,,adam,"Changlun, Kedah",IDEKA MAJU ENTERPRISE,MEP,Northern,Kedah,Changloon,High Street,Shop,"NO. 27, JALAN PEKAN CHANGLOON 5, 06010 CHANGLOON, KEDAH.",Ila,60137595443
151,137,392,4,15,3,3,MVD25-00392,Sharp,"50""",1920x1080,MMP25-00392,Assigned,,Dell,i3-6,8,250,HDMI,LAN,Hotlink,Right - 3,460,Changlun MEP-BM 3 - P3 (Hotlink),BM,1154466243,cl1ck1x123,,P3,,,adam,"Changlun, Kedah",IDEKA MAJU ENTERPRISE,MEP,Northern,Kedah,Changloon,High Street,Shop,"NO. 27, JALAN PEKAN CHANGLOON 5, 06010 CHANGLOON, KEDAH.",Ila,60137595443
258,138,393,4,15,2,1,MVD25-00393,Philips,"50""",1080x1920,MMP25-00393,Assigned,,Intel NUC,i5-11,8,250,HDMI,Wifi,Store Front,,458,Jerai Plaza MEP-BM 1 - SF,BM,1005299485,cl1ck1x123,,P1,,,adam,Jerai Plaza,GENTING NORTH TELEKOMUNIKASI,MEP,Northern,Kedah,Gurun,Mall,Shop,"LOT 50&51 JERAI PLAZA JALAN JERAI MAJU 1, TAMAN JERAI MAJU, 08300 GURUN, KEDAH.",NURUL HANISUHAIRA BINTI MOHAMAD RASLAN,60134226218
306,140,396,4,15,1,1,MVD25-00396,Samsung,"65""",1920x1080,MMP25-00396,Assigned,,HP,i3-6,8,250,DP-HDMI,LAN,Fibre,Single,502,Kuala Ketil MEP-BM,BM,1702031509,cl1ck1x123,,P1,,,adam,Kuala Ketil,YY COMMUNICATION,MEP,Northern,Kedah,Kuala Ketil,High Street,Shop,"43 , TAMAN TANJUNG PUTERI , 09300 KUALA KETIL , KEDAH",Medat,60162681676
260,,,,,,,MVD25-00394,Sharp,"40""",1920x1080,MP2505-0039,Assigned,,Intel NUC,i3-13,8,250,HDMI,LAN,Postpaid,Left - 1,457,Jerai Plaza MEP-BM 2 - P2 (Postpaid) ,BM,1069008964,cl1ck1x123,,P2,,,adam,Jerai Plaza,GENTING NORTH TELEKOMUNIKASI,MEP,Northern,Kedah,Gurun,Mall,Shop,"LOT 50&51 JERAI PLAZA JALAN JERAI MAJU 1, TAMAN JERAI MAJU, 08300 GURUN, KEDAH.",NURUL HANISUHAIRA BINTI MOHAMAD RASLAN,60134226218
112,21,77,1,2,6,3,MVD25-00077,Sharp,"50""",1920x1080,MMP25-00077,To be Disposed,54,HP,i5-4,4,500,DP-HDMI,LAN,,,108,Ampang Point MC-BM 5 - Biz B P2,BM,1918849767,cl1ck1x123,,P2,,,adam,Ampang Point,MAXIS CENTRE AMPANG POINT,MC,Central,Selangor,Ampang,High Street,Shop,"90, Lorong Mamanda 1, Ampang Point, Taman Dato Ahmad Razali 68000 Ampang Selangor.",Shafizul Hakim Bin Jamil,60122488965
,,,,,,,MVD25-00395,Sharp,"40""",1920x1080,MP2xxx-xxxx,Assigned,,Intel NUC,core 3,8,250,HDMI,Wifi,,,463,Jitra Mall MEP-BM,BM,1749284340,cl1ck1x123,,,,,,"Jitra Mall, Kedah",MINITEL ENTERPRISE,MEP,Northern,Kedah,Jitra,Mall,,"G-06, JITRA MALL, PEKAN JITRA 3, 06000 JITRA, KEDAH.",HAN KHIM,60174087157
326,142,399,4,15,3,2,MVD25-00399,Sharp,"50""",1080x1920,MMP25-00399,Assigned,,HP,i5-4,4,500,DP-HDMI,Wifi,Fibre,Right - 2,496,Kulim Landmark Centre MEP-EN 2 - P3 (Fibre),EN,1042234955,cl1ck1x123,,P3,,,adam,Kulim Landmark Centre,RAYSON COMMUNICATION & TRADING,MEP,Northern,Kedah,Kulim,Mall,Shop,"LOT1-39, 1ST FLOOR, KULIM CENTRAL, JALAN KTC 1, 09000 KULIM, KEDAH.",RACHEL,60124715305
214,37,123,4,5,2,2,MVD25-00123,Samsung,"50""",1080x1920,MMP25-00123,To be Disposed,55,HP,i5-4,6,1000,DP-HDMI,LAN,Postpaid,Right -1 ,380,"IOI City Mall, Putrajaya MEP-EN 2 - P1 (Right)",EN,1831848772,cl1ck1x123,,P1,,,adam,"IOI City Mall, Putrajaya",COMPU-COMM HOLDINGS SDN BHD,MEP,Central,Putrajaya,Putrajaya,Mall,Shop,"L2-45 SECOND FLOOR, IOI CITY MALL, LEBUH IRC, 62502 WP-PUTRAJAYA.",LAO HOCK HWA,60126217579
327,142,400,4,15,3,3,MVD25-00400,Sharp,"40""",1920x1080,MMP25-00400,Assigned,,HP,i5-3,4,250,DP-HDMI,Wifi,Postpaid,Left - 1,495,Kulim Landmark Centre MEP-EN 3 - P2 (Postpaid),EN,1788581007,cl1ck1x123,,P2,,bluish,adam,Kulim Landmark Centre,RAYSON COMMUNICATION & TRADING,MEP,Northern,Kedah,Kulim,Mall,Shop,"LOT1-39, 1ST FLOOR, KULIM CENTRAL, JALAN KTC 1, 09000 KULIM, KEDAH.",RACHEL,60124715305
325,,,,,,,MVD25-00398,Sharp,"50""",1080x1920,MP2505-0040,Assigned,,Intel NUC,i3-13,8,250,HDMI,Wifi,Store Front,Right -1 ,n/a,Kulim Landmark Centre MEP-EN 1 - SF,EN ,1726731453,cl1ck1x123,,P1,,,azam,Kulim Landmark Centre,RAYSON COMMUNICATION & TRADING,MEP,Northern,Kedah,Kulim,Mall,Shop,"LOT1-39, 1ST FLOOR, KULIM CENTRAL, JALAN KTC 1, 09000 KULIM, KEDAH.",RACHEL,60124715305
334,143,402,4,15,3,2,MVD25-00402,Samsung,"65""",1920x1080,MMP25-00402,Assigned,,HP,i5-4,4,463,VGA-HDMI,LAN,Fibre,Right - 2,358,Langkawi MC-BM 2 - Demo TV,BM,1318053462,cl1ck1x123,,Demo TV,,,,Langkawi,MAXIS CENTRE LANGKAWI - KEDAH,MC,Northern,Kedah,Langkawi,High Street,Shop,"No 1, Persiaran Mutiara, Kelana Emas, 07000 Langkawi, Kedah",Lim Mee Mee,60124000306
335,143,403,4,15,3,3,MVD25-00403,Sharp,"50""",1080x1920,MMP25-00403,Assigned,,HP,i5-4,4,463,VGA-HDMI,LAN,MIRA,Right -1 ,356,Langkawi MC-BM 3 - MIRA,BM,1155225970,cl1ck1x123,,MIRA,,,,Langkawi,MAXIS CENTRE LANGKAWI - KEDAH,MC,Northern,Kedah,Langkawi,High Street,Shop,"No 1, Persiaran Mutiara, Kelana Emas, 07000 Langkawi, Kedah",Lim Mee Mee,60124000306
333,143,401,4,15,3,1,MVD25-00401,Sharp,"40""",1920x1080,MMP25-00401,Assigned,,,,,,,,Hotlink,Left - 1,357,Langkawi MC-BM 1 - P1 (Hotlink),BM,1790223497,cl1ck1x123,,P1,,,,Langkawi,MAXIS CENTRE LANGKAWI - KEDAH,MC,Northern,Kedah,Langkawi,High Street,Shop,"No 1, Persiaran Mutiara, Kelana Emas, 07000 Langkawi, Kedah",Lim Mee Mee,60124000306
509,146,408,4,15,3,1,MVD25-00408,Philips,"50""",1080x1920,MMP25-00408,Assigned,,HP,i5-4,4,250,DP-HDMI,Wifi,Zerolution,Left - 1,499,Serai Wangi Mall MEP-EN 1 - P1 (Zerolution),EN,1662814977,cl1ck1x123,,P1,,,adam,Serai Wangi Mall,SH TELECOMMUNICATION PLT,MEP,Northern,Kedah,Padang Serai,Mall,Shop,"Lot 17 & 18, SERAI WANGI MALL,  No 2500, LORONG SERAI WANGI, 4/10, TAMAN SERAI WANGI III & IV, 09400 PADANG SERAI, KEDAH.",Tan Seng Haur,60124944419
510,146,409,4,15,3,2,MVD25-00409,Samsung,"65""",1920x1080,MMP25-00409,Assigned,,HP,i5-6,8,250,DP-HDMI,Wifi,Fibre,Left - 2,500,Serai Wangi Mall MEP-EN 2 - Demo TV,EN,1794499836,cl1ck1x123,,Demo TV,,,adam,Serai Wangi Mall,SH TELECOMMUNICATION PLT,MEP,Northern,Kedah,Padang Serai,Mall,Shop,"Lot 17 & 18, SERAI WANGI MALL,  No 2500, LORONG SERAI WANGI, 4/10, TAMAN SERAI WANGI III & IV, 09400 PADANG SERAI, KEDAH.",Tan Seng Haur,60124944419
336,144,404,4,15,1,1,MVD25-00404,Sharp,"40""",1024x768,MMP25-00404,Assigned,,Fujitsu,i5-0650,4,250,VGA-HDMI,"LAN, Wifi",Postpaid,Left - 1,494,Langkawi MEP-BM,BM,1219857442,cl1ck1x133,,P1,,"lan problem, use wifi",,Langkawi MEP,SUMMERRYTOP SDN BHD,MEP,Northern,Kedah,Langkawi,High Street,Shop,"NO. 33, JALAN PANDAK MAYAH 5, MUKIM KUAH, 07000 LANGKAWI, KEDAH.",SUKI,60124745819
329,145,405,4,15,3,1,MVD25-00405,Sharp,"40""",1920x1080,MMP25-00405,Assigned,,Intel NUC,i3-8,4,222,HDMI,LAN,Store Front - 1x3 1,Ceiling - 1,369,Langkawi Int'l Airport MC-EN 1 - Left,EN,195396433,cl1ck1x123,,Airport,,,,Langkawi International Airport,MAXIS CENTRE LANGKAWI INTERNATIONAL AIRPORT (LIA),MC,Northern,Kedah,Langkawi,Mall,Shop,"L1L17 , Level 1 Departure Hall ( Landside ), Langkawi International Airport, 07000 , Langkawi, Kedah",Lim Mee Mee,60124000306
285,48,151,4,6,1,1,MVD25-00151,Samsung,"65""",1920x1080,MMP25-00151,To be Disposed,56,HP,i5-2,4,tbc,DP-HDMI,LAN,Kiosk,Back,117,KLIA 1 Kiosk-EN,EN,1961297349,cl1ck1x123,,Airport,,,azam,KLIA kiosk,MAXIS CENTRE KLIA KIOSK,MC,Central,Selangor,Sepang,Mall,Shop,"MTB-3-L09,LEVEL 3,MAIN TERMINAL BUILDING, KUALA LUMPUR INTERNATIONAL AIRPORT, 64000 KLIA,SELANGOR",Noraini Binti Azmi,60123023031
332,145,406,4,15,3,2,MVD25-00406,Sharp,"40""",1920x1080,MP2507-0076,Assigned,,Intel NUC,Core 3,8,250,HDMI,WiFi ,Store Front - 1x3 3,Ceiling - 3,370,Langkawi Int'l Airport MC-EN 3 - Right,EN,1893822133,cl1ck1x123,,Airport,,,,Langkawi International Airport,MAXIS CENTRE LANGKAWI INTERNATIONAL AIRPORT (LIA),MC,Northern,Kedah,Langkawi,Mall,Shop,"L1L17 , Level 1 Departure Hall ( Landside ), Langkawi International Airport, 07000 , Langkawi, Kedah",Lim Mee Mee,60124000306
283,52,161,5,7,4,1,MVD25-00161,LG,"55""",1080x1920,MMP25-00161,To be Disposed,57,HP,i5-2,4,250,DP-HDMI,LAN,Fibre,,284,Klang Parade MEP-EN 3 - P1 (Fibre),EN,1826710377,cl1ck1x123,,P1,,,adam,Klang Parade,ASHITA COMMUNICATION SDN BHD,MEP,Central,Selangor,Klang,High Street,Shop,"LOT S37, 2ND FLOOR, KLANG PARADE, NO2112, 41050 KLANG, SELANGOR.",FION ,60122793818
330,145,407,4,15,3,3,MVD25-00407,Sharp,"40""",1920x1080,MMP25-00407,Disposed,,Intel NUC,i3-8,4,222,HDMI,LAN,Store Front - 1x3 2,Ceiling - 2,371,Langkawi Int'l Airport MC-EN 2 - Mid,EN,1123862073,cl1ck1x123,,Airport,,,,Langkawi International Airport,MAXIS CENTRE LANGKAWI INTERNATIONAL AIRPORT (LIA),MC,Northern,Kedah,Langkawi,Mall,Shop,"L1L17 , Level 1 Departure Hall ( Landside ), Langkawi International Airport, 07000 , Langkawi, Kedah",Lim Mee Mee,60124000306
331,,,,,,,MVD25-00407,Sharp,"40""",1920x1080,MP2504-0014,Assigned,,Intel NUC,i3-13,8,250,HDMI,LAN,Store Front - 1x3 2,Ceiling - 2,371,Langkawi Int'l Airport MC-EN 2 - Mid,EN,1419004375,cl1ck1x123,,Airport,,,,Langkawi International Airport,MAXIS CENTRE LANGKAWI INTERNATIONAL AIRPORT (LIA),MC,Northern,Kedah,Langkawi,Mall,Shop,"L1L17 , Level 1 Departure Hall ( Landside ), Langkawi International Airport, 07000 , Langkawi, Kedah",Lim Mee Mee,60124000306
511,146,410,4,15,3,3,MVD25-00410,Philips,"50""",1080x1920,MMP25-00410,Assigned,,HP,i5-4,4,250,DP-HDMI,Wifi,Hotlink,Right -1 ,501,Serai Wangi Mall MEP-EN3 - P3 (Hotlink),EN,1552177153,cl1ck1x123,,P3,,,adam,Serai Wangi Mall,SH TELECOMMUNICATION PLT,MEP,Northern,Kedah,Padang Serai,Mall,Shop,"Lot 17 & 18, SERAI WANGI MALL,  No 2500, LORONG SERAI WANGI, 4/10, TAMAN SERAI WANGI III & IV, 09400 PADANG SERAI, KEDAH.",Tan Seng Haur,60124944419
546,148,413,4,15,5,1,MVD25-00413,Samsung,"65""",1920x1080,MMP25-00413,Disposed,,HP,i5-4,4,500,DP-HDMI,LAN,Zerolution,Left - 1,332,Sungai Petani MC-BM 1 - Demo TV,BM,1572564331,cl1ck1x123,,Demo TV,,,adam,Sungai Petani,MAXIS CENTRE SUNGAI PETANI,MC,Northern,Kedah,Sungai Petani,High Street,Shop,"73, Jalan Lagenda 1, Lagenda Height,  08000 Sungai Petani, Kedah",Wong Kean Sim ,60175000313
548,148,414,4,15,5,2,MVD25-00414,Sharp,"40""",1920x1080,MMP25-00414,Assigned,,HP,i5-3,4,250,DP-HDMI,LAN,Hotlink,Right -1 ,333,Sungai Petani MC-BM 2 - P3 (Hotlink),BM,1556911075,cl1ck1x123,,P3,,,adam,Sungai Petani,MAXIS CENTRE SUNGAI PETANI,MC,Northern,Kedah,Sungai Petani,High Street,Shop,"73, Jalan Lagenda 1, Lagenda Height,  08000 Sungai Petani, Kedah",Wong Kean Sim ,60175000313
441,147,411,4,15,2,1,MVD25-00411,Sharp,"50""",1080x1920,MMP25-00411,Assigned,,Dell,i5-6,8,250,DP-HDMI,LAN,Postpaid,Left - 1,491,"Pendang, Kedah MEP-BM 1 - P1 (Postpaid)",BM,1618264549,cl1ck1x123,,P1,,,,"Pendang, Kedah",PHONE GLOBAL SDN BHD,MEP,Northern,Kedah,Pendang,High Street,Shop,"NO 136, JALAN SUKAMARI, 06700 PENDANG, KEDAH.",YEAP BOON SUANG,60195600607
442,147,412,4,15,2,2,MVD25-00412,Sharp,"50""",1920x1080,MMP25-00412,Assigned,,Dell,i3-6,8,250,DP-HDMI,LAN,Fibre,Left - 2,492,"Pendang, Kedah MEP-BM 2 - P2 (Fibre)",BM,1618264549,cl1ck1x123,,P2,,,,"Pendang, Kedah",PHONE GLOBAL SDN BHD,MEP,Northern,Kedah,Pendang,High Street,Shop,"NO 136, JALAN SUKAMARI, 06700 PENDANG, KEDAH.",YEAP BOON SUANG,60195600607
549,148,415,4,15,5,3,MVD25-00415,Sharp,"40""",1080x1920,MMP25-00415,Assigned,,HP,i5-3,4,250,DP-HDMI,LAN,MIRA,Left - 2,334,Sungai Petani MC-BM 3 - MIRA,BM,1694600028,cl1ck1x123,,MIRA,,,adam,Sungai Petani,MAXIS CENTRE SUNGAI PETANI,MC,Northern,Kedah,Sungai Petani,High Street,Shop,"73, Jalan Lagenda 1, Lagenda Height,  08000 Sungai Petani, Kedah",Wong Kean Sim ,60175000313
547,,,,,,,MVD25-00413,Samsung,"65""",1920x1080,MP2505-0042,Assigned,,Intel NUC,i3-13,8,250,HDMI,LAN,Zerolution,Left - 1,332,Sungai Petani MC-BM 1 - Demo TV,BM,1095307381,cl1ck1x123,,Demo TV,,,azam,Sungai Petani,MAXIS CENTRE SUNGAI PETANI,MC,Northern,Kedah,Sungai Petani,High Street,Shop,"73, Jalan Lagenda 1, Lagenda Height,  08000 Sungai Petani, Kedah",Wong Kean Sim ,60175000313
551,148,417,4,15,5,5,MVD25-00417,Sharp,"50""",1920x1080,MMP25-00417,Disposed,,HP,i5-4,4,1000,DP-HDMI,LAN,Postpaid,Back,336,Sungai Petani MC-BM 5 - P2 (Postpaid),BM,1501744125,cl1ck1x123,,P2,,,adam,Sungai Petani,MAXIS CENTRE SUNGAI PETANI,MC,Northern,Kedah,Sungai Petani,High Street,Shop,"73, Jalan Lagenda 1, Lagenda Height,  08000 Sungai Petani, Kedah",Wong Kean Sim ,60175000313
448,149,418,4,15,2,1,MVD25-00418,Sharp,"50""",1080x1920,MMP25-00418,Assigned,,HP,i5-4,4,970,DP-HDMI,LAN,Postpaid,Left - 1,438,Permata Gedong MEP-BM 1 - P1 (Postpaid),BM,1036049714,cl1ck1x123,,P1,,,adam,Permata Gedong,CHAMP TRADING & COMMUNICATION SYSTEMS SDN BHD,MEP,Northern,Kedah,Sungai Petani,High Street,Shop,"C67, PERMATANG GEDONG, TAMAN SEJATI INDAH, 08000 SUNGAI PETANI, KEDAH.",TOMMY YAP,60175997009
550,148,416,4,15,5,4,MVD25-00416,Sharp,"40""",1280x720,MMP25-00416,Assigned,,Fujitsu,i5-1,4,150,DP-HDMI,LAN,Fibre,Right - 2,335,Sungai Petani MC-BM 4 - P1 (FIbre),BM,1430564361,cl1ck1x123,,P1,,,adam,Sungai Petani,MAXIS CENTRE SUNGAI PETANI,MC,Northern,Kedah,Sungai Petani,High Street,Shop,"73, Jalan Lagenda 1, Lagenda Height,  08000 Sungai Petani, Kedah",Wong Kean Sim ,60175000313
449,149,419,4,15,2,2,MVD25-00419,Sharp,"40""",1920x1080,MMP25-00419,Assigned,,HP,i5-4,4,970,DP-HDMI,LAN,Fibre,Right -1 ,439,Permata Gedong MEP-BM 2 - P2 (Fibre),BM,1226846778,cl1ck1x123,,P2,,real time clock power loss,adam,Permata Gedong,CHAMP TRADING & COMMUNICATION SYSTEMS SDN BHD,MEP,Northern,Kedah,Sungai Petani,High Street,Shop,"C67, PERMATANG GEDONG, TAMAN SEJATI INDAH, 08000 SUNGAI PETANI, KEDAH.",TOMMY YAP,60175997009
551,148,417,4,15,5,5,MVD25-00417,Sharp,"50""",1920x1080,MP2508-0101,Assigned,,NUC,Core 3,8,250,HDMI,LAN,Postpaid,Back,336,Sungai Petani MC-BM 5 - P2 (Postpaid),BM,1207019736,cl1ck1x123,,P2,,,adam,Sungai Petani,MAXIS CENTRE SUNGAI PETANI,MC,Northern,Kedah,Sungai Petani,High Street,Shop,"73, Jalan Lagenda 1, Lagenda Height,  08000 Sungai Petani, Kedah",Wong Kean Sim ,60175000313
293,151,422,4,15,1,1,MVD25-00422,Sharp,"40""",1920x1080,MMP25-00422,Assigned,,HP,i5-3,4,250,DP-HDMI,LAN,Postpaid,Single,433,Kompleks Central Square MEP-EN,BM,1950291867,cl1ck1x123,,P1,,,adam,"Kompleks Central Square, Sungai Petani",CHAMP TRADING & COMMUNICATION SYSTEMS SDN BHD,MEP,Northern,Kedah,Sungai Petani,Mall,Shop,"LOT G25 GROUND FLOOR, KOMPLEKS CENTRAL SQUARE, JLN KG BARU, 08000 SUNGAI PETANI, KEDAH.",TOMMY YAP,60175997009
435,152,424,4,15,2,2,MVD25-00424,Toshiba,"40""",1080x1920,MMP25-00424,Assigned,,HP,i5-3,4,250,DP-HDMI,Wifi,Zerolution,Left - 2,453,"Pasaraya Aneka, Kangar MEP-EN 2 - P1 (Zerolution)",EN,1955569033,cl1ck1x123,,P1,,,adam,"Pasaraya Aneka, Kangar",EASYRING TRADING SDN BHD,MEP,Northern,Perlis ,Perlis,High Street,Shop,"NO 8, JALAN SELAMPIT, 01000 KANGAR, PERLIS.",LEE POOI KOON,60124022299
104,150,420,4,15,2,1,MVD25-00420,Generic,"70""",1080x1920,MMP25-00420,Assigned,,GIgabyte,i3-3,tbc,470,DP-HDMI,Wifi-Dongle,Store Front,SF,484,Amanjaya Mall MEP-BM 1 - SF,BM,1892394679,cl1ck1x123,,P1,,network,adam,"Amanjaya Mall, Sungai Petani",NORTHERN STREAM SDN BHD,MEP,Northern,Kedah,Sungai Petani,Mall,Shop,"GL5 GROUND FLOOR, AMANJAYA MALL, NO.1 JALAN JATI 1,  08000 SUNGAI PETANI, KEDAH.",GUNA,60125015813
515,17,67,1,2,2,1,MVD25-00067,Philips,"65""",1080x1920,MMP25-00158,To be Disposed,58,Intel NUC,core 3,8,250,HDMI,Wifi,Store Front,SF,268,Setapak Central MEP-EN 1 - SF,EN,1903603291,cl1ck1x123,,P1,,,adam,Setapak Central,YES'S COMM ENTERPRISE SDN BHD,MEP,Central,KL,KL,Mall,Shop,"LOT G-33A & B , GROUND FLOOR , SETAPAK CENTRAL MALL, 67 JALAN TAMAN IBU KOTA, 53300 SETAPAK, WP-KUALA LUMPUR.",IVAN,60122282266
294,153,425,4,15,1,1,MVD25-00425,Sharp,"50""",1920x1080,MMP25-00425,Assigned,,HP,i5-4,4,250,DP-HDMI,Wifi,Postpaid,Single,454,Kompleks Tok Arau MEP-BM,BM,1768016197,cl1ck1x123,,P1,,,adam,Kompleks Tok Arau,J TONE (M) SDN BHD,MEP,Northern,Perlis ,Perlis,Mall,Shop,"G40, KOMPLEKS TOK ARAU, 02600 ARAU, PERLIS.",WINNIE LAI,60135883992
577,4,23,1,1,4,4,MVD25-00023,Sharp,"75""",1080x1920,MMP25-00023,To be Disposed,59,Dell,i5-4,4,500,DP-HDMI,LAN,MIRA,,66,Sunway Velocity MC-EN 4 - P3 (MIRA),EN,621201308,cl1ck1x123,,MIRA,,,adam,Sunway Velocity,MAXIS CENTRE SUNWAY VELOCITY,MC,Central,KL,KL,Mall,0,"Lot 1-17, Sunway Velocity Shopping Mall, Lingkaran SV, Jalan Peel, 55100 Kuala Lumpur ",Martin ,60123750013
433,152,423,4,15,2,1,MVD25-00423,Sharp,"40""",1920x1080,MMP25-00423,Disposed,,Fujitsu,i5-1,4,120,HDMI,Wifi,Hotlink,Left - 1,452,"Pasaraya Aneka, Kangar MEP-EN 1 - P3 (Hotlink)",EN,1559545852,cl1ck1x123,,P3,,,adam,"Pasaraya Aneka, Kangar",EASYRING TRADING SDN BHD,MEP,Northern,Perlis ,Perlis,High Street,Shop,"NO 8, JALAN SELAMPIT, 01000 KANGAR, PERLIS.",LEE POOI KOON,60124022299
434,,,,,,,MVD25-00423,Sharp,"40""",1920x1080,MP2505-0044,Assigned,,Intel NUC,i3-13,8,250,HDMI,Wifi,Hotlink,Left - 1,452,"Pasaraya Aneka, Kangar MEP-EN 1 - P3 (Hotlink)",EN,1589209611,cl1ck1x123,,P3,,,adam,"Pasaraya Aneka, Kangar",EASYRING TRADING SDN BHD,MEP,Northern,Perlis ,Perlis,High Street,Shop,"NO 8, JALAN SELAMPIT, 01000 KANGAR, PERLIS.",LEE POOI KOON,60124022299
338,156,432,1,16,3,2,MVD25-00432,Sharp,"50""",1920x1080,MMP25-00432,Assigned,,HP,i5-4,4,930,HDMI,LAN,Business,Left - 1,331,Lintas MC-EN 2 - P1 (Business),EN,1687370770,cl1ck1x123,,P3,,,,Lintas,MAXIS CENTRE LINTAS,MC,Sabah,Sabah,Kota Kinabalu,High Street,Shop,"Ground Floor, No 5, Lorong Lintas Plaza, Jalan Lintas, 88300 Kota Kinabalu, Sabah ",Harkishen Singh,60128853696
588,157,434,1,16,1,1,MVD25-00434,Philips,"50""",1920x1080,MMP25-00434,Assigned,,HP,i5-4,4,223,DP-HDMI,LAN,Postpaid,Left - 1,418,Taipan Inanam MEP-EN,EN,1026638169,cl1ck1x123,,P1,,,,Taipan Inanam,BROADBAND SOLUTION ENTERPRISE,MEP,Sabah,Sabah,Kota Kinabalu,High Street,Shop,"NO. A-0-6, LOT 18(8), GROUND FLOOR, BLOCK A, LORONG KK TAIPAN 1, KK TAIPAN INANAM PHASE 1, 88450 KOTA KINABALU, SABAH.",CHESTER,60169418883
273,154,426,1,16,1,1,MVD25-00426,pending installation,,,MMP25-00426,Assigned,,,,,,,,,,417,Keningau Mall MEP-EN,EN,,cl1ck1x123,,P1,,,,Keningau Mall,MULTI LINE MOBILE SDN BHD,MEP,Sabah,Sabah,Keningau,Mall,Shop,"LOT G12, GROUND FLOOR, KENINGAU MALL, 89000 KENINGAU, SABAH.",Feron Itis,60128029257
205,159,438,1,16,3,3,MVD25-00438,LG,"55""",1920x1080,MMP25-00438,Assigned,,HP,i5-4,4,928,DP-HDMI,LAN,Accessories,Left - 2,422,Imago Mall MEP-EN 3 - Demo TV,EN,1445940651,cl1ck1x123,,Demo TV,,,,Imago Mall,CENFONE ENTERPRISE SDN BHD,MEP,Sabah,Sabah,Kota Kinabalu,Mall,Shop,"LOT 2-53A, LEVEL 2, KK TIMES SQUARE, OFF COASTAL HIGHWAY,  88100 KOTA KINABALU, SABAH.",Yong Tze Kiong,60168107003
115,155,427,1,16,4,1,MVD25-00427,Sharp,"50""",1920x1080,MP2512-0166,Assigned,,NUC,Core 3,8,462,DP-HDMI,Wifi,Postpaid,Right -1 ,309,Api-Api MC-BM 1 - P1 (Right -1 ),BM,1349040322,cl1ck1x123,,P1,,,,Api-Api,MAXIS CENTRE API API,MC,Sabah,Sabah,Kota Kinabalu,High Street,Shop,"Unit 5-0-8, Ground Floor, Api Api Centre, Jalan Centre Point, 88000 Kota Kinabalu, Sabah",Siti Aidah Binti Hj Abdullah,60128020028
117,155,428,1,16,4,2,MVD25-00428,Sharp,"50""",1920x1080,MMP25-00428,Assigned,,Dell,i5-2,4,462,DP-HDMI,Wifi-Dongle,Hotlink,Right - 3,311,Api-Api MC-BM 3 - P3 (Hotlink),BM,1928294927,cl1ck1x123,,P3,,,,Api-Api,MAXIS CENTRE API API,MC,Sabah,Sabah,Kota Kinabalu,High Street,Shop,"Unit 5-0-8, Ground Floor, Api Api Centre, Jalan Centre Point, 88000 Kota Kinabalu, Sabah",Siti Aidah Binti Hj Abdullah,60128020028
116,155,429,1,16,4,3,MVD25-00429,Sharp,"50""",1280x720,MMP25-00429,Assigned,,,i5-0650,4,145,HDMI,LAN,Pillar,Left - 1,308,Api-Api MC-BM 2 - P2 (Left Pillar),BM,1599399087,cl1ck1x123,,P2,,,,Api-Api,MAXIS CENTRE API API,MC,Sabah,Sabah,Kota Kinabalu,High Street,Shop,"Unit 5-0-8, Ground Floor, Api Api Centre, Jalan Centre Point, 88000 Kota Kinabalu, Sabah",Siti Aidah Binti Hj Abdullah,60128020028
118,155,430,1,16,4,4,MVD25-00430,Sharp,"50""",1080x1920,MMP25-00430,Assigned,,Dell - Compact,i5-4,4,464,DP-HDMI,Wifi-Dongle,Meeting Point,Right - 2,310,Api-Api MC-BM 4 - MIRA,BM,1722359092,cl1ck1x123,,MIRA,,,,Api-Api,MAXIS CENTRE API API,MC,Sabah,Sabah,Kota Kinabalu,High Street,Shop,"Unit 5-0-8, Ground Floor, Api Api Centre, Jalan Centre Point, 88000 Kota Kinabalu, Sabah",Siti Aidah Binti Hj Abdullah,60128020028
339,156,431,1,16,3,1,MVD25-00431,Sharp,"50""",1920x1080,MMP25-00431,Assigned,,Celcius,i5-0650,4,152,HDMI,LAN,Meeting Point,Right - 2,330,Lintas MC-EN 3 - MIRA (Meeting Point),EN,1654048035,cl1ck1x123,,P1 - MIRA,,,,Lintas,MAXIS CENTRE LINTAS,MC,Sabah,Sabah,Kota Kinabalu,High Street,Shop,"Ground Floor, No 5, Lorong Lintas Plaza, Jalan Lintas, 88300 Kota Kinabalu, Sabah ",Harkishen Singh,60128853696
452,160,439,1,16,2,1,MVD25-00439,Sharp,"50""",1080x1920,MMP25-00439,Assigned,,HP,i5-4,4,928,DP-HDMI,Wifi-Dongle,Fibre/Modular,Left - 2,424,Plaza 333 MEP-EN 2 - P2 (Fibre),EN,1723572501,cl1ck1x123,,P2,,,,Plaza 333,SENG NYEN TELECOMMUNICATION SDN BHD,MEP,Sabah,Sabah,Kota Kinabalu,Mall,Shop,"LOT 13-0, GROUND FLOOR, BLOCK B, PLAZA 333, LORONG PLAZA 333-2, KOBUSAK COMMERCIAL CENTRE, JALAN PINTAS, 89500 PENAMPANG, SABAH.",RAYMOND CHIN,60168108144
337,156,433,1,16,3,3,MVD25-00433,Sharp,"50""",1260x720,MMP25-00433,Assigned,,Celcius,i5-0650,tbc,930,HDMI,LAN,Hotlink,Right -1 ,329,Lintas MC-EN 1 - P2 (Hotlink),EN,1115500840,cl1ck1x123,,P3,,,,Lintas,MAXIS CENTRE LINTAS,MC,Sabah,Sabah,Kota Kinabalu,High Street,Shop,"Ground Floor, No 5, Lorong Lintas Plaza, Jalan Lintas, 88300 Kota Kinabalu, Sabah ",Harkishen Singh,60128853696
328,141,397,4,15,1,1,MVD25-00397,Sony,"40""",1920x1080,MMP25-00397,To be Disposed,60,Lenovo,i5-7,8,1200,DP-HDMI,LAN,Postpaid,Single,468,Kulim MEP-BM,BM,1680752817,cl1ck1x123,,P1,,,adam,Kulim,NETRA COMMUNICATION SDN BHD,MEP,Northern,Kedah,Kulim,High Street,Shop,"NO 8, JALAN TEOH MOH SOO, 09000 KULIM, KEDAH.",PATRICIA SIM,60124777171
148,158,435,1,16,1,1,MVD25-00435,Sharp,"40""",1080x1920,MMP25-00435,Assigned,,Dell,i5-2,4,459,HDMI,Wifi-Dongle,Store Front,Single,419,"Centre Point, KK MEP-BM",BM,1617589719,cl1ck1x123,,P1,,,,"Centre Point, KK",MY MOBILE COMMUNICATION SDN BHD,MEP,Sabah,Sabah,Kota Kinabalu,Mall,Kiosk,"1 FA & 1 FB, 1ST FLOOR, CENTRE POINT, 88000 KOTA KINABALU, SABAH.",ANDY ONG,60128282823
203,159,436,1,16,3,1,MVD25-00436,Philips,"60""",1080x1920,MMP25-00436,Assigned,,Celcius,i5-0650,4,223,HDMI,LAN,Store Front,Left - 1,420,Imago Mall MEP-EN 1 - SF,EN,1001699246,cl1ck1x123,,P1,,,,Imago Mall,CENFONE ENTERPRISE SDN BHD,MEP,Sabah,Sabah,Kota Kinabalu,Mall,Shop,"LOT 2-53A, LEVEL 2, KK TIMES SQUARE, OFF COASTAL HIGHWAY,  88100 KOTA KINABALU, SABAH.",Yong Tze Kiong,60168107003
204,159,437,1,16,3,2,MVD25-00437,Sharp,"50""",1080x1920,MMP25-00437,Assigned,,Celcius,i5-0650,4,160,HDMI,LAN,Hotlink,Left - 3,421,Imago Mall MEP-EN 2 - P3 (Hotlink),EN,1116339923,cl1ck1x123,,P3,,,,Imago Mall,CENFONE ENTERPRISE SDN BHD,MEP,Sabah,Sabah,Kota Kinabalu,Mall,Shop,"LOT 2-53A, LEVEL 2, KK TIMES SQUARE, OFF COASTAL HIGHWAY,  88100 KOTA KINABALU, SABAH.",Yong Tze Kiong,60168107003
581,163,447,1,16,5,1,MVD25-00447,Philips,"50""",1920x1080,MMP25-00447,Assigned,,HP,i5-4,4,928,HDMI,LAN,Hotlink,Right - 2,149,Suria Sabah MC-EN 1 - P3 (Modular/Hotlink),EN,1233582588,cl1ck1x123,,P3,,,,Suria Sabah,MAXIS CENTRE SURIA SABAH,MC,Sabah,Sabah,Kota Kinabalu,Mall,Shop,"Lot B-30, Lower Ground, Suria Sabah Shopping Mall, Jalan Tun Fuad Stephens, 88000 Kota Kinabalu, Sabah",Renetta April Justin Jimbangan,60178080119
585,163,448,1,16,5,2,MVD25-00448,Sharp,"50""",1080x1920,MMP25-00448,Assigned,,HP,i5-4,4,928,HDMI,LAN,MIRA,Left - 1,151,Suria Sabah MC-EN 5 - MIRA,EN,1159200361,cl1ck1x123,,MIRA,,,,Suria Sabah,MAXIS CENTRE SURIA SABAH,MC,Sabah,Sabah,Kota Kinabalu,Mall,Shop,"Lot B-30, Lower Ground, Suria Sabah Shopping Mall, Jalan Tun Fuad Stephens, 88000 Kota Kinabalu, Sabah",Renetta April Justin Jimbangan,60178080119
451,160,440,1,16,2,2,MVD25-00440,Philips,"50""",1080x1920,MMP25-00440,Assigned,,Dell,i5-2,4,240,HDMI,Wifi-Dongle,Hotlink,Left - 1,423,Plaza 333 MEP-EN 1 - P1 (Next to Hotlink),EN,1623101232,cl1ck1x123,,P1,,,,Plaza 333,SENG NYEN TELECOMMUNICATION SDN BHD,MEP,Sabah,Sabah,Kota Kinabalu,Mall,Shop,"LOT 13-0, GROUND FLOOR, BLOCK B, PLAZA 333, LORONG PLAZA 333-2, KOBUSAK COMMERCIAL CENTRE, JALAN PINTAS, 89500 PENAMPANG, SABAH.",RAYMOND CHIN,60168108144
1,161,441,1,16,3,1,MVD25-00441,Philips,"50""",1080x1920,MMP25-00441,Assigned,,Intel NUC,i5-11,8,128,HDMI,Wifi-Dongle,Store Front,SF,326,1Borneo MC-BM 1 - SF,BM,1695392440,cl1ck1x123,,P1,,,,1Borneo,MAXIS CENTRE 1BORNEO,MC,Sabah,Sabah,Kota Kinabalu,Mall,Shop,"G-304, Ground Floor, 1Borneo Hypermall,  Jalan Sulaman, 88400 Kota Kinabalu, Sabah",Awang Kimaruddin Bin Awang Dinin,60127233420
2,161,442,1,16,3,2,MVD25-00442,Samsung,"65""",1920x1080,MMP25-00442,Assigned,,Lenovo,i5-4,4,237,DP-HDMI,Wifi-Dongle,Zerolution,Left - 1,327,1Borneo MC-BM 2 - Demo TV,BM,1148081510,cl1ck1x123,,Demo TV,,,,1Borneo,MAXIS CENTRE 1BORNEO,MC,Sabah,Sabah,Kota Kinabalu,Mall,Shop,"G-304, Ground Floor, 1Borneo Hypermall,  Jalan Sulaman, 88400 Kota Kinabalu, Sabah",Awang Kimaruddin Bin Awang Dinin,60127233420
582,163,449,1,16,5,3,MVD25-00449,LED,tbc,1920x1080,MMP25-00449,Assigned,,HP,i5-4,4,928,HDMI,LAN,LED,Left - 2,150,Suria Sabah MC-EN 2 - P2 (LED),EN,1705807781,cl1ck1x123,,P2,,,,Suria Sabah,MAXIS CENTRE SURIA SABAH,MC,Sabah,Sabah,Kota Kinabalu,Mall,Shop,"Lot B-30, Lower Ground, Suria Sabah Shopping Mall, Jalan Tun Fuad Stephens, 88000 Kota Kinabalu, Sabah",Renetta April Justin Jimbangan,60178080119
3,161,443,1,16,3,3,MVD25-00443,Sharp,"40""",1080x1920,MP2504-0010,Assigned,,Intel NUC,i5-4,8,250,HDMI,Dongle,MIRA,Left - 2,328,1Borneo MC-BM 3 - MIRA,BM,1273035988,cl1ck1x123,,MIRA,,,,1Borneo,MAXIS CENTRE 1BORNEO,MC,Sabah,Sabah,Kota Kinabalu,Mall,Shop,"G-304, Ground Floor, 1Borneo Hypermall,  Jalan Sulaman, 88400 Kota Kinabalu, Sabah",Awang Kimaruddin Bin Awang Dinin,60127233420
233,162,444,1,16,3,1,MVD25-00444,Samsung,"65""",1920x1080,MMP25-00444,Assigned,,Dell,i3-6,8,237,HDMI,LAN,Zerolution,Right - 2,324,"ITCC Penampang, Sabah MC-BM 1 - Demo TV",BM,1875341931,cl1ck1x123,,Demo TV,,,,ITCC Panampang  Sabah,MAXIS CENTER ITCC PENAMPANG SABAH,MC,Sabah,Sabah,Kota Kinabalu,Mall,Shop,"Lot G106, G106B, G107 & G107B, Ground Floor, ITCC Shopping Mall, Jalan Pintas Penampang, 89500 Penampang, Sabah",Sharon Dewiwati Denis,60128252668
234,162,445,1,16,3,2,MVD25-00445,Samsung,"50""",1920x1080,MMP25-00445,Assigned,,Dell,i3-6,8,237,HDMI,LAN,Hotlink,Left - 1,323,"ITCC Penampang, Sabah MC-BM 2 - P1 (Hotlink)",BM,1938801827,cl1ck1x123,,P1,,,,ITCC Panampang  Sabah,MAXIS CENTER ITCC PENAMPANG SABAH,MC,Sabah,Sabah,Kota Kinabalu,Mall,Shop,"Lot G106, G106B, G107 & G107B, Ground Floor, ITCC Shopping Mall, Jalan Pintas Penampang, 89500 Penampang, Sabah",Sharon Dewiwati Denis,60128252668
235,162,446,1,16,3,3,MVD25-00446,Sharp,"40""",1080x1920,MMP25-00446,Assigned,,Dell,i3-6,8,237,HDMI,LAN,Start,Right -1 ,325,"ITCC Penampang, Sabah MC-BM 3 - MIRA",BM,725222934,cl1ck1x123,,MIRA,,,,ITCC Panampang  Sabah,MAXIS CENTER ITCC PENAMPANG SABAH,MC,Sabah,Sabah,Kota Kinabalu,Mall,Shop,"Lot G106, G106B, G107 & G107B, Ground Floor, ITCC Shopping Mall, Jalan Pintas Penampang, 89500 Penampang, Sabah",Sharon Dewiwati Denis,60128252668
583,163,450,1,16,5,4,MVD25-00450,Sharp,"50""",1080x1920,MMP25-00450,Assigned,,HP,i5-4,4,928,HDMI,LAN,Store Front,Right -1 ,147,Suria Sabah MC-EN 3 - P1 (SF Right),EN,1837204879,cl1ck1x123,,P1,,,,Suria Sabah,MAXIS CENTRE SURIA SABAH,MC,Sabah,Sabah,Kota Kinabalu,Mall,Shop,"Lot B-30, Lower Ground, Suria Sabah Shopping Mall, Jalan Tun Fuad Stephens, 88000 Kota Kinabalu, Sabah",Renetta April Justin Jimbangan,60178080119
584,163,451,1,16,5,5,MVD25-00451,Samsung,"65""",1920x1080,MMP25-00451,Assigned,,HP,i5-4,4,928,HDMI,LAN,Zerolution,Right - 3,148,Suria Sabah MC-EN 4 - Demo TV,EN,1093120505,cl1ck1x123,,Demo TV,,,,Suria Sabah,MAXIS CENTRE SURIA SABAH,MC,Sabah,Sabah,Kota Kinabalu,Mall,Shop,"Lot B-30, Lower Ground, Suria Sabah Shopping Mall, Jalan Tun Fuad Stephens, 88000 Kota Kinabalu, Sabah",Renetta April Justin Jimbangan,60178080119
324,142,398,4,15,3,1,MVD25-00398,Sharp,"50""",1080x1920,MMP25-00398,To be Disposed,61,HP,i5-4,4,500,DP-HDMI,Wifi,Store Front,Right -1 ,497,Kulim Landmark Centre MEP-EN 1 - SF,EN,1129701105,cl1ck1x123,,P1,,,adam,Kulim Landmark Centre,RAYSON COMMUNICATION & TRADING,MEP,Northern,Kedah,Kulim,Mall,Shop,"LOT1-39, 1ST FLOOR, KULIM CENTRAL, JALAN KTC 1, 09000 KULIM, KEDAH.",RACHEL,60124715305
152,165,453,1,16,2,1,MVD25-00453,Sharp,"50""",1080x1920,MMP25-00453,Assigned,,HP,i5-4,4,928,DP-HDMI,LAN,Fibre/Modular,Right - 2,426,"City Mall, KK MEP-EN 1 - P1 (Fibre)",EN,1364703415,cl1ck1x123,,P1,,,,"City Mall, KK",TOP MOBILE OPERATOR,MEP,Sabah,Sabah,Kota Kinabalu,Mall,Shop,"M-0-32, GROUND FLOOR, CITY MALL, LORONG CITY MALL, JALAN LINTAS, 88300 KOTA KINABALU, SABAH.",CONNIE CHONG,60168261777
262,166,455,2,17,1,1,MVD25-00455,Sharp,"40""",1920x1080,MMP25-00455,Assigned,,HP,i5-3,4,240,HDMI,Wifi-Dongle,Mobile,Right -1 ,428,"Jln Bunga Dahlia, Labuan MEP-EN",EN,1272044902,cl1ck1x123,,P1,,,,"Jalan Bunga Dahlia, Labuan",LABUAN PHONE SHOP SDN BHD,MEP,Sabah,Sabah,Labuan,High Street,Shop,"UO413 GROUND FLOOR, JALAN BUNGA DAHLIA, 87000 WP-LABUAN.",ANN THO,60128339333
496,167,458,3,18,3,3,MVD25-00458,Samsung,"40""",1920x1080,MMP25-00458,Assigned,,HP,i5-3,4,232,DP-HDMI,LAN,Hotlink,Left - 2,352,Sandakan MC-EN 3 - P3 (Hotlink),EN,407668547,cl1ck1x123,,P3,,,,Sandakan - MC,MAXIS CENTRE SANDAKAN,MC,Sabah,Sabah,Sandakan,High Street,Shop,"Lot 165, Block 18, Ground Floor, Prima Square, Jalan Tinosa, 90000, Sandakan, Sabah.",Justinus Johannes,60128163800
125,,,,,,,MVD25-00452,Samsung,"65""",1920x1080,MP2505-0049,Assigned,,Intel NUC,i3-13,8,250,HDMI,LAN,n/a,Left - 1,425,Bataras Kolombong MEP-BM,BM,1930175535,cl1ck1x123,1441083811,P1,,,,Bataras Kolombong,TELE CONNECTIONS,MEP,Sabah,Sabah,Kota Kinabalu,Mall,Shop,"LOT PS 34, BATARAS KOLOMBONG, JALAN TUARAN 5 1/2, 88450 KOTA KINABALU, SABAH.",CARMEN ,60168126676
114,21,79,1,2,6,5,MVD25-00079,Sharp,"55""",1920x1080,MMP25-00079,To be Disposed,62,Dell,i3-6,8,250,DP-HDMI,LAN,,,105,Ampang Point MC-BM 6 - Demo TV,BM,1731789976,cl1ck1x123,,Demo TV,,,adam,Ampang Point,MAXIS CENTRE AMPANG POINT,MC,Central,Selangor,Ampang,High Street,Shop,"90, Lorong Mamanda 1, Ampang Point, Taman Dato Ahmad Razali 68000 Ampang Selangor.",Shafizul Hakim Bin Jamil,60122488965
153,165,454,1,16,2,2,MVD25-00454,Sharp,"40""",1080x1920,MMP25-00454,Assigned,,,,,,,,MIRA,Right -1 ,427,"City Mall, KK MEP-EN 2 - MIRA",EN,1763931401,cl1ck1x123,,MIRA,,,,"City Mall, KK",TOP MOBILE OPERATOR,MEP,Sabah,Sabah,Kota Kinabalu,Mall,Shop,"M-0-32, GROUND FLOOR, CITY MALL, LORONG CITY MALL, JALAN LINTAS, 88300 KOTA KINABALU, SABAH.",CONNIE CHONG,60168261777
147,172,466,1,20,1,1,MVD25-00466,Sharp,"40""",1920x1080,MMP25-00466,Disposed,,HP,i5-3,4,230,HDMI,Wifi-Dongle,Mobile,Single,515,Central Park Comm. Centre MEP-EN,EN,1395300341,cl1ck1x123,,P1,,,,"Central Park Commercial Centre, Kuching",ERITEL TELECOMMUNICATIONS (CENTRAL PARK) SDN BHD,MEP,Sarawak,Sarawak,Kuching,High Street,Shop,"NO. 234, LOT 2596, CENTRAL PARK COMMERCIAL CENTRE, 2 1/2MILE ROCK ROAD, 93200 KUCHING, SARAWAK.",DINO TAN,60126790768
494,167,456,3,18,3,1,MVD25-00456,Sharp,"40""",1920x1080,MMP25-00456,Assigned,,Dell,i3-6,8,237,VGA-HDMI,LAN,Business,Left - 1,350,Sandakan MC-EN 1 - P1 (Business),EN,1194631251,cl1ck1x123,,P1,,,,Sandakan - MC,MAXIS CENTRE SANDAKAN,MC,Sabah,Sabah,Sandakan,High Street,Shop,"Lot 165, Block 18, Ground Floor, Prima Square, Jalan Tinosa, 90000, Sandakan, Sabah.",Justinus Johannes,60128163800
495,167,457,3,18,3,2,MVD25-00457,Samsung,"40""",1920x1080,MMP25-00457,Assigned,,Optiplex,i5-2,4,459,VGA-HDMI,LAN,Postpaid,Right -1 ,351,Sandakan MC-EN 2 - P2 (Postpaid),EN,1441038678,cl1ck1x123,,P2,,,,Sandakan - MC,MAXIS CENTRE SANDAKAN,MC,Sabah,Sabah,Sandakan,High Street,Shop,"Lot 165, Block 18, Ground Floor, Prima Square, Jalan Tinosa, 90000, Sandakan, Sabah.",Justinus Johannes,60128163800
166,173,467,1,20,1,1,MVD25-00467,Sharp,"40""",1920x1080,MMP25-00467,Assigned,,HP,i5-3,4,230,DP-HDMI,LAN,Mobile,Single,513,"DUBS Commercial Office Complex, Kuching MEP-EN",EN,1427332202,cl1ck1x123,,P1,,,,"DUBS Commercial Office Complex, Kuching",RITA AGENCY SDN BHD,MEP,Sarawak,Sarawak,Kuching,High Street,Shop,"L01-05, DUBS COMM CENTRE, LOT 376, JALAN PETANAK, 93100 KUCHING, SARAWAK.",THIAN CHAI ING,60128041791
657,175,469,1,20,5,1,MVD25-00469,Sharp,"50""",1080x1920,MMP25-00469,Assigned,,HP,i5-4,4,460,DP-HDMI,Wifi-Dongle,Store Front,Left - 1,177,Vivacity MC-EN 1 - SF,EN,1784505997,cl1ck1x123,,P1,,,,Vivacity,MAXIS CENTRE VIVACITY,MC,Sarawak,Sarawak,Kuching,Mall,Shop,"Maxis Centre Viva City, L2-013 Level 2, Vivacity Megamall., 93350 Kuching, Sarawak",Voon Suk Hui,60128227090
498,168,459,3,18,1,1,MVD25-00459,Samsung,"65""",1920x1080,MP2507-0074,Assigned,,NUC,Core 3,8,250,HDMI,LAN,,Single,429,Sandakan Telepost MEP-BM,EN,1784232108,cl1ck1x123,,P1,,,,Sandakan - MEP,TELEPOST,MEP,Sabah,Sabah,Sandakan,High Street,Shop,"LOT 100, BLOK D4, TINGKAT BAWAH, UTAMA PLACE, BATU 6, JALAN UTARA, 90000 SANDAKAN, SABAH.",CHAI TET MONG,60128019909
603,169,460,4,19,1,1,MVD25-00460,Panasonic,"40""",1920x1080,MMP25-00460,Assigned,,Powerlogic,i5-3,4,465,DP-HDMI,LAN,Counter,Single,430,"Tawau, Sabah MEP-EN",EN,1873432279,cl1ck1x123,,P1,,,,Tawau Sabah,4U2CALL SDN. BHD.,MEP,Sabah,Sabah,Tawau,Mall,Shop,"TB 4314, BLOCK 31, FAJAR COMPLEX, JALAN MERDEKA, 91000 TAWAU, SABAH.",LEUNG,60128603311
108,,,,,,,MVD25-00078,Sharp,"50""",1920x1080,MMP25-00604,To be Disposed,63,Lenovo,i5-9,8,1200,DP-HDMI,Wifi,,,106,Ampang Point MC-BM 2 - Hotlink,BM,1729179969,cl1ck1x123,,P3,,,adam,Ampang Point,MAXIS CENTRE AMPANG POINT,MC,Central,Selangor,Ampang,High Street,Shop,"90, Lorong Mamanda 1, Ampang Point, Taman Dato Ahmad Razali 68000 Ampang Selangor.",Shafizul Hakim Bin Jamil,60122488965
517,17,68,1,2,2,2,MVD25-00068,Sharp,"50""",1920x1080,MMP25-00068,Unassigned,Left at Outlet,HP,i5-4,4,500,DP-HDMI,LAN,Postpaid,,267,Setapak Central Mep-EN 2 - P2,EN,1820509870,cl1ck1x123,,P2,,,adam,Setapak Central,YES'S COMM ENTERPRISE SDN BHD,MEP,Central,KL,KL,Mall,Shop,"LOT G-33A & B , GROUND FLOOR , SETAPAK CENTRAL MALL, 67 JALAN TAMAN IBU KOTA, 53300 SETAPAK, WP-KUALA LUMPUR.",IVAN,60122282266
320,171,462,1,20,4,1,MVD25-00462,Philips,"50""",1080x1920,MMP25-00462,Assigned,,Celcius,i5-0650,4,160,DP-HDMI,LAN,MIRA,Left - 2,201,Kuching MC-EN 1 - MIRA,EN,1056102997,cl1ck1x123,,MIRA - P1,,,,Kuching,MAXIS CENTRE KUCHING,MC,Sarawak,Sarawak,Kuching,High Street,Shop,"Lot 24-25 (Grd Flr), Al Idrus Commercial Centres, Jln Satok, 93400 Kuching, Sarawak",Maskinah Binti Putit,60128080038
321,171,463,1,20,4,2,MVD25-00463,LG,"55""",1920x1080,MMP25-00463,Assigned,,Celcius,i5-0650,4,160,DP-HDMI,LAN,Fibre/Demo TV,Left - 1,202,Kuching MC-EN 2 - Demo TV,EN,1057987005,cl1ck1x123,,Demo TV,,,,Kuching,MAXIS CENTRE KUCHING,MC,Sarawak,Sarawak,Kuching,High Street,Shop,"Lot 24-25 (Grd Flr), Al Idrus Commercial Centres, Jln Satok, 93400 Kuching, Sarawak",Maskinah Binti Putit,60128080038
322,171,464,1,20,4,3,MVD25-00464,Sharp,"40""",1920x1080,MMP25-00464,Assigned,,Celcius,i5-0650,4,160,DP-HDMI,LAN,Hotlink,Right -1 ,203,Kuching MC-EN 3 - P3 (Hotlink),EN,469149696,cl1ck1x123,,P3,,,,Kuching,MAXIS CENTRE KUCHING,MC,Sarawak,Sarawak,Kuching,High Street,Shop,"Lot 24-25 (Grd Flr), Al Idrus Commercial Centres, Jln Satok, 93400 Kuching, Sarawak",Maskinah Binti Putit,60128080038
477,60,194,5,7,3,3,MVD25-00194,Philips,"55""",1080x1920,MMP25-00194,Unassigned,Left at outlet,HP,i5-6,8,250,DP-HDMI,LAN,MIRA,,109,Quayside MEP-EN 3 - Meeting Point (P2),EN,1506129508,cl1ck1x123,,MIRA,,,adam,Quayside,MAXIS CENTRE QUAYSIDE,MC,Central,Selangor,Shah Alam,Mall,Shop,"GF-09, Grd Floor, Quayside Mall, Persiaran Freesia, Gamuda Kemuning 25.7 42500 Telok Panglima Garang, Kuala Langat, Selangor Darul Ehsan",Siti Nor Hafizah Binti Mohd Nazri,60172000954
323,171,465,1,20,4,4,MVD25-00465,Sharp,"50""",1920x1080,MP2512-0163,Assigned,,Intel NUC,Core 3,8,260,HDMI,WIFI,Fibre,Left - 3,204,Kuching MC-EN 4 - P2 (Business),EN,1635051401,cl1ck1x123,,P2,,,,Kuching,MAXIS CENTRE KUCHING,MC,Sarawak,Sarawak,Kuching,High Street,Shop,"Lot 24-25 (Grd Flr), Al Idrus Commercial Centres, Jln Satok, 93400 Kuching, Sarawak",Maskinah Binti Putit,60128080038
658,175,470,1,20,5,2,MVD25-00470,Sharp,"40""",1920x1080,MMP25-00470,Assigned,,HP,i5-4,4,462,DP-HDMI,Wifi-Dongle,Postpaid,Left - 2,180,Vivacity MC-EN 2 - P2 (Postpaid),EN,1222041396,cl1ck1x123,,P2,,,,Vivacity,MAXIS CENTRE VIVACITY,MC,Sarawak,Sarawak,Kuching,Mall,Shop,"Maxis Centre Viva City, L2-013 Level 2, Vivacity Megamall., 93350 Kuching, Sarawak",Voon Suk Hui,60128227090
38,176,477,1,20,5,4,MVD25-00477,Sharp,"50""",1920x1080,MMP25-00477,Assigned,,HP,i5-3,4,230,HDMI,LAN,Business,Right - 2,344,AEON Kuching MC-EN 4 - P2 (Business),EN,1494539257,cl1ck1x123,,P2,,,,Aeon Kuching,MAXIS CENTRE AEON KUCHING,MC,Sarawak,Sarawak,Kuching,Mall,Shop,"G22, Ground Floor, AEON Mall Kuching Central, No.88, Jalan Datuk Patinggi Haji Ahmad Zaidi Adruce, 93200 Kuching, Sarawak ",Brandon Low,60139883619
264,174,468,1,20,1,1,MVD25-00468,Sharp,"40""",1920x1080,MMP25-00468,Assigned,,Dell,i3-6,8,237,HDMI,Wifi-Dongle,Counter,Single,514,"Jln Song,Kuching MEP-EN",EN,854781201,cl1ck1x123,,P1,,,,Kuching - MEP,METEOR TRADING COMPANY,MEP,Sarawak,Sarawak,Kuching,High Street,Shop,"NO 66, LOT 11409, BLOCK 11, MTLD, PHASE 7, JALAN SONG, TABUAN HEIGHTS COMMERCIAL CENTRE, 93350 KUCHING, SARAWAK.",CAROLYN WONG,60128898888
140,179,485,1,20,1,1,MVD25-00485,Sharp,"40""",1080x1920,MMP25-00485,Assigned,,HP,i5-3,4,232,DP-HDMI,Wifi-Dongle,Store Front,Single,517,Boulervard Shopping Mall MEP-EN,EN,1166861667,cl1ck1x123,,P1,,,,Boulevard Shopping Mall Kuching,STAR LINE ENTERPRISE,MEP,Sarawak,Sarawak,Kuching,Mall,Kiosk,"F-1-58B, BOULEVARD SHOPPING MALL, JALAN DATUK TAWI SLI, 93250 KUCHING, SARAWAK.",TONY CHUNG,60128832252
616,180,487,1,20,4,2,MVD25-00487,Sharp,"50""",1920x1080,MMP25-00487,Assigned,,HP,i5-4,4,462,HDMI,LAN,Accessories,Right -1 ,155,The Spring MC-EN 2 - P2 (Accessories),EN,1613058724,cl1ck1x123,,P2,,,,The Spring,MAXIS CENTRE THE SPRING,MC,Sarawak,Sarawak,Kuching,Mall,Kiosk,"Lots B05,B06 & KB01, Basement Floor, The Spring Shopping Mall, Persiaran Spring, 93300 Kuching, Sarawak",Maskinah Binti Putit,60128080038
539,63,197,5,8,3,1,MVD25-00197,Philips,"75""",1080x1920,MMP25-00197,Unassigned,Left at outlet,GIgabyte,Pentium G2,4,500,HDMI,LAN,,SF,217,Starling Mall MEP-EN 1 - SF,EN,1993024373,cl1ck1x123,,P1,,,adam,The Starling Mall,GENTEL COMMUNICATION SDN BHD,MEP,Central,Selangor,Petaling Jaya,Mall,Shop,"LOT F118, LVL 1, THE STARLING MALL, JALAN SS 21/37, DAMANSARA UTAMA, 47400 PETALING JAYA, SELANGOR.",KEN,60165532303
659,175,471,1,20,5,3,MVD25-00471,Sharp,"40""",1920x1080,MP2511-0144,Assigned,,NUC,Core 3,8,260,HDMI,wIFI,Hotlink,Back,179,Vivacity MC-EN 3 - P3 (Hotlink),EN,927902639,cl1ck1x123,,P3,,,,Vivacity,MAXIS CENTRE VIVACITY,MC,Sarawak,Sarawak,Kuching,Mall,Shop,"Maxis Centre Viva City, L2-013 Level 2, Vivacity Megamall., 93350 Kuching, Sarawak",Voon Suk Hui,60128227090
661,175,472,1,20,5,4,MVD25-00472,Sharp,"40""",1080x1920,MMP25-00472,Assigned,,Emboss,i3-3,4,930,VGA-HDMI,Wifi-Dongle,MIRA,Left - 3,176,Vivacity MC-EN 5 - MIRA,EN,1225547377,cl1ck1x123,,MIRA,,,,Vivacity,MAXIS CENTRE VIVACITY,MC,Sarawak,Sarawak,Kuching,Mall,Shop,"Maxis Centre Viva City, L2-013 Level 2, Vivacity Megamall., 93350 Kuching, Sarawak",Voon Suk Hui,60128227090
660,175,473,1,20,5,5,MVD25-00473,LG,"55""",1920x1080,MMP25-00473,Assigned,,Emboss,i3-3,4,930,VGA-HDMI,Wifi-Dongle,Demo TV,Right -1 ,178,Vivacity MC-EN 4 - Demo TV,EN,1620684508,cl1ck1x123,,Demo TV,,,,Vivacity,MAXIS CENTRE VIVACITY,MC,Sarawak,Sarawak,Kuching,Mall,Shop,"Maxis Centre Viva City, L2-013 Level 2, Vivacity Megamall., 93350 Kuching, Sarawak",Voon Suk Hui,60128227090
35,176,474,1,20,5,1,MVD25-00474,Generic,"65""",1080x1920,MMP25-00474,Assigned,,Dell,i5-2,4,459,DP-HDMI,LAN,Store Front,Left - 1,345,AEON Kuching MC-EN 1 - SF,EN,1517744432,cl1ck1x123,,P1,,,,Aeon Kuching,MAXIS CENTRE AEON KUCHING,MC,Sarawak,Sarawak,Kuching,Mall,Shop,"G22, Ground Floor, AEON Mall Kuching Central, No.88, Jalan Datuk Patinggi Haji Ahmad Zaidi Adruce, 93200 Kuching, Sarawak ",Brandon Low,60139883619
540,63,198,5,8,3,2,MVD25-00198,Philips,"65""",1080x1920,MMP25-00198,Unassigned,Left at outlet,GIgabyte,i3-3,4,250,HDMI,LAN,,P2,218,Starling Mall MEP-EN 2 - P2,EN,1761441593,cl1ck1x123,,P2,,,adam,The Starling Mall,GENTEL COMMUNICATION SDN BHD,MEP,Central,Selangor,Petaling Jaya,Mall,Shop,"LOT F118, LVL 1, THE STARLING MALL, JALAN SS 21/37, DAMANSARA UTAMA, 47400 PETALING JAYA, SELANGOR.",KEN,60165532303
36,176,475,1,20,5,2,MVD25-00475,Sharp,"50""",1920x1080,MP2601-0002,Assigned,,NUC,Core 3,8,242,DP-HDMI,LAN,Hotlink,Left - 2,346,AEON Kuching MC-EN 2 - P3 (Hotlink),EN,661566416,cl1ck1x123,,P3,,,,Aeon Kuching,MAXIS CENTRE AEON KUCHING,MC,Sarawak,Sarawak,Kuching,Mall,Shop,"G22, Ground Floor, AEON Mall Kuching Central, No.88, Jalan Datuk Patinggi Haji Ahmad Zaidi Adruce, 93200 Kuching, Sarawak ",Brandon Low,60139883619
37,176,476,1,20,5,3,MVD25-00476,Sharp,"40""",1920x1080,MMP25-00476,Assigned,,Dell,i3-6,8,237,DP-HDMI,LAN,Postpaid,Right -1 ,343,AEON Kuching MC-EN 3 - P1 (Postpaid),EN,1550987113,cl1ck1x123,,P1,,,,Aeon Kuching,MAXIS CENTRE AEON KUCHING,MC,Sarawak,Sarawak,Kuching,Mall,Shop,"G22, Ground Floor, AEON Mall Kuching Central, No.88, Jalan Datuk Patinggi Haji Ahmad Zaidi Adruce, 93200 Kuching, Sarawak ",Brandon Low,60139883619
617,180,488,1,20,4,3,MVD25-00488,Sharp,"50""",1920x1080,MMP25-00488,Assigned,,HP,i5-4,4,462,HDMI,LAN,Hotlink,Left - 1,154,The Spring MC-EN 3 - P3 (Hotlink),EN,1560346915,cl1ck1x123,,P3,,,,The Spring,MAXIS CENTRE THE SPRING,MC,Sarawak,Sarawak,Kuching,Mall,Kiosk,"Lots B05,B06 & KB01, Basement Floor, The Spring Shopping Mall, Persiaran Spring, 93300 Kuching, Sarawak",Maskinah Binti Putit,60128080038
541,63,199,5,8,3,3,MVD25-00199,Samsung,"75""",1920x1080,MMP25-00199,Unassigned,Left at outlet,GIgabyte,Pentium G2,4,500,HDMI,LAN,Demo TV,,219,Starling Mall MEP-EN 3 - Demo TV,EN,1453960682,cl1ck1x123,,Demo TV,,,adam,The Starling Mall,GENTEL COMMUNICATION SDN BHD,MEP,Central,Selangor,Petaling Jaya,Mall,Shop,"LOT F118, LVL 1, THE STARLING MALL, JALAN SS 21/37, DAMANSARA UTAMA, 47400 PETALING JAYA, SELANGOR.",KEN,60165532303
39,176,478,1,20,5,5,MVD25-00478,Philips,"50""",1080x1920,MP2507-0088,Assigned,,NUC,Core 3,8,260,HDMI,LAN,Accessories,Right - 3,347,AEON Kuching MC-EN 5 - P2 (Accessories),EN,542059001,cl1ck1x123,,P2,,,,Aeon Kuching,MAXIS CENTRE AEON KUCHING,MC,Sarawak,Sarawak,Kuching,Mall,Shop,"G22, Ground Floor, AEON Mall Kuching Central, No.88, Jalan Datuk Patinggi Haji Ahmad Zaidi Adruce, 93200 Kuching, Sarawak ",Brandon Low,60139883619
154,177,479,1,20,1,1,MVD25-00479,Sharp,"40""",1080x1920,MMP25-00479,Assigned,,Emboss,Pentium G2,4,930,DP-HDMI,LAN,Store Front,Single,516,CityOne Megamall MEP-EN,EN,969870552,cl1ck1x123,,P1,,,,"CityOne Megamall, Kuching",HOUSE OF PHONE SDN BHD,MEP,Sarawak,Sarawak,Kuching,Mall,Kiosk,"GP-01, GF, CITYONE MEGAMALL, 94300 KUCHING, SARAWAK.",DELTON,60168609936
458,178,480,1,20,5,1,MVD25-00480,Sharp,"40""",1080x1920,MMP25-00480,Assigned,,tbc,i5-0650,4,145,DP-HDMI,LAN,Store Front,Right -1 ,312,Plaza Merdeka MC-BM 1 - SF,BM,1508089801,cl1ck1x123,,P1,,,,Plaza Merdeka,MAXIS CENTRE PLAZA MERDEKA,MC,Sarawak,Sarawak,Kuching,Mall,Kiosk,"B-07 Lower Ground, Plaza Merdeka 88, Pearl Street, 93000 Kuching ",Jamilah Jimi,60172000774
459,178,481,1,20,5,2,MVD25-00481,Sharp,"50""",1920x1080,MMP25-00481,Assigned,,tbc,i5-0650,4,145,DP-HDMI,LAN,Postpaid,Right - 3,314,Plaza Merdeka MC-BM 2 - P2 (Postpaid),BM,1729575922,cl1ck1x123,,P2,,,,Plaza Merdeka,MAXIS CENTRE PLAZA MERDEKA,MC,Sarawak,Sarawak,Kuching,Mall,Kiosk,"B-07 Lower Ground, Plaza Merdeka 88, Pearl Street, 93000 Kuching ",Jamilah Jimi,60172000774
460,178,482,1,20,5,3,MVD25-00482,Samsung,"65""",1920x1080,MMP25-00482,Assigned,,tbc,i3-6,8,700,DP-HDMI,LAN,Demo TV,Left - 1,313,Plaza Merdeka MC-BM 3 - Demo TV,BM,487087177,cl1ck1x123,,Demo TV,,,,Plaza Merdeka,MAXIS CENTRE PLAZA MERDEKA,MC,Sarawak,Sarawak,Kuching,Mall,Kiosk,"B-07 Lower Ground, Plaza Merdeka 88, Pearl Street, 93000 Kuching ",Jamilah Jimi,60172000774
461,178,483,1,20,5,4,MVD25-00483,Sharp,"50""",1080x1920,MMP25-00483,Assigned,,tbc,i5-0650,4,145,DP-HDMI,LAN,MIRA,Right - 2,315,Plaza Merdeka MC-BM 4 - MIRA,BM,314135748,cl1ck1x123,,MIRA,,,,Plaza Merdeka,MAXIS CENTRE PLAZA MERDEKA,MC,Sarawak,Sarawak,Kuching,Mall,Kiosk,"B-07 Lower Ground, Plaza Merdeka 88, Pearl Street, 93000 Kuching ",Jamilah Jimi,60172000774
366,72,233,6,9,3,3,MVD25-00233,LG,"40""",1080x1920,MMP25-00233,Unassigned,Left at Outlet,HP,i5-4,4,1000,DP-HDMI,LAN,Fibre,Back,401,Lotus Puncak Alam MEP-BM 3 - P2 (Back),BM,844152215,cl1ck1x123,,P2,,,adam,Lotus's Puncak Alam,SMART LINK MOBILE SOLUTIONS SDN BHD,MEP,Central,Selangor,Puncak Alam,Mall,Shop,"OL-G15, LOTUS'S PUNCAK ALAM, PERSIARAN PUNCAK BESTARI 2, 42300 PUNCAK ALAM, SELANGOR.",KIAT,6.01154E+11
462,178,484,1,20,5,5,MVD25-00484,Sharp,"50""",1920x1080,MP2601-0001,Assigned,,NUC,Core 3,8,470,DP-HDMI,WIFI,Hotlink,Back,316,Plaza Merdeka MC-BM 5 - P3 (Hotlink),BM,1679544648,cl1ck1x123,,P3,,,,Plaza Merdeka,MAXIS CENTRE PLAZA MERDEKA,MC,Sarawak,Sarawak,Kuching,Mall,Kiosk,"B-07 Lower Ground, Plaza Merdeka 88, Pearl Street, 93000 Kuching ",Jamilah Jimi,60172000774
394,181,490,2,21,1,1,MVD25-00490,Philips,"40""",1080x1920,MMP25-00490,Assigned,,HP,i5-4,4,250,DP-HDMI,Wifi-Dongle,MIRA,Single,408,Miri MC-EN - P1,EN,1593462972,cl1ck1x123,,MIRA -EM,,,,Miri,MAXIS CENTRE MIRI,MC,Sarawak,Sarawak,Miri,High Street,Kiosk,"No 2377 (Grd Flr, 1st, 2nd) Jln Boulevard 1, Boulevard Commercial Centre, 98000 Miri, Sarawak",Audrine Loi ,6.01138E+11
573,4,20,1,1,4,1,MVD25-00235,Sharp,"75""",1080x1920,MMP25-00020,Unassigned,Left at Outlet,Fujitsu,i5-1,4,120,HDMI,LAN,Store Front,SF,65,Sunway Velocity MC-EN 1 - SF,EN,1396341734,cl1ck1x123,,P1,,,adam,Sunway Velocity,MAXIS CENTRE SUNWAY VELOCITY,MC,Central,KL,KL,Mall,0,"Lot 1-17, Sunway Velocity Shopping Mall, Lingkaran SV, Jalan Peel, 55100 Kuala Lumpur ",Martin ,60123750013
615,,,,,,,MVD25-00486,Samsung,"65""",1080x1920,MP2504-0007,Assigned,,Intel NUC,i3-13,8,250,HDMI,Wifi,MIRA,Kiosk - Pillar,152,The Spring MC-EN 1 - P1 (MIRA),EN,564431410,cl1ck1x123,,MIRA,,,azam,The Spring,MAXIS CENTRE THE SPRING,MC,Sarawak,Sarawak,Kuching,Mall,Kiosk,"Lots B05,B06 & KB01, Basement Floor, The Spring Shopping Mall, Persiaran Spring, 93300 Kuching, Sarawak",Maskinah Binti Putit,60128080038
396,182,492,2,21,3,2,MVD25-00492,Sharp,"40""",1920x1080,MMP25-00492,Assigned,,HP,i5-2,4,231,DP-HDMI,LAN,Postpaid,Left - 1,365,Miri Times Square MC-EN 2 - P1 (Postpaid),EN,1149054335,cl1ck1x123,,P1,,,,Miri Times Square,MAXIS CENTRE MIRI TIMES SQUARE,MC,Sarawak,Sarawak,Miri,High Street,Kiosk,D-G-19 Ground Floor Miri Times Square 98000 Miri,Audrine Loi ,6.01138E+11
397,182,493,2,21,3,3,MVD25-00493,Sharp,"40""",1920x1080,MMP25-00493,Assigned,,HP,i5-2,4,231,DP-HDMI,LAN,Business,Left - 2,366,Miri Times Square MC-EN 3 - P2 (Business),EN,1840586684,cl1ck1x123,,P2,,,,Miri Times Square,MAXIS CENTRE MIRI TIMES SQUARE,MC,Sarawak,Sarawak,Miri,High Street,Kiosk,D-G-19 Ground Floor Miri Times Square 98000 Miri,Audrine Loi ,6.01138E+11
270,76,242,1,9,2,1,MVD25-00242,Samsung,"65""",1920x1080,MMP25-00241,Unassigned,Left at Outlet,hp,i5-4,4,500,DP-HDMI,Wifi,Fibre,Right,349,KB Mall MC-BM 2 - Demo TV,BM,1391722563,cl1ck1x123,,Demo TV,,,,KB Mall,MAXIS CENTRE KB MALL,MC,East Coast,Kelantan,KB,Mall,Shop,"Lot G-32, Ground Floor, KB Mall, No. 1, Jalan Hamzah, 15050 Kota Bharu, Kelantan. ",Tg Zuraifah Binti Tuan Yaacob,60179000311
619,,,,,,,MVD25-00489,Samsung,"65""",1920x1080,MP2504-0008,Assigned,,Intel NUC,i3-13,8,250,HDMI,Wifi,Demo TV,Kiosk - Escalator,153,The Spring MC-EN 4 - Demo TV,EN,1359065874,cl1ck1x123,,Demo TV,,,azam,The Spring,MAXIS CENTRE THE SPRING,MC,Sarawak,Sarawak,Kuching,Mall,Kiosk,"Lots B05,B06 & KB01, Basement Floor, The Spring Shopping Mall, Persiaran Spring, 93300 Kuching, Sarawak",Maskinah Binti Putit,60128080038
447,183,496,2,21,4,3,MVD25-00496,Sharp,"40""",1920x1080,MMP25-00496,Assigned,,HP,i5-4,4,120,DP-HDMI,LAN,Postpaid,Left - 1,412,"Permaisuri Imperial City Mall, Miri MEP-EN 3 - P2 (Postpaid)",EN,1555600788,cl1ck1x123,,P2,,,,"Permaisuri Imperial City Mall, Miri",CORELINE SOLUTIONS,MEP,Sarawak,Sarawak,Miri,Mall,Shop,"SF35, 2ND FLOOR, PERMAISURI IMPERIAL CITY MALL, 98000 MIRI, SARAWAK.",ALVIN LING CHUAN YANG,60168996500
395,182,491,2,21,3,1,MVD25-00491,Sharp,"40""",1920x1080,MMP25-00491,Assigned,,MSI,i3-4,4,120,HDMI,LAN,Hotlink,Right -1 ,364,Miri Times Square MC-EN 1 - P3 (Hotlink),EN,1768715522,cl1ck1x123,,P3,,,,Miri Times Square,MAXIS CENTRE MIRI TIMES SQUARE,MC,Sarawak,Sarawak,Miri,High Street,Kiosk,D-G-19 Ground Floor Miri Times Square 98000 Miri,Audrine Loi ,6.01138E+11
439,125,353,3,14,2,1,MVD25-00353,Samsung,"65""",1080x1920,MMP25-00353,Unassigned,Left at Outlet,GIgabyte,Pentium G2,8,250,HDMI,Wifi,Store Front,SF - Standee,367,Penang Int'l Airport MC 1 - SF,BM,1945341988,cl1ck1x123,,Airport,,wifi dongle no working,,Penang International Aiport,MAXIS CENTRE PENANG INTERNATIONAL AIRPORT (PIA),MC,Northern,Penang,Island,Mall,Shop,"L1LFB3C, Level 1, Arrival Hall,  Lapangan Terbang Antarabangsa Penang, 11900 Bayan Lepas, Pulau Pinang,",Steven Radha Krishnan ,60174000413
527,185,502,4,23,4,2,MVD25-00502,Sharp,"60""",1080x1920,MMP25-00502,Assigned,,HP,i5-4,4,1000,DP-HDMI,LAN,MIRA,Right -1 ,340,Sibu MC-EN 2 - MIRA,EN,1342117248,cl1ck1x123,,MIRA - P2,,,,Sibu,MAXIS CENTRE SIBU,MC,Sarawak,Sarawak,Sibu,High Street,Shop,"No. 1, Lot 3728, Ground Floor, Jalan Pahlawan, 96000, Sibu, Sarawak.",Freda Hii Ai Leen,60178080272
444,183,494,2,21,4,1,MVD25-00494,Sharp,"40""",1920x1080,MMP25-00494,Assigned,,MSI,i3-4,4,120,HDMI,LAN,Pole,Right - 2,409,"Permaisuri Imperial City Mall, Miri 1 - P1 (Hanging Pole)",EN,1212227927,cl1ck1x123,,P1,,,,"Permaisuri Imperial City Mall, Miri",CORELINE SOLUTIONS,MEP,Sarawak,Sarawak,Miri,Mall,Shop,"SF35, 2ND FLOOR, PERMAISURI IMPERIAL CITY MALL, 98000 MIRI, SARAWAK.",ALVIN LING CHUAN YANG,60168996500
445,183,495,2,21,4,2,MVD25-00495,Philips,"50""",1920x1080,MMP25-00495,Assigned,,MSI,i3-4,4,120,HDMI,LAN,Hotlink,Left - 2,410,"Permaisuri Imperial City Mall, Miri 2 - P3 (Hotlink)",EN,1820259579,cl1ck1x123,,P3,,,,"Permaisuri Imperial City Mall, Miri",CORELINE SOLUTIONS,MEP,Sarawak,Sarawak,Miri,Mall,Shop,"SF35, 2ND FLOOR, PERMAISURI IMPERIAL CITY MALL, 98000 MIRI, SARAWAK.",ALVIN LING CHUAN YANG,60168996500
529,185,504,4,23,4,4,MVD25-00504,Samsung,"65""",1920x1080,MMP25-00504,Assigned,,HP,i3-6,8,250,VGA-HDMI,LAN,Demo TV,Right - 2,342,Sibu MC-EN 4 - Demo TV,EN,1691776466,cl1ck1x123,,Demo TV,,,,Sibu,MAXIS CENTRE SIBU,MC,Sarawak,Sarawak,Sibu,High Street,Shop,"No. 1, Lot 3728, Ground Floor, Jalan Pahlawan, 96000, Sibu, Sarawak.",Freda Hii Ai Leen,60178080272
446,183,497,2,21,4,4,MVD25-00497,Philips,"50""",1080x1920,MMP25-00497,Assigned,,Intel NUC,i5-11,8,264,HDMI,Wifi,Store Front,Right -1 ,411,"Permaisuri Imperial City Mall, Miri 4 - SF",EN,1832150753,cl1ck1x123,,P1,,,,"Permaisuri Imperial City Mall, Miri",CORELINE SOLUTIONS,MEP,Sarawak,Sarawak,Miri,Mall,Shop,"SF35, 2ND FLOOR, PERMAISURI IMPERIAL CITY MALL, 98000 MIRI, SARAWAK.",ALVIN LING CHUAN YANG,60168996500
490,184,498,3,22,3,1,MVD25-00498,LG,"40""",1920x1080,MMP25-00498,Assigned,,Dell,I3-6,8,600,HDMI,LAN,Home,Right -1 ,413,"Repok Road, Sarikei MEP-EN 1 - P2 (Home)",EN,1064430672,cl1ck1x123,,P2,,,,"Repok Road, Sarikei",GOODWOOD PHOTO COLOUR PROCESSING,MEP,Sarawak,Sarawak,Sarikei,High Street,Shop,"NO. 81B, JALAN MASJID LAMA, BANDAR SARIKEI, 96100 SARIKEI, SARAWAK.",CHAN NGIK LONG,60109625919
491,184,499,3,22,3,2,MVD25-00499,Philips,"50""",1920x1080,MMP25-00499,Assigned,,Dell,I3-6,8,600,HDMI,LAN,Hotlink,Right - 2,414,"Repok Road, Sarikei MEP-EN 2 - P3 (Hotlink)",EN,1050540129,cl1ck1x123,,P3,,,,"Repok Road, Sarikei",GOODWOOD PHOTO COLOUR PROCESSING,MEP,Sarawak,Sarawak,Sarikei,High Street,Shop,"NO. 81B, JALAN MASJID LAMA, BANDAR SARIKEI, 96100 SARIKEI, SARAWAK.",CHAN NGIK LONG,60109625919
492,184,500,3,22,3,3,MVD25-00500,tbc,tbc,tbc,MMP25-00500,Assigned,,Dell,I3-6,8,600,HDMI,LAN,MIRA,Right -1 ,415,"Repok Road, Sarikei MEP-EN 3 - P1",EN,1072092808,cl1ck1x123,,P1,,,,"Repok Road, Sarikei",GOODWOOD PHOTO COLOUR PROCESSING,MEP,Sarawak,Sarawak,Sarikei,High Street,Shop,"NO. 81B, JALAN MASJID LAMA, BANDAR SARIKEI, 96100 SARIKEI, SARAWAK.",CHAN NGIK LONG,60109625919
115,155,427,1,16,4,1,MVD25-00427,Sharp,"50""",1920x1080,MMP25-00427,To be Disposed,Left at outlet,HP,na,4,462,DP-HDMI,LAN,Postpaid,Right -1 ,309,Api-Api MC-BM 1 - P1 (Right -1 ),BM,1900887841,cl1ck1x123,,P1,,,,Api-Api,MAXIS CENTRE API API,MC,Sabah,Sabah,Kota Kinabalu,High Street,Shop,"Unit 5-0-8, Ground Floor, Api Api Centre, Jalan Centre Point, 88000 Kota Kinabalu, Sabah",Siti Aidah Binti Hj Abdullah,60128020028
526,185,501,4,23,4,1,MVD25-00501,Sharp,"60""",1080x1920,MP2602-0022,Assigned,,NUC,Core 3 ,8,250,HDMI,WiFi,Modular,Back,339,SIbu MC-EN 1 - P1 (Modular),EN,1434040705,cl1ck1x123,,P1,,,,Sibu,MAXIS CENTRE SIBU,MC,Sarawak,Sarawak,Sibu,High Street,Shop,"No. 1, Lot 3728, Ground Floor, Jalan Pahlawan, 96000, Sibu, Sarawak.",Freda Hii Ai Leen,60178080272
137,188,508,5,24,3,2,MVD25-00508,Samsung,"55""",1920x1080,MMP25-00508,Assigned,,HP,i5-2,4,300,DP-HDMI,LAN,Zerolution,,361,Bintulu MC-EN 2 - Demo TV (Zerolution),EN,1615260470,cl1ck1x123,,Demo TV,,,,Bintulu,MAXIS CENTRE BINTULU,MC,Sarawak,Sarawak,Bintulu,Mall,Shop,"Lot F4, The Spring Shopping Mall Bintulu,  Jalan Tanjung Batu, 97000, Bintulu, Sarawak.",Ku Tah Woo,60193833066
3,161,443,1,16,3,3,MVD25-00443,Sharp,"40""",1080x1920,MMP25-00443,To be Disposed,Left at outlet,HP,i5-4,4,462,DP-HDMI,Wifi-Dongle,MIRA,Left - 2,328,1Borneo MC-BM 3 - MIRA,BM,1408134717,cl1ck1x123,,MIRA,,,,1Borneo,MAXIS CENTRE 1BORNEO,MC,Sabah,Sabah,Kota Kinabalu,Mall,Shop,"G-304, Ground Floor, 1Borneo Hypermall,  Jalan Sulaman, 88400 Kota Kinabalu, Sabah",Awang Kimaruddin Bin Awang Dinin,60127233420
528,185,503,4,23,4,3,MVD25-00503,Samsung,"40""",1360x768,MP2507-0077,Assigned,,NUC,Core 3,8,250,HDMI,LAN,Hotlink,Right - 3,341,Sibu MC-EN 3 - P3 (Hotlink),EN,1554448425,cl1ck1x123,,Hotlink,,,,Sibu,MAXIS CENTRE SIBU,MC,Sarawak,Sarawak,Sibu,High Street,Shop,"No. 1, Lot 3728, Ground Floor, Jalan Pahlawan, 96000, Sibu, Sarawak.",Freda Hii Ai Leen,60178080272
138,188,509,5,24,3,3,MVD25-00509,Philips,"50""",1920x1080,MMP25-00509,Assigned,,HP,i5-4,4,1000,DP-HDMI,LAN,Hotlink,,363,Bintulu MC-EN 3 - P3 (Hotlink),EN,1848546333,cl1ck1x123,,"P3 - cable issue, display is blank",,,,Bintulu,MAXIS CENTRE BINTULU,MC,Sarawak,Sarawak,Bintulu,Mall,Shop,"Lot F4, The Spring Shopping Mall Bintulu,  Jalan Tanjung Batu, 97000, Bintulu, Sarawak.",Ku Tah Woo,60193833066
156,190,513,1,25,5,2,MVD25-00513,Sharp,"50""",1080x1920,MMP25-00513,Assigned,,HP,i5-2,4,250,DP-HDMI,LAN,MIRA,Left - 2,136,Danga Bay MC-EN 2 - MIRA,EN,1678541857,cl1ck1x123,,MIRA,,,irfan,Danga Bay ,MAXIS CENTRE JB-1 CENTRE DANGA BAY,MC,Southern,Johor,JB,High Street,Shop,"Block 6-G-1, Danga Walk, Batu 4 ½, Jalan Skudai, 80200 Johor Bahru, Johor",Nor Rafiza Binti Muxtor,60172555731
243,,,,,,,MVD25-00505,Sharp,"40""",1920x1080,MP2507-0060,Assigned,,Intel NUC,Core 3 ,8,250,HDMI,LAN,Mobile,Single,416,Jalan Keranji MEP-EN,EN,1411106592,cl1ck1x123,,P1,,,azam,"Jalan Keranji, Sibu",ERITEL TELECOMMUNICATIONS CO,MEP,Sarawak,Sarawak,Sibu,High Street,Shop,"NO.40, G/F, JALAN KERANJI, 96000 SIBU, SARAWAK.",MANDY YONG,60128087711
139,187,506,5,24,1,1,MVD25-00506,Panasonic,"40""",1920x1080,MMP25-00506,Assigned,,Dell,i3-6,8,64,DP-HDMI,Wifi-Dongle,,Single,407,Bintulu Sentral MEP-EN,EN,1139606841,cl1ck1x123,,P1,,,,Bintulu Sentral,TELEZON,MEP,Sarawak,Sarawak,Bintulu,High Street,Shop,"NO 216, LOT 8367, BINTULU SENTRAL, JALAN KIDURONG, KEMENA LAND DISTRICT, 97000 BINTULU, SARAWAK.",ALAN LING,60178928902
136,188,507,5,24,3,1,MVD25-00507,Philips,"50""",1080x1920,MMP25-00507,Assigned,,Intel NUC,i5-11,8,264,HDMI,Wifi,,SF - Standee,362,Bintulu MC-EN 1 - SF,EN,1654483674,cl1ck1x123,,P1,,,,Bintulu,MAXIS CENTRE BINTULU,MC,Sarawak,Sarawak,Bintulu,Mall,Shop,"Lot F4, The Spring Shopping Mall Bintulu,  Jalan Tanjung Batu, 97000, Bintulu, Sarawak.",Ku Tah Woo,60193833066
625,191,517,1,25,5,1,MVD25-00517,Sharp,"50""",1080x1920,MMP25-00517,Assigned,,HP,i5-4,4,500,DP-HDMI,LAN,MIRA,,140,Tmn Molek MC-BM 1 - MIRA,BM,338017659,cl1ck1x123,,MIRA,,,adam,Taman Molek,MAXIS CENTRE TAMAN MOLEK,MC,Southern,Johor,JB,High Street,Shop,"Grd Flr, Unit No 12 & 14, Jalan Molek 1/9, Taman Molek, 81100 Johor Bahru",Nor Azizah Binti Mohd Som,60177777487
626,191,518,1,25,5,2,MVD25-00518,Sharp,"50""",1920x1080,MMP25-00518,Assigned,,HP,i5-4,4,500,DP-HDMI,LAN,Fibre,Right -1 ,138,Tmn Molek MC-BM 2 - Demo TV,BM,1560608312,cl1ck1x123,,Demo TV,,,adam,Taman Molek,MAXIS CENTRE TAMAN MOLEK,MC,Southern,Johor,JB,High Street,Shop,"Grd Flr, Unit No 12 & 14, Jalan Molek 1/9, Taman Molek, 81100 Johor Bahru",Nor Azizah Binti Mohd Som,60177777487
535,189,510,1,25,2,1,MVD25-00510,Toshiba,"50""",1080x1920,MMP25-00510,Assigned,,GIgabyte,i3-3,4,450,DP-HDMI,Wifi,Fibre,Right -1 ,575,Skudai MEP-BM 1 - P1 (Fibre),BM,186711919,cl1ck1x123,,P1,,"no network, wifi dongle",adam,"Skudai, Johor",FRIENDSHIP MOBILE SOLUTION SDN BHD,MEP,Southern,Johor,JB,High Street,Shop,"NO. 40, JALAN PERWIRA 1, TAMAN UNGKU TUN AMINAH, 81300 SKUDAI, JOHOR.",MIN MIN,60127036888
536,189,511,1,25,2,2,MVD25-00511,Sharp,"50""",1920x1080,MMP25-00511,Assigned,,,,,,,,Postpaid,Right - 2,576,Skudai MEP-BM 2 - P2 (Postpaid),BM,488739120,cl1ck1x123,,P2,,"no network, wifi dongle",adam,"Skudai, Johor",FRIENDSHIP MOBILE SOLUTION SDN BHD,MEP,Southern,Johor,JB,High Street,Shop,"NO. 40, JALAN PERWIRA 1, TAMAN UNGKU TUN AMINAH, 81300 SKUDAI, JOHOR.",MIN MIN,60127036888
155,190,512,1,25,5,1,MVD25-00512,Samsung,"65""",1920x1080,MMP25-00512,Disposed,,tbc,tbc,4,463,HDMI,LAN,Fibre,Left - 1,134,Danga Bay MC-EN 1 - Demo TV,EN,1706285526,cl1ck1x123,,Demo TV,,,irfan,Danga Bay ,MAXIS CENTRE JB-1 CENTRE DANGA BAY,MC,Southern,Johor,JB,High Street,Shop,"Block 6-G-1, Danga Walk, Batu 4 ½, Jalan Skudai, 80200 Johor Bahru, Johor",Nor Rafiza Binti Muxtor,60172555731
155,190,512,1,25,5,1,MVD25-00512,Samsung,"65""",1920x1080,MP2508-0109,Assigned,,NUC,Core 3,6,463,HDMI,LAN,Fibre,Left - 1,134,Danga Bay MC-EN 1 - Demo TV,EN,1051355700,cl1ck1x123,,Demo TV,,,irfan,Danga Bay ,MAXIS CENTRE JB-1 CENTRE DANGA BAY,MC,Southern,Johor,JB,High Street,Shop,"Block 6-G-1, Danga Walk, Batu 4 ½, Jalan Skudai, 80200 Johor Bahru, Johor",Nor Rafiza Binti Muxtor,60172555731
630,191,521,1,25,5,5,MVD25-00521,Sharp,"40""",1080x1920,MMP25-00521,Assigned,,HP,i5-4,4,500,DP-HDMI,LAN,Postpaid,,139,Tmn Molek MC-BM 5 - P2 (Postpaid),BM,1133924450,cl1ck1x123,,P2,,,adam,Taman Molek,MAXIS CENTRE TAMAN MOLEK,MC,Southern,Johor,JB,High Street,Shop,"Grd Flr, Unit No 12 & 14, Jalan Molek 1/9, Taman Molek, 81100 Johor Bahru",Nor Azizah Binti Mohd Som,60177777487
157,190,514,1,25,5,3,MVD25-00514,Sharp,"50""",1920x1080,MMP25-00514,Disposed,,Dell,i3-6,8,250,HDMI,LAN,Postpaid,Back - Pillar,135,Danga Bay MC-EN 3 - P1 (Postpaid),EN,1937358653,cl1ck1x123,,P1,,,irfan,Danga Bay ,MAXIS CENTRE JB-1 CENTRE DANGA BAY,MC,Southern,Johor,JB,High Street,Shop,"Block 6-G-1, Danga Walk, Batu 4 ½, Jalan Skudai, 80200 Johor Bahru, Johor",Nor Rafiza Binti Muxtor,60172555731
158,,,,,,,MVD25-00514,Sharp,"50""",1920x1080,MP2505-0038,Assigned,,Intel NUC,i3-13,8,250,HDMI,LAN,Postpaid,Back - Pillar,135,Danga Bay MC-EN 3 - P1 (Postpaid),EN,1713638372,cl1ck1x123,,P1,,,adam,Danga Bay ,MAXIS CENTRE JB-1 CENTRE DANGA BAY,MC,Southern,Johor,JB,High Street,Shop,"Block 6-G-1, Danga Walk, Batu 4 ½, Jalan Skudai, 80200 Johor Bahru, Johor",Nor Rafiza Binti Muxtor,60172555731
124,164,452,1,16,1,1,MVD25-00452,Samsung,"65""",1920x1080,MMP25-00452,To be Disposed,Left at outlet,HP,i5-6,8,223,HDMI,LAN,n/a,Left - 1,425,Bataras Kolombong MEP-BM,BM,1161591120,cl1ck1x123,,P1,,,,Bataras Kolombong,TELE CONNECTIONS,MEP,Sabah,Sabah,Kota Kinabalu,Mall,Shop,"LOT PS 34, BATARAS KOLOMBONG, JALAN TUARAN 5 1/2, 88450 KOTA KINABALU, SABAH.",CARMEN ,60168126676
497,168,459,3,18,1,1,MVD25-00459,Samsung,"65""",1920x1080,MMP25-00459,To be Disposed,Left at outlet,HP,i5-4,4,928,HDMI,LAN,,Single,429,Sandakan Telepost MEP-BM,EN,1788443612,cl1ck1x123,,P1,,,,Sandakan - MEP,TELEPOST,MEP,Sabah,Sabah,Sandakan,High Street,Shop,"LOT 100, BLOK D4, TINGKAT BAWAH, UTAMA PLACE, BATU 6, JALAN UTARA, 90000 SANDAKAN, SABAH.",CHAI TET MONG,60128019909
121,192,522,1,25,2,1,MVD25-00522,Sharp,"40""",1080x1920,MMP25-00522,Assigned,,HP,i5-4,4,500,DP-HDMI,LAN,Fibre,Right -1 ,567,"Bandar Seri Alam, Masai MEP-BM 1 - P1 (Fibre)",BM,1937902346,cl1ck1x123,,P1,,,adam,"Bandar Baru Seri Alam, Masai",WH TOP SDN BHD,MEP,Southern,Johor,JB,High Street,Shop,"NO. 7, JALAN SURIA 3, BANDAR SERI ALAM, 81750 MASAI, JOHOR.",NURULAKMAL BINTI MUSTAFAH,60124445453
122,192,523,1,25,2,2,MVD25-00523,Sharp,"40""",1920x1080,MMP25-00523,Assigned,,HP,i5-3,4,250,DP-HDMI,LAN,Postpaid,Right - 2,568,"Bandar Seri Alam, Masai MEP-BM 2 - P2 (Postpaid)",BM,1653965756,cl1ck1x123,,P2,,,adam,"Bandar Baru Seri Alam, Masai",WH TOP SDN BHD,MEP,Southern,Johor,JB,High Street,Shop,"NO. 7, JALAN SURIA 3, BANDAR SERI ALAM, 81750 MASAI, JOHOR.",NURULAKMAL BINTI MUSTAFAH,60124445453
627,191,519,1,25,5,3,MVD25-00519,Sharp,"40""",1920x1080,MMP25-00519,Disposed,,GIgabyte,i3-3,4,500,DP-HDMI,LAN,Business,Right - 2,141,Tmn Molek MC-BM 3 - P1 (Business),BM,1610889757,cl1ck1x123,,P1,,,adam,Taman Molek,MAXIS CENTRE TAMAN MOLEK,MC,Southern,Johor,JB,High Street,Shop,"Grd Flr, Unit No 12 & 14, Jalan Molek 1/9, Taman Molek, 81100 Johor Bahru",Nor Azizah Binti Mohd Som,60177777487
628,,,,,,,MVD25-00519,Sharp,"40""",1920x1080,MP2507-0083,Assigned,,NUC,Intel core 3 100U,8,250,HDMI,WiFi-LAN,Business,Right - 3,142,Tmn Molek MC-BM 3 - P1 (Business),BM,1077169754,cl1ck1x124,,P2,,,adam,Taman Molek,MAXIS CENTRE TAMAN MOLEK,MC,Southern,Johor,JB,High Street,Shop,"Grd Flr, Unit No 12 & 14, Jalan Molek 1/9, Taman Molek, 81100 Johor Bahru",Nor Azizah Binti Mohd Som,60177777488
319,,,,,,,MVD25-00461,Sharp,"40""",1920x1080,MP2505-0050,To be Disposed,Left at outlet,Intel NUC,i3-13,8,250,HDMI,WiFi ,postpaid,1 screen,431,"Kubota, Tawau MEP-EN",EN,1535070471,cl1ck1x125,888190244,P1,,,,"Kubota, Tawau",CL ENTERPRISE,MEP,Sabah,Sabah,Tawau,Mall,Shop,"TB 15616, GROUND FLOOR, LOT 71, BLOCK D, KUBOTA SQAURE, JALAN KUBOTA, 91000 TAWAU, SABAH.",CHAN PUI YIENG,60128401199
629,191,520,1,25,5,4,MVD25-00520,Samsung,"65""",1920x1080,MP2509-0138,Assigned,,NUC,Core 3,8,250,HDMI,Wifi,Hotlink,Back,137,Tmn Molek MC-BM 4 - P3 (Hotlink),BM,1601451132,cl1ck1x123,,P3,,,adam,Taman Molek,MAXIS CENTRE TAMAN MOLEK,MC,Southern,Johor,JB,High Street,Shop,"Grd Flr, Unit No 12 & 14, Jalan Molek 1/9, Taman Molek, 81100 Johor Bahru",Nor Azizah Binti Mohd Som,60177777487
599,194,527,1,25,3,3,MVD25-00527,LG,"40""",1080x1920,MMP25-00527,Assigned,,HP,i5-4,4,500,DP-HDMI,Wifi,Postpaid,Left - 1,566,Taman Universiti MEP-EN 3 - P1 (Postpaid),EN,1404717335,cl1ck1x123,,P1,,,adam,Taman University,SUPERIOR MOBILE SDN BHD,MEP,Southern,Johor,JB,High Street,Shop,"NO 31 JALAN KEBUDAYAAN 16, TAMAN UNIVERSITI, 81300 SKUDAI, JOHOR.",AMALINA,60127657665
424,196,530,1,25,4,1,MVD25-00530,Generic,"55""",768x1366,MMP25-00530,Assigned,,HP,i5-4,4,500,DP-HDMI,LAN,Store Front,SF,297,Paradigm JB MC-EN 1 - SF,EN,1197149694,cl1ck1x123,,P1,,,adam,Paradigm JB,MAXIS CENTRE PARADIGM MALL,MC,Southern,Johor,JB,Mall,Shop,"Lot 3F-45, 3rd Floor, Paradigm Mall Johor Bahru, 76,  Jalan Mewah Ria 2/2, Taman Bukit Mewah, 81200 Johor Bahru",Noor Azila Binti Shaari,60122000687
425,196,531,1,25,4,2,MVD25-00531,Sharp,"50""",1080x1920,MMP25-00531,Assigned,,HP,i5-2,4,250,DP-HDMI,LAN,MIRA,Left - 1,299,Paradigm JB MC-EN 2 - MIRA,EN,1552328913,cl1ck1x123,,MIRA,,,adam,Paradigm JB,MAXIS CENTRE PARADIGM MALL,MC,Southern,Johor,JB,Mall,Shop,"Lot 3F-45, 3rd Floor, Paradigm Mall Johor Bahru, 76,  Jalan Mewah Ria 2/2, Taman Bukit Mewah, 81200 Johor Bahru",Noor Azila Binti Shaari,60122000687
601,193,524,1,25,1,1,MVD25-00524,Sharp,"40""",1920x1080,MMP25-00524,Assigned,,MSI,i3-4,4,500,HDMI,Wifi,Postpaid,Right -1 ,521,Tangkak Town MEP-EN,EN,1422329149,cl1ck1x123,,P1,,bightness,adam,Tangkak Town,ASIATEL TECHNOLOGY SDN BHD,MEP,Southern,Johor,JB,High Street,Shop,"NO 1, JLN SIALANG, 84900 TANGKAK, JOHOR.",SIEW,60177572525
596,194,525,1,25,3,1,MVD25-00525,Sharp,"40""",1920x1080,MMP25-00525,Assigned,,Fujitsu,i5-1,4,180,HDMI,Wifi,Hotlink,Right -1 ,565,Taman Universiti MEP-EN 1 - P3 (Hotlink),EN,1765435507,cl1ck1x123,,P3,,,adam,Taman University,SUPERIOR MOBILE SDN BHD,MEP,Southern,Johor,JB,High Street,Shop,"NO 31 JALAN KEBUDAYAAN 16, TAMAN UNIVERSITI, 81300 SKUDAI, JOHOR.",AMALINA,60127657665
597,194,526,1,25,3,2,MVD25-00526,Sharp,"50""",1080x1920,MMP25-00526,Disposed,,Dell,i5-6,8,250,HDMI,Wifi,Fibre,Right - 2,564,Taman Universiti MEP-EN 2 - P2 (Fibre),EN,1159449807,cl1ck1x123,,P2,,,adam,Taman University,SUPERIOR MOBILE SDN BHD,MEP,Southern,Johor,JB,High Street,Shop,"NO 31 JALAN KEBUDAYAAN 16, TAMAN UNIVERSITI, 81300 SKUDAI, JOHOR.",AMALINA,60127657665
598,,,,,,,MVD25-00526,Sharp,"50""",1080x1920,MP2505-0032,Assigned,,Intel NUC,i3-13,8,250,HDMI,LAN/WiFi,Fibre,Right - 2,564,Taman Universiti MEP-EN 2 - P2 (Fibre),EN ,293554921,cl1ck1x123,,P2,,,adam,Taman University,SUPERIOR MOBILE SDN BHD,MEP,Southern,Johor,JB,High Street,Shop,"NO 31 JALAN KEBUDAYAAN 16, TAMAN UNIVERSITI, 81300 SKUDAI, JOHOR.",AMALINA,60127657665
426,196,532,1,25,4,3,MVD25-00532,LG,"55""",1920x1080,MMP25-00532,Assigned,,HP,i5-2,4,250,DP-HDMI,LAN,Fibre,Right -1 ,300,Paradigm JB MC-EN 3 - Demo TV,EN,1447658677,cl1ck1x123,,Demo TV,,,adam,Paradigm JB,MAXIS CENTRE PARADIGM MALL,MC,Southern,Johor,JB,Mall,Shop,"Lot 3F-45, 3rd Floor, Paradigm Mall Johor Bahru, 76,  Jalan Mewah Ria 2/2, Taman Bukit Mewah, 81200 Johor Bahru",Noor Azila Binti Shaari,60122000687
16,195,528,1,25,2,1,MVD25-00528,Sharp,"50""",1080x1920,MMP25-00528,Disposed,,Dell,i5-4,4,250,HDMI,Wifi,Postpaid,Left - 1,561,"AEON Bukit Indah, JB MEP-EN 1 - P2 (Postpaid)",EN,1735304880,cl1ck1x123,,P2,,,adam,AEON Bukit Indah,SHINING TELECOMMUNICATION SDN BHD,MEP,Southern,Johor,JB,Mall,Shop,"LOT S48, AEON BUKIT INDAH SHOPPING CENTER, JALAN INDAH 15/2, TAMAN BUKIT INDAH, 79100 ISKANDAR NUSAJAYA, JOHOR.",NICOLE,60127101100
17,,,,,,,MVD25-00528,Sharp,"50""",1080x1920,MP2505-0027,Assigned,,Intel NUC,i3-13,8,250,HDMI,Wifi,Postpaid,Left - 1,561,"AEON Bukit Indah, JB MEP-EN 1 - P2 (Postpaid)",EN,1202611536,cl1ck1x123,,P2,,,adam,AEON Bukit Indah,SHINING TELECOMMUNICATION SDN BHD,MEP,Southern,Johor,JB,Mall,Shop,"LOT S48, AEON BUKIT INDAH SHOPPING CENTER, JALAN INDAH 15/2, TAMAN BUKIT INDAH, 79100 ISKANDAR NUSAJAYA, JOHOR.",NICOLE,60127101100
18,195,529,1,25,2,2,MVD25-00529,Philips,"55""",1080x1920,MMP25-00529,Assigned,,Intel NUC,i5-11,8,250,HDMI,Wifi,Store Front,Right -1 ,560,"AEON Bukit Indah, JB MEP-EN 2 - SF",EN,1346692954,cl1ck1x123,,P1,,brightness,adam,AEON Bukit Indah,SHINING TELECOMMUNICATION SDN BHD,MEP,Southern,Johor,JB,Mall,Shop,"LOT S48, AEON BUKIT INDAH SHOPPING CENTER, JALAN INDAH 15/2, TAMAN BUKIT INDAH, 79100 ISKANDAR NUSAJAYA, JOHOR.",NICOLE,60127101100
427,196,533,1,25,4,4,MVD25-00533,Sharp,"50""",1920x1080,MMP25-00533,Assigned,,HP,i5-4,4,500,DP-HDMI,LAN,Hotlink,Right - 2,298,Paradigm JB MC-EN 4 - P3 (Hotlink),EN,1729682017,cl1ck1x123,,p3,,,adam,Paradigm JB,MAXIS CENTRE PARADIGM MALL,MC,Southern,Johor,JB,Mall,Shop,"Lot 3F-45, 3rd Floor, Paradigm Mall Johor Bahru, 76,  Jalan Mewah Ria 2/2, Taman Bukit Mewah, 81200 Johor Bahru",Noor Azila Binti Shaari,60122000687
71,198,535,1,25,1,1,MVD25-00535,Samsung,"65""",1920x1080,MMP25-00535,Disposed,,HP,i5-4,4,250,DP-HDMI,Wifi,Fibre,Right -1 ,554,"AEON Taman Universiti, JB MC-EN",EN,1025301012,cl1ck1x123,,Demo TV,,,adam,AEON Taman Universiti,MAXIS CENTRE AEON TAMAN UNIVERSITI,MC,Southern,Johor,JB,Mall,Shop,"LG25, LG Level, Aeon Taman Universiti, 4, Jalan Pendidikan, Taman Universiti, 81300 Johor Bahru, Johor ",Noor Azila binti Shaari ,60122000687
74,200,540,1,25,6,3,MVD25-00540,Sharp,"50""",1080x1920,MMP25-00540,Assigned,,HP,i5-4,4,500,DP-HDMI,LAN,Zerolution,Right - 2,170,Aeon Tebrau City MC-EN 2 - P2 (Zerolution),EN,1701210142,cl1ck1x123,,P2,,network,adam,Aeon Tebrau City,MAXIS CENTRE AEON TEBRAU CITY,MC,Southern,Johor,JB,Mall,Shop,"Lot S-58, Level 2, AEON Mall Tebrau City, 1, Jalan Desa Tebrau, 81100 Johor Bahru, Johor",Mohamad Safaruddin Abdul Faattah,60193940489
78,200,542,1,25,6,5,MVD25-00542,LG,"55""",1920x1080,MMP25-00542,Assigned,,HP,i5-4,4,500,DP-HDMI,LAN,Fibre,Right - 3,168,Aeon Tebrau City MC-EN 5 - Demo TV (Fibre),EN,1262629188,cl1ck1x123,,Demo TV,,network,adam,Aeon Tebrau City,MAXIS CENTRE AEON TEBRAU CITY,MC,Southern,Johor,JB,Mall,Shop,"Lot S-58, Level 2, AEON Mall Tebrau City, 1, Jalan Desa Tebrau, 81100 Johor Bahru, Johor",Mohamad Safaruddin Abdul Faattah,60193940489
318,170,461,4,19,1,1,MVD25-00461,Sharp,"40""",1920x1080,MMP25-00461,To be Disposed,Left at outlet,Emboss,Pentium G2,4,465,DP-HDMI,LAN,Postpaid,Single,431,st,EN,1148991881,cl1ck1x123,,P1,,,,"Kubota, Tawau",CL ENTERPRISE,MEP,Sabah,Sabah,Tawau,Mall,Shop,"TB 15616, GROUND FLOOR, LOT 71, BLOCK D, KUBOTA SQAURE, JALAN KUBOTA, 91000 TAWAU, SABAH.",CHAN PUI YIENG,60128401199
371,201,544,1,25,3,1,MVD25-00544,Sharp,"50""",1080x1920,MMP25-00544,Assigned,,HP,i3-6,8,500,DP-HDMI,LAN,Postpaid,Right -1 ,571,"Lotus Seri Alam, Masai MEP-BM 1 - P1 (Postpaid)",BM,1032389024,cl1ck1x123,,P1,,,adam,Lotus's Seri Alam,WH TOP SDN BHD,MEP,Southern,Johor,JB,Mall,Shop,"NO.16, LOTUS’S SERI ALAM, JALAN BANDAR SERI ALAM, 81750 MASAI, JOHOR.",NURULAKMAL BINTI MUSTAFAH,60124445453
72,,,,,,,MVD25-00535,Samsung,"65""",1920x1080,MP2507-0084,Assigned,,NUC,Intel core 3,8,250,HDMI,LAN-WiFi,Fibre,Right -1 ,554,"AEON Taman Universiti, JB MC-EN",EN,1130951193,cl1ck1x123,495859823,Demo TV,,,adam,AEON Taman Universiti,MAXIS CENTRE AEON TAMAN UNIVERSITI,MC,Southern,Johor,JB,Mall,Shop,"LG25, LG Level, Aeon Taman Universiti, 4, Jalan Pendidikan, Taman Universiti, 81300 Johor Bahru, Johor ",Noor Azila binti Shaari ,60122000687
300,199,536,1,25,2,1,MVD25-00536,Philips,"50""",1080x1920,MMP25-00536,Assigned,,Intel NUC,i5-11,8,250,HDMI,Wifi,Store Front,Left - 1,558,KSL City Mall MEP-EN 1 - SF,EN,1882925177,cl1ck1x123,,P1,,,adam,KSL City Mall,GALAXY PHONE (M) SDN BHD,MEP,Southern,Johor,JB,Mall,Shop,"LG81, LOWER GROUND FLOOR, KSL CITY, TAMAN CENTURY, 80259 JOHOR BHARU, JOHOR.",LEE,60167392992
301,199,537,1,25,2,2,MVD25-00537,Sharp,"50""",1920x1080,MMP25-00537,Assigned,,Dell,i5-2,4,250,DP-HDMI,LAN,Postpaid,Left - 2,559,KSL City Mall MEP-EN 2 - P2 (Postpaid),EN,1645723359,cl1ck1x123,,P2,,,adam,KSL City Mall,GALAXY PHONE (M) SDN BHD,MEP,Southern,Johor,JB,Mall,Shop,"LG81, LOWER GROUND FLOOR, KSL CITY, TAMAN CENTURY, 80259 JOHOR BHARU, JOHOR.",LEE,60167392992
73,200,538,1,25,6,1,MVD25-00538,Samsung,"65""",1080x1920,MMP25-00538,Assigned,,Fujitsu,i5-1,4,150,HDMI,LAN,Store Front,Right -1 ,172,Aeon Tebrau City MC-EN 1 - SF,EN,1962666852,cl1ck1x123,,P1,,network,adam,Aeon Tebrau City,MAXIS CENTRE AEON TEBRAU CITY,MC,Southern,Johor,JB,Mall,Shop,"Lot S-58, Level 2, AEON Mall Tebrau City, 1, Jalan Desa Tebrau, 81100 Johor Bahru, Johor",Mohamad Safaruddin Abdul Faattah,60193940489
75,200,539,1,25,6,2,MVD25-00539,Sharp,"40""",1920x1080,MMP25-00539,Assigned,,GIgabyte,Pentium G2,4,500,DP-HDMI,LAN,Hotlink,Left - 1,171,Aeon Tebrau City MC-EN 3 - P3 (Hotlink),EN,1409902519,cl1ck1x123,,P3,,network,adam,Aeon Tebrau City,MAXIS CENTRE AEON TEBRAU CITY,MC,Southern,Johor,JB,Mall,Shop,"Lot S-58, Level 2, AEON Mall Tebrau City, 1, Jalan Desa Tebrau, 81100 Johor Bahru, Johor",Mohamad Safaruddin Abdul Faattah,60193940489
372,201,545,1,25,3,2,MVD25-00545,Sharp,"40""",1920x1080,MMP25-00545,Assigned,,HP,i5-4,tbc,250,DP-HDMI,LAN,Business,Left - 1,570,"Lotus Seri Alam, Masai MEP-BM 2 - P2 (Business)",BM,1071888647,cl1ck1x123,,P2,,,adam,Lotus's Seri Alam,WH TOP SDN BHD,MEP,Southern,Johor,JB,Mall,Shop,"NO.16, LOTUS’S SERI ALAM, JALAN BANDAR SERI ALAM, 81750 MASAI, JOHOR.",NURULAKMAL BINTI MUSTAFAH,60124445453
76,200,541,1,25,6,4,MVD25-00541,Sharp,"40""",1080x1920,MMP25-00541,Disposed,,Dell,i5-2,4,500,DP-HDMI,LAN,MIRA,Right - 2,169,Aeon Tebrau City MC-EN 4 - MIRA,EN,854956255,cl1ck1x123,,MIRA,,network,adam,Aeon Tebrau City,MAXIS CENTRE AEON TEBRAU CITY,MC,Southern,Johor,JB,Mall,Shop,"Lot S-58, Level 2, AEON Mall Tebrau City, 1, Jalan Desa Tebrau, 81100 Johor Bahru, Johor",Mohamad Safaruddin Abdul Faattah,60193940489
77,,,,,,,MVD25-00541,Sharp,"40""",1080x1920,MP2505-0046,Assigned,,Intel NUC,i3-13,8,250,HDMI,LAN,MIRA,Right - 2,169,Aeon Tebrau City MC-EN 4 - MIRA,EN ,1272350917,cl1ck1x123,,MIRA,,network,adam,Aeon Tebrau City,MAXIS CENTRE AEON TEBRAU CITY,MC,Southern,Johor,JB,Mall,Shop,"Lot S-58, Level 2, AEON Mall Tebrau City, 1, Jalan Desa Tebrau, 81100 Johor Bahru, Johor",Mohamad Safaruddin Abdul Faattah,60193940489
40,202,547,1,25,1,1,MVD25-00547,Sharp,"50""",1080x1920,MMP25-00547,Assigned,,HP,i3-6,4,250,DP-HDMI,Wifi,Store Front,,550,AEON Kulai Jaya MEP-EN,EN,1818179477,cl1ck1x123,,P1,,dark spot,adam,AEON Kulai Jaya,SHINING TELECOMMUNICATION SDN BHD,MEP,Southern,Johor,JB,Mall,Shop,"F53 AEON MALL KULAI PTD 106273 PERSIARAN INDAHPURA UTAMA, BANDAR INDAHPURA, 81000 KULAI, JOHOR.",NICOLE,60127101100
79,200,543,1,25,6,6,MVD25-00543,Sharp,"50""",1080x1920,MMP25-00543,Assigned,,Dell,i5-4,4,500,HDMI,Wifi,Fibre,Back,167,Aeon Tebrau City MC-EN 6 - P1 (Fibre),EN,1104498761,cl1ck1x123,,P1,,network,adam,Aeon Tebrau City,MAXIS CENTRE AEON TEBRAU CITY,MC,Southern,Johor,JB,Mall,Shop,"Lot S-58, Level 2, AEON Mall Tebrau City, 1, Jalan Desa Tebrau, 81100 Johor Bahru, Johor",Mohamad Safaruddin Abdul Faattah,60193940489
253,203,549,1,25,2,2,MVD25-00549,Philips,"50""",1920x1080,MMP25-00549,Disposed,,HP,i5-4,4,1000,DP-HDMI,LAN,Hotlink,Left - 2,552,JB CIty Square MEP-EN 2 - P3 (Hotlink),EN,1465922918,cl1ck1x123,,P3,,,irfan,JB City Square,SHINING TELECOMMUNICATION SDN BHD,MEP,Southern,Johor,JB,Mall,Shop,"LOT J3-06, LEVEL 3, JB CITY SQUARE, 106-108, JALAN WONG AH FOOK, 80000 JOHOR BHARU, JOHOR.",NICOLE,60127101100
587,204,551,1,25,3,2,MVD25-00551,Samsung,"65""",1920x1080,MMP25-00551,Assigned,,HP,i5-4,4,500,DP-HDMI,LAN,Fibre,Right -1 ,555,"Sutera Mall, JB MEP-EN 3 - P2 (Fibre)",EN,1330136168,cl1ck1x123,,P2,,,adam,Sutera Mall JB,SHINING TELECOMMUNICATION SDN BHD,MEP,Southern,Johor,JB,Mall,Shop,"L2.211 & 212, SUTERAMALL, JALAM SUTERA TANJUNG 8/4, TAMAN SUTERA UTAMA, 81300 SKUDAI, JOHOR.",NICOLE,60127101100
373,201,546,1,25,3,3,MVD25-00546,Samsung,"65""",1920x1080,MMP25-00546,Disposed,,MSI,i3-4,tbc,500,DP-HDMI,LAN,Fibre,Right - 2,569,"Lotus Seri Alam, Masai MEP-BM 3 - Demo TV",BM,111190128,cl1ck1x123,,Demo TV,,,adam,Lotus's Seri Alam,WH TOP SDN BHD,MEP,Southern,Johor,JB,Mall,Shop,"NO.16, LOTUS’S SERI ALAM, JALAN BANDAR SERI ALAM, 81750 MASAI, JOHOR.",NURULAKMAL BINTI MUSTAFAH,60124445453
373,201,546,1,25,3,3,MVP25-00534,Samsung,"65""",1920x1080,MMP25-00546,Assigned,,MSI,i3-4,tbc,500,DP-HDMI,LAN,Fibre,Right - 2,569,"Lotus Seri Alam, Masai MEP-BM 3 - Demo TV",BM,111190128,cl1ck1x123,,Demo TV,,,adam,Lotus's Seri Alam,WH TOP SDN BHD,MEP,Southern,Johor,JB,Mall,Shop,"NO.16, LOTUS’S SERI ALAM, JALAN BANDAR SERI ALAM, 81750 MASAI, JOHOR.",NURULAKMAL BINTI MUSTAFAH,60124445453
586,204,552,1,25,3,3,MVD25-00552,Sharp,"55""",1080x1920,MMP25-00552,Assigned,,HP,i5-4,4,500,DP-HDMI,LAN,Store Front,Window,557,"Sutera Mall, JB MEP-EN 2 - SF",EN,1062970331,cl1ck1x123,,P1,,,adam,Sutera Mall JB,SHINING TELECOMMUNICATION SDN BHD,MEP,Southern,Johor,JB,Mall,Shop,"L2.211 & 212, SUTERAMALL, JALAM SUTERA TANJUNG 8/4, TAMAN SUTERA UTAMA, 81300 SKUDAI, JOHOR.",NICOLE,60127101100
323,171,465,1,20,4,4,MVD25-00465,Sharp,"50""",1920x1080,MMP25-00465,To be Disposed,Left at outlet,Intel NUC,i3-7,4,260,HDMI,LAN,Fibre,Left - 3,204,Kuching MC-EN 4 - P2 (Business),EN,1357427635,cl1ck1x123,,P2,,,,Kuching,MAXIS CENTRE KUCHING,MC,Sarawak,Sarawak,Kuching,High Street,Shop,"Lot 24-25 (Grd Flr), Al Idrus Commercial Centres, Jln Satok, 93400 Kuching, Sarawak",Maskinah Binti Putit,60128080038
358,205,553,1,25,2,1,MVD25-00553,Sharp,"40""",1920x1080,MMP25-00553,Assigned,,HP,i5-4,4,500,DP-HDMI,Wifi,Store Front,Window - Left,548,Lotus Kulai MEP-EN 1,EN,1266697878,cl1ck1x123,,P1,,slight bluish,adam,Lotus's Kulai,SHINING TELECOMMUNICATION SDN BHD,MEP,Southern,Johor,JB,Mall,Shop,"LOT M41 LOTUS'S KULAI, NO 52, TAMAN DESAMAS BATU 22 1/2, JALAN KULAI AIR HITAM, 81000 KULAI, JOHOR.",NICOLE,60127101100
254,,,,,,,MVD25-00549,Philips,"50""",1920x1080,MP2505-0031,Assigned,,Intel NUC,i3-13,8,250,HDMI,LAN/WiFi,Hotlink,Left - 2,552,JB CIty Square MEP-EN 2 - P3 (Hotlink),EN ,1774857380,cl1ck1x123,,P3,,,adam,JB City Square,SHINING TELECOMMUNICATION SDN BHD,MEP,Southern,Johor,JB,Mall,Shop,"LOT J3-06, LEVEL 3, JB CITY SQUARE, 106-108, JALAN WONG AH FOOK, 80000 JOHOR BHARU, JOHOR.",NICOLE,
36,176,475,1,20,5,2,MVD25-00475,Sharp,"50""",1920x1080,MMP25-00475,To be Disposed,Left at outlet,Emboss,i3-3,4,242,DP-HDMI,LAN,Hotlink,Left - 2,346,AEON Kuching MC-EN 2 - P3 (Hotlink),EN,1198345491,cl1ck1x123,,P3,,,,Aeon Kuching,MAXIS CENTRE AEON KUCHING,MC,Sarawak,Sarawak,Kuching,Mall,Shop,"G22, Ground Floor, AEON Mall Kuching Central, No.88, Jalan Datuk Patinggi Haji Ahmad Zaidi Adruce, 93200 Kuching, Sarawak ",Brandon Low,60139883619
359,205,554,1,25,2,2,MVD25-00554,Sharp,"40""",1920x1080,MMP25-00554,Assigned,,HP,i5-4,4,1000,DP-HDMI,Wifi,Store Front,Window - Right,547,Lotus Kulai MEP-EN 2,EN,1575417533,cl1ck1x123,,P1,,,adam,Lotus's Kulai,SHINING TELECOMMUNICATION SDN BHD,MEP,Southern,Johor,JB,Mall,Shop,"LOT M41 LOTUS'S KULAI, NO 52, TAMAN DESAMAS BATU 22 1/2, JALAN KULAI AIR HITAM, 81000 KULAI, JOHOR.",NICOLE,60127101100
193,206,556,1,25,2,2,MVD25-00556,Philips,"40""",1920z1080,MMP25-00556,Assigned,,HP,i5-4,4,1000,DP-HDMI,LAN,Postpaid,Left - 1,574,Giant Plentong MEP-BM 2 - P2 (Postpaid),BM,1243266957,cl1ck1x123,,P2,,,adam,Giant Plentong,SUPERIOR MOBILE SDN BHD,MEP,Southern,Johor,JB,Mall,Shop,"LOT R102 GIANT HYPERMARKET PLENTONG, NO 3, JALAN MASAI LAMA, 81750 MASAI, JOHOR.",AMALINA,60127657665
463,209,560,1,25,1,1,MVD25-00560,Sharp,"40""",1920x1080,MMP25-00560,Disposed,,HP,i5-3,4,250,DP-HDMI,Wifi,Postpaid,Right -1 ,549,Pontian Town MEP-BM,BM,1485996054,cl1ck1x123,,P1,,,adam,Pontian Town,SUPERIOR MOBILE SDN BHD,MEP,Southern,Johor,Pontian,High Street,Shop,"NO 182, JALAN BAKEK, 82000 PONTIAN, JOHOR.",AMALINA,60127657665
532,210,561,2,26,1,1,MVD25-00561,Sharp,"40""",1920x1080,MMP25-00561,Assigned,,HP,i5-3,4,250,DP-HDMI,Wifi,Postpaid,Right -1 ,545,Simpang Renggam MEP-EN,EN,1670159551,cl1ck1x123,,P1,,,adam,Simpang Rengam Johor,NET TWO COMMUNICATIONS (M) SDN. BHD.,MEP,Southern,Johor,Kluang,High Street,Shop,"NO 10, JALAN KASIH 1, TAMAN KASIH, SIMPANG RENGGAM, 86200 KLUANG, JOHOR.",MR NG BENG CHUAN ,60127680666
192,206,555,1,25,2,1,MVD25-00555,Philips,"50""",1080x1920,MMP25-00555,Assigned,,Intel NUC,i5-11,8,250,HDMI,Wifi,Store Front,SF - Standee,573,Giant Plentong MEP-BM 1 - SF,BM,1599837936,cl1ck1x123,,P1,,,adam,Giant Plentong,SUPERIOR MOBILE SDN BHD,MEP,Southern,Johor,JB,Mall,Shop,"LOT R102 GIANT HYPERMARKET PLENTONG, NO 3, JALAN MASAI LAMA, 81750 MASAI, JOHOR.",AMALINA,60127657665
241,211,562,2,26,1,1,MVD25-00562,Sharp,"40""",1920x1080,MMP25-00562,Assigned,,HP,i5-6,8,250,DP-HDMI,LAN,Postpaid,Left - 1,544,"Jalan Dato Rauf, Kluang MEP-BM",BM,1724111381,cl1ck1x123,,P1,,bluish,irfan,Jalan Dato Rauf Kluang,CINITRON (M) SDN BHD,MEP,Southern,Johor,Kluang,High Street,Shop,"NO 14, JALAN DATO RAUF, 86000 KLUANG, JOHOR.",SITI ZAHARAH BINTI SULAIMAN,60127163636
39,176,478,1,20,5,5,MVD25-00478,Philips,"50""",1080x1920,MMP25-00478,To be Disposed,Left at outlet,Emboss,i3-3,4,242,DP-HDMI,LAN,Accessories,Right - 3,347,AEON Kuching MC-EN 5 - P2 (Accessories),EN,1241402337,cl1ck1x123,,P2,,,,Aeon Kuching,MAXIS CENTRE AEON KUCHING,MC,Sarawak,Sarawak,Kuching,Mall,Shop,"G22, Ground Floor, AEON Mall Kuching Central, No.88, Jalan Datuk Patinggi Haji Ahmad Zaidi Adruce, 93200 Kuching, Sarawak ",Brandon Low,60139883619
,,,,,,,MVD25-00700,Sharp,"40""",1920x1080,,Assigned,,,,,,,,,,,MEP Bukit Gambit,,,,,,,,Aiman,Bukit Gambir,T&T Telecommunication,MEP,Southern,Johor,JB,High Street,,"No.1, Ground Floor, Jalan Gambir 5, Bandar Baru, 84800 Bukit Gambir, Johor Darul Ta'zim",,
462,178,484,1,20,5,5,MVD25-00484,Sharp,"50""",1920x1080,MMP25-00484,To be Disposed,Left at outlet,tbc,i5-4,4,470,DP-HDMI,LAN,Hotlink,Back,316,Plaza Merdeka MC-BM 5 - P3 (Hotlink),BM,1061806091,cl1ck1x123,,P3,,,,Plaza Merdeka,MAXIS CENTRE PLAZA MERDEKA,MC,Sarawak,Sarawak,Kuching,Mall,Kiosk,"B-07 Lower Ground, Plaza Merdeka 88, Pearl Street, 93000 Kuching ",Jamilah Jimi,60172000774
438,208,559,1,25,1,1,MVD25-00559,Sharp,"50""",1920x1080,MMP25-00559,Assigned,,Dell,i3-6,8,250,DP-HDMI,LAN,Postpaid,Single,553,"Pekan Nenas, Pontian MEP-BM",BM,1848291864,cl1ck1x123,,P1,,,adam,Pekan Nenas,MU COMMUNICATIONS CENTRE,MEP,Southern,Johor,Pontian,High Street,Shop,"NO. SH 47, JALAN BESAR, PEKAN NENAS, 81500 PEKAN NENAS, JOHOR.",SHIRLEY,60127600921
595,212,563,2,26,1,1,MVD25-00563,Sharp,"40""",1920x1080,MMP25-00563,Assigned,,HP,i5-4,4,500,DP-HDMI,LAN,Postpaid,Left - 1,539,"Taman Intan, Kluang MEP-BM",BM,1540577749,cl1ck1x123,,P1,,,adam,"Taman Intan, Kluang",YES TELESHOP,MEP,Southern,Johor,Kluang,High Street,Shop,"NO 47, JALAN INTAN 2/2, TAMAN INTAN, 86000 KLUANG, JOHOR.",VICKI FOO HUI WOON,60127197307
463,209,560,1,25,1,1,MVD25-00560,Sharp,"40""",1920x1080,MP2509-0121,Assigned,,NUC,Core 3,8,250,HDMI,Wifi,Postpaid,Right -1 ,549,Pontian Town MEP-BM,BM,1805132085,cl1ck1x123,,P1,,,adam,Pontian Town,SUPERIOR MOBILE SDN BHD,MEP,Southern,Johor,Pontian,High Street,Shop,"NO 182, JALAN BAKEK, 82000 PONTIAN, JOHOR.",AMALINA,60127657665
292,213,564,2,26,1,1,MVD25-00564,Sharp,"40""",1920x1080,MMP25-00564,Assigned,,HP,i5-4,4,250,DP-HDMI,LAN,Postpaid,Right -1 ,541,Kluang MEP-BM,BM,1188482729,cl1ck1x123,,P1,,,adam,Kluang,LENG DEPOT TRADING,MEP,Southern,Johor,Kluang,High Street,Shop,"NO 14 & 15, JALAN LADA HITAM TAMAN SRI TENGAH, 86000 KLUANG, JOHOR.",WANIEY,60197220022
291,214,565,2,26,1,1,MVD25-00565,Sharp,"40""",1920x1080,MMP25-00565,Disposed,,HP,i5-2,4,250,DP-HDMI,Wifi,Postpaid,Left - 1,542,Kluang Mall MEP-BM,BM,1885578922,cl1ck1x123,,P1,,,adam,Kluang Mall,NET TWO COMMUNICATIONS (M) SDN. BHD.,MEP,Southern,Johor,Kluang,Mall,Shop,"LOT 1-33, KLUANG MALL, JALAN RAMBUTAN, 86000 KLUANG, JOHOR.",MR NG BENG CHUAN ,60127680666
384,215,566,2,26,1,1,MVD25-00566,Sharp,"40""",1920x1080,MMP25-00566,Assigned,,HP,i5-2,4,250,DP-HDMI,LAN,Postpaid,Left - 1,580,Mersing Town MEP-BM,BM,1483610909,cl1ck1x123,,P1,,,adam,Mersing Town,WH TOP SDN BHD,MEP,Southern,Johor,Mersing,High Street,Shop,"NO 31, JALAN ABU BAKAR, 86800 MERSING, JOHOR.",NURULAKMAL BINTI MUSTAFAH,60124445453
499,216,567,2,26,2,1,MVD25-00567,Sharp,"50""",1080x1920,MMP25-00567,Disposed,,HP,i5-4,4,500,DP-HDMI,LAN,Hotlink,Right -1 ,537,Segamat MEP-BM 1 - P1 (Hotlink),BM,630003073,cl1ck1x123,,P1,,network,adam,Segamat Johor,SEGAMAT TIAN HUAT SDN BHD,MEP,Southern,Johor,Segamat,High Street,Shop,"NO. 118, JALAN SIA HER YAM, 85000 SEGAMAT, JOHOR.",MS WINNIE ,60127397553
249,217,569,3,27,1,1,MVD25-00569,Sharp,"40""",1920x1080,MMP25-00569,Assigned,,HP,i5-4,4,500,DP-HDMI,LAN,Postpaid,Left - 1,543,"Jalan Rahmat, BP MEP-BM",BM,921348923,cl1ck1x123,,P1,,brightness,irfan,"Jalan Rahmat, Batu Pahat",COSMOS COMMUNICATIONS,MEP,Southern,Johor,Batu Pahat,High Street,Shop,"NO 97-3, JALAN RAHMAT, 83000 BATU PAHAT, JOHOR.",SIM GIOK TENG,60127190000
291,214,565,2,26,1,1,MVD25-00565,Sharp,"40""",1920x1080,MP2509-0116,Assigned,,NUC,Core 3,8,250,HDMI,Wifi,Postpaid,Left - 1,284,Kluang Mall MEPLite-EN 01 - Brandwall,EN ,1043315122,cl1ck1x123,,P1,,,adam,Kluang Mall,NET TWO COMMUNICATIONS (M) SDN. BHD.,MEP,Southern,Johor,Kluang,Mall,Shop,"LOT 1-33, KLUANG MALL, JALAN RAMBUTAN, 86000 KLUANG, JOHOR.",MR NG BENG CHUAN ,60127680666
594,218,570,3,27,1,1,MVD25-00570,Philips,"40""",1920x1080,MMP25-00570,Assigned,,HP,i5-4,4,500,DP-HDMI,LAN,Postpaid,Right -1 ,540,Taman Bukit Pasir MEP-BM,BM,1999997572,cl1ck1x123,,P1,,,adam,"Taman Bukit Pasir, Batu Pahat",SUPERIOR MOBILE SDN BHD,MEP,Southern,Johor,Batu Pahat,High Street,Shop,"NO. 24, JALAN KUNDANG 4, TAMAN BUKIT PASIR, 83000 BATU PAHAT, JOHOR.",AMALINA,60127657665
128,219,572,3,27,6,2,MVD25-00572,LG,"55""",1920x1080,MMP25-00572,Assigned,,HP,i5-4,4,250,DP-HDMI,LAN,Fibre,Left - 1,194,Batu Pahat Mall MC-EN 2 - Demo TV,EN,1023979569,cl1ck1x123,,Demo TV,,,irfan,Batu Pahat Mall,MAXIS CENTRE BATU PAHAT MALL,MC,Southern,Johor,Batu Pahat,Mall,Shop,"Lot G67, Batu Pahat Mall,  83000 Batu Pahat, Johor",Fadilah Dollah,60177000422
500,,,,,,,MVD25-00567,Sharp,"50""",1080x1920,MP2504-0024,Assigned,,Intel NUC,i3-13,8,250,HDMI,LAN,Hotlink,Right -1 ,537,Segamat MEP-BM 1 - P1 (Hotlink),BM,1255003665,cl1ck1x123,,P1,,network,adam,Segamat Johor,SEGAMAT TIAN HUAT SDN BHD,MEP,Southern,Johor,Segamat,High Street,Shop,"NO. 118, JALAN SIA HER YAM, 85000 SEGAMAT, JOHOR.",MS WINNIE ,60127397553
501,216,568,2,26,2,2,MVD25-00568,Sharp,"40""",1920x1080,MMP25-00568,Disposed,,Dell,i5-6,8,500,DP-HDMI,LAN,Postpaid,Left - 1,538,Segamat MEP-BM 2 - P2 (Postpaid),BM,1740935017,cl1ck1x123,,P2,,,adam,Segamat Johor,SEGAMAT TIAN HUAT SDN BHD,MEP,Southern,Johor,Segamat,High Street,Shop,"NO. 118, JALAN SIA HER YAM, 85000 SEGAMAT, JOHOR.",MS WINNIE ,60127397553
501,216,568,2,26,2,2,MVD25-00568,Sharp,"40""",1920x1080,MP2507-0067,Assigned,,NUC,Core 3,8,250,HDMI,LAN,Postpaid,Left - 1,538,Segamat MEP-BM 2 - P2 (Postpaid),BM,1881985709,cl1ck1x123,,P2,,,adam,Segamat Johor,SEGAMAT TIAN HUAT SDN BHD,MEP,Southern,Johor,Segamat,High Street,Shop,"NO. 118, JALAN SIA HER YAM, 85000 SEGAMAT, JOHOR.",MS WINNIE ,60127397553
129,219,573,3,27,6,3,MVD25-00573,Samsung,"40""",1920x1080,MMP25-00573,Assigned,,HP,i5-4,4,250,DP-HDMI,LAN,Business,Right,196,Batu Pahat Mall MC-EN 3 - P2 (Business),EN,462956917,cl1ck1x123,,P2,,,irfan,Batu Pahat Mall,MAXIS CENTRE BATU PAHAT MALL,MC,Southern,Johor,Batu Pahat,Mall,Shop,"Lot G67, Batu Pahat Mall,  83000 Batu Pahat, Johor",Fadilah Dollah,60177000422
130,219,574,3,27,6,4,MVD25-00574,Sharp,"55""",1080x1920,MMP25-00574,Assigned,,HP,i5-3,4,250,DP-HDMI,LAN,MIRA,,195,Batu Pahat Mall MC-EN 4 - MIRA,EN,1479759841,cl1ck1x123,,MIRA,,,irfan,Batu Pahat Mall,MAXIS CENTRE BATU PAHAT MALL,MC,Southern,Johor,Batu Pahat,Mall,Shop,"Lot G67, Batu Pahat Mall,  83000 Batu Pahat, Johor",Fadilah Dollah,60177000422
127,219,571,3,27,6,1,MVD25-00571,Philips,"55""",1080x1920,MMP25-00571,Assigned,,Intel NUC,i5-11,8,250,HDMI,Wifi,Store Front,SF - Standee,192,Batu Pahat Mall MC-EN 1 - SF,EN,1166064310,cl1ck1x123,,P1,,,irfan,Batu Pahat Mall,MAXIS CENTRE BATU PAHAT MALL,MC,Southern,Johor,Batu Pahat,Mall,Shop,"Lot G67, Batu Pahat Mall,  83000 Batu Pahat, Johor",Fadilah Dollah,60177000422
131,219,575,3,27,6,5,MVD25-00575,Sharp,"40""",1920x1080,MMP25-00575,Assigned,,HP,i5-3,4,250,DP-HDMI,LAN,Hotlink,Left - 3,193,Batu Pahat Mall MC-EN 5 - P3 (Hotlink),EN,1971964488,cl1ck1x123,,P3,,,irfan,Batu Pahat Mall,MAXIS CENTRE BATU PAHAT MALL,MC,Southern,Johor,Batu Pahat,Mall,Shop,"Lot G67, Batu Pahat Mall,  83000 Batu Pahat, Johor",Fadilah Dollah,60177000422
236,220,577,3,27,3,1,MVD25-00577,Sharp,"50""",1080x1920,MMP25-00577,Disposed,,HP,i5-4,4,250,DP-HDMI,LAN,Business,Left - 1,533,"Jalan Arab, Muar MEP-BM 1 - P1 (Business)",BM,1647860225,cl1ck1x123,,P1,,,irfan,"Jalan Arab, Muar",STEVEN TELE-WORLD CENTRE SDN BHD,MEP,Southern,Johor,Muar,High Street,Shop,"NO. 75-3, JALAN ARAB, 84000 MUAR, JOHOR.",AMY HENG (MANAGER BASE IN MUAR),60126633445
238,220,578,3,27,3,2,MVD25-00578,Sharp,"40""",1080x1920,MMP25-00578,Disposed,,HP,i5-4,4,500,DP-HDMI,LAN,Zerolution,Right -1 ,532,"Jalan Arab, Muar MEP-BM 2 - P2 (Zerolution)",BM,533173423,cl1ck1x123,,P2,,,irfan,"Jalan Arab, Muar",STEVEN TELE-WORLD CENTRE SDN BHD,MEP,Southern,Johor,Muar,High Street,Shop,"NO. 75-3, JALAN ARAB, 84000 MUAR, JOHOR.",AMY HENG (MANAGER BASE IN MUAR),60126633445
238,220,578,3,27,3,2,,Sharp,"40""",1080x1920,MMP25-00578,Assigned,,HP,i5-4,4,500,DP-HDMI,LAN,Zerolution,Right -1 ,532,"Jalan Arab, Muar MEP-BM 2 - P2 (Zerolution)",BM,533173423,cl1ck1x123,,P2,,,irfan,"Jalan Arab, Muar",STEVEN TELE-WORLD CENTRE SDN BHD,MEP,Southern,Johor,Muar,High Street,Shop,"NO. 75-3, JALAN ARAB, 84000 MUAR, JOHOR.",AMY HENG (MANAGER BASE IN MUAR),60126633445
132,219,576,3,27,6,6,MVD25-00576,Sharp,"40""",1280x720,MMP25-00576,Assigned,,Dell,i5-6,8,250,DP-HDMI,Wifi,Postpaid,Ceiling,197,Batu Pahat Mall MC-EN 6 - P1 (Ceiling),EN,1847205043,cl1ck1x123,,P1,,network,irfan,Batu Pahat Mall,MAXIS CENTRE BATU PAHAT MALL,MC,Southern,Johor,Batu Pahat,Mall,Shop,"Lot G67, Batu Pahat Mall,  83000 Batu Pahat, Johor",Fadilah Dollah,60177000422
239,220,579,3,27,3,3,MVD25-00579,Sharp,"40""",1920x1080,MMP25-00579,Assigned,,HP,i5-4,4,250,DP-HDMI,LAN,Hotlink,Right - 2,534,"Jalan Arab, Muar MEP-BM 3 - P3 (Hotlink)",BM,1582512865,cl1ck1x123,,P3,,,irfan,"Jalan Arab, Muar",STEVEN TELE-WORLD CENTRE SDN BHD,MEP,Southern,Johor,Muar,High Street,Shop,"NO. 75-3, JALAN ARAB, 84000 MUAR, JOHOR.",AMY HENG (MANAGER BASE IN MUAR),60126633445
237,,,,,,,MVD25-00577,Sharp,"50""",1080x1920,MP2507-0082,Assigned,,NUC,Intel Core 3,8,250,HDMI,WiFi-LAN,Business,Left - 1,533,"Jalan Arab, Muar MEP-BM 1 - P1 (Business)",BM,1228993133,cl1ck1x123,505057322,P1,,,adam,"Jalan Arab, Muar",STEVEN TELE-WORLD CENTRE SDN BHD,MEP,Southern,Johor,Muar,High Street,Shop,"NO. 75-3, JALAN ARAB, 84000 MUAR, JOHOR.",AMY HENG (MANAGER BASE IN MUAR),60126633445
246,221,580,3,27,2,1,MVD25-00580,Sharp,"50""",1080x1920,MMP25-00580,Assigned,,HP,i5-4,4,950,DP-HDMI,LAN,Postpaid,Right -1 ,535,Jalan Pesta MEP-BM 1 - P1 (Postpaid),BM,1659299905,cl1ck1x123,,P1,,,irfan,"Jalan Pesta, Muar",ASIATEL TECHNOLOGY SDN BHD,MEP,Southern,Johor,Muar,High Street,Shop,"NO.2 JALAN PESTA 1-1, TAMAN TUN DR ISMAIL, 84000 MUAR, JOHOR.",SIEW,60177572525
247,221,581,3,27,2,2,MVD25-00581,Sharp,"40""",1920x1080,MMP25-00581,Disposed,,HP,i5-4,tbc,500,DP-HDMI,LAN,Business,Left - 1,536,Jalan Pesta MEP-BM 2 - P2 (Business),BM,1663428158,cl1ck1x123,,P2,,,irfan,"Jalan Pesta, Muar",ASIATEL TECHNOLOGY SDN BHD,MEP,Southern,Johor,Muar,High Street,Shop,"NO.2 JALAN PESTA 1-1, TAMAN TUN DR ISMAIL, 84000 MUAR, JOHOR.",SIEW,60177572525
362,222,583,3,27,2,2,MVD25-00583,Philips,"40""",1920z1080,MMP25-00583,Disposed,,HP,i5-4,4,500,DP-HDMI,LAN,Postpaid,Right -1 ,531,Lotus Parit Raja MEP-BM 2 - P2 (Postpaid),BM,1374139268,cl1ck1x123,,P2,,,adam,Lotus's Parit Raja,SUPERIOR MOBILE SDN BHD,MEP,Southern,Johor,Muar,Mall,Shop,"LOT L16, LOTUS'S PARIT RAJA, JALAN UNIVERSITI, TAMAN UNIVERSITI, 86400 PARIT RAJA, JOHOR.",AMALINA,60127657665
375,223,584,3,27,1,1,MVD25-00584,Sharp,"40""",1920x1080,MMP25-00584,Assigned,,HP,i5-4,4,500,DP-HDMI,Wifi,Postpaid,Right -1 ,518,"Malim Jaya, Melaka MEP-BM",BM,1014468384,cl1ck1x123,,P1,,,adam,"Malim Jaya, Melaka",WEE SHIEN SDN BHD,MEP,Southern,Melaka,Melaka,High Street,Shop,"G8, BLOCK DAHLIA 1, JALAN ZAHIR 6, TAMAN MALIM JAYA, 75250 MELAKA.",ZULKARNAIN,60173783787
624,224,585,3,27,1,1,MVD25-00585,Sharp,"40""",1920x1080,MMP25-00585,Assigned,,HP,i5-4,4,1000,DP-HDMI,LAN,Postpaid,Left - 1,520,Tmn Melaka Raya MEP-EN,EN,1976010587,cl1ck1x123,,P1,,,adam,Taman Melaka Raya,WEE SHIEN SDN BHD,MEP,Southern,Melaka,Melaka,High Street,Shop,"NO.11, JALAN MERDEKA, TAMAN MELAKA RAYA, 75000 MELAKA.",ZULKARNAIN,60173783787
248,,,,,,,MVD25-00581,Sharp,"40""",1920x1080,MP2507-0079,Assigned,,Intel NUC,Core 3,8,250,HDMI,WiFi-LAN,Business,Left - 1,536,Jalan Pesta MEP-BM 2 - P2 (Business),BM,1955355998,cl1ck1x123,,P2,,,adam,"Jalan Pesta, Muar",ASIATEL TECHNOLOGY SDN BHD,MEP,Southern,Johor,Muar,High Street,Shop,"NO.2 JALAN PESTA 1-1, TAMAN TUN DR ISMAIL, 84000 MUAR, JOHOR.",SIEW,60177572525
361,222,582,3,27,2,1,MVD25-00582,Philips,"55""",1080x1920,MMP25-00582,Assigned,,Intel NUC,i5-11,8,250,HDMI,Wifi,Store Front,Left - 1,530,Lotus Parit Raja MEP-BM 1 - SF,BM,1467784948,cl1ck1x123,,P1,,,adam,Lotus's Parit Raja,SUPERIOR MOBILE SDN BHD,MEP,Southern,Johor,Muar,Mall,Shop,"LOT L16, LOTUS'S PARIT RAJA, JALAN UNIVERSITI, TAMAN UNIVERSITI, 86400 PARIT RAJA, JOHOR.",AMALINA,60127657665
163,225,586,3,27,1,1,MVD25-00586,Sharp,"40""",1920x1080,MMP25-00586,Assigned,,HP,i5-3,4,500,DP-HDMI,LAN,Postpaid,Right -1 ,529,Dataran Pahlawan Melaka MEP-EN,EN,1469370263,cl1ck1x123,,P1,,,adam,Dataran Pahlawan Melaka,STEVEN TELE-WORLD CENTRE SDN BHD,MEP,Southern,Melaka,Melaka,Mall,Shop,"NO. E235, DATARAN PAHLAWAN MELAKA MEGAMALL, TAMAN MELAKA RAYA, JALAN MERDEKA, 75000 MELAKA.",AMY HENG (MANAGER BASE IN MUAR),60126633445
363,,,,,,,MVD25-00583,Philips,"40""",1920z1080,MP2507-0078,Assigned,,NUC,core 3,8,250,HDMI,WiFi-LAN,Postpaid,Right -1 ,531,Lotus Parit Raja MEP-BM 2 - P2 (Postpaid),BM,514388091,cl1ck1x123,,P2,,,adam,Lotus's Parit Raja,SUPERIOR MOBILE SDN BHD,MEP,Southern,Johor,Muar,Mall,Shop,"LOT L16, LOTUS'S PARIT RAJA, JALAN UNIVERSITI, TAMAN UNIVERSITI, 86400 PARIT RAJA, JOHOR.",AMALINA,60127657665
378,226,588,3,27,5,2,MVD25-00588,LG,"65""",1920x1080,MMP25-00588,Disposed,,HP,i5-4,4,950,DP-HDMI,LAN,Fibre,Back -1,526,Melaka Mahkota Parade MC-EN 2 - Demo TV,EN,1661762570,cl1ck1x123,,Demo TV,,,adam,Melaka,MAXIS CENTRE MAHKOTA PARADE,MC,Southern,Melaka,Melaka,Mall,Shop,"Lot G77 & 78, Mahkota Parade,  No 1, Jalan Merdeka, 75000 Melaka",Vikneswaran A/L Panja Charum,60172000274
360,227,592,3,27,1,1,MVD25-00592,Toshiba,"50""",1080x1920,MMP25-00592,Assigned,,HP,i5-4,4,500,DP-HDMI,Wifi,Store Front,Left - 1,519,Lotus Melaka MEP-BM,BM,1768278528,cl1ck1x123,,P1,,,adam,Lotus's Melaka,COMPU-COMM HOLDINGS SDN BHD,MEP,Southern,Melaka,Melaka,Mall,Kiosk,"OL-01A, LOTUS'S MELAKA, NO.1 JALAN TUN ABDUL RAZAK, 75400 MELAKA.",LAO HOCK HWA,60126217579
635,3,,,,10,11,MVD25-00235,Sony,"75""",1920x1080,MMP25-00604,Assigned,,HP,i5-4,4,240,DP-HDMI,LAN,Zerolution,Right,404,TRX MC-EN 11 - Sony (Vendor),EN,851384640,cl1ck1x123,,previous label #235,,non license / content tbc,adam,TRX, MAXIS CENTRE THE EXCHANGE TRX,MC,Central,KL,KL,Mall,0,"Lot C. 33.0, Concourse Level, The Exchange TRX, Persiaran TRX, Tun Razak Exchange, 55188 Kuala Lumpur",Madhura Marippan,60122000648
614,180,486,1,20,4,1,MVD25-00486,Samsung,"65""",1080x1920,MMP25-00486,To be Disposed,Left at outlet,Fujitsu,i5-0650,4,150,DP-HDMI,Wifi-Dongle,MIRA,SF - Pillar,152,The Spring MC-EN 1 - P1 (MIRA),EN,n/a,cl1ck1x123,,P1 - MIRA,,,,The Spring,MAXIS CENTRE THE SPRING,MC,Sarawak,Sarawak,Kuching,Mall,Kiosk,"Lots B05,B06 & KB01, Basement Floor, The Spring Shopping Mall, Persiaran Spring, 93300 Kuching, Sarawak",Maskinah Binti Putit,60128080038
636,3,,,,10,12,MVD25-00235,Samsung,"65""",1920x1080,MMP25-00605,Assigned,,HP,i5-4,4,240,DP-HDMI,LAN,Vendor - Samsung,,405,TRX MC-EN 12 - Samsung (Vendor),EN,1552644583,cl1ck1x123,,previous label : #236,,non license / content tbc,adam,TRX, MAXIS CENTRE THE EXCHANGE TRX,MC,Central,KL,KL,Mall,0,"Lot C. 33.0, Concourse Level, The Exchange TRX, Persiaran TRX, Tun Razak Exchange, 55188 Kuala Lumpur",Madhura Marippan,60122000648
,,,,,,,MVD25-00588,LG,"65""",1080x1920,MP2507-0075,Assigned,,NUC,Core 3,8,250,HDMI,Wifi,Fibre,Back -1,526,Melaka Mahkota Parade MC-EN 2 - Demo TV,EN,589416632,cl1ck1x123,497635748,,,,,,,,,,,,,,,
618,180,489,1,20,4,4,MVD25-00489,Samsung,"65""",1920x1080,MMP25-00489,To be Disposed,Left at outlet,Emboss,i3-4,4,222,HDMI,LAN,Kiosk/Demo TV,Escalator,153,The Spring MC-EN 4 - Demo TV,EN,1360923493,cl1ck1x123,,Demo TV,,,,The Spring,MAXIS CENTRE THE SPRING,MC,Sarawak,Sarawak,Kuching,Mall,Kiosk,"Lots B05,B06 & KB01, Basement Floor, The Spring Shopping Mall, Persiaran Spring, 93300 Kuching, Sarawak",Maskinah Binti Putit,60128080038
526,185,501,4,23,4,1,MVD25-00501,Sharp,"60""",1080x1920,MMP25-00501,To be Disposed,Left at outlet,HP,i5-4,4,1000,DP-HDMI,LAN,Modular,Back,339,SIbu MC-EN 1 - P1 (Modular),EN,1310473560,cl1ck1x123,,P1,,,,Sibu,MAXIS CENTRE SIBU,MC,Sarawak,Sarawak,Sibu,High Street,Shop,"No. 1, Lot 3728, Ground Floor, Jalan Pahlawan, 96000, Sibu, Sarawak.",Freda Hii Ai Leen,60178080272
242,186,505,4,23,1,1,MVD25-00505,Sharp,"40""",1920x1080,MMP25-00505,To be Disposed,Left at outlet,HP,i5-2,4,300,DP-HDMI,LAN,Mobile,Single,416,Jalan Keranji MEP-EN,EN,1511861023,cl1ck1x123,,P1,,,azam,"Jalan Keranji, Sibu",ERITEL TELECOMMUNICATIONS CO,MEP,Sarawak,Sarawak,Sibu,High Street,Shop,"NO.40, G/F, JALAN KERANJI, 96000 SIBU, SARAWAK.",MANDY YONG,60128087711
670,,,,,,,tbc,tbc,tbc,tbc,MMP25-00609,Broken,,HP,,,,,,,,,,,,,,,,,,,,,,,,,,,,
528,185,503,4,23,4,3,MVD25-00503,Samsung,"40""",1360x768,MMP25-00503,To be Disposed,Left at outlet,Celcius,i5-0650,tbc,160,VGA-HDMI,LAN,Hotlink,Right - 3,341,Sibu MC-EN 3 - P3 (Hotlink),EN,1025526562,cl1ck1x123,,Hotlink,,,,Sibu,MAXIS CENTRE SIBU,MC,Sarawak,Sarawak,Sibu,High Street,Shop,"No. 1, Lot 3728, Ground Floor, Jalan Pahlawan, 96000, Sibu, Sarawak.",Freda Hii Ai Leen,60178080272
275,,,,,,,MVD25-00595,LED,tbc,1920x1080,MMP25-00595,Assigned,,Dell,i3-6,8,237,HDMI,Wifi - Dongle,LED,Back,31,KIA MC-EN,EN,187483967,cl1ck1x123,,Airport,,,azam,Kuching International Airport,MAXIS CENTRE KIA,MC,East Malaysia,Sarawak,Kuching,Mall,Kiosk,Kuching International Airport,,
606,,,,,,,MVD25-00596,Samsung,"65""",1920x1080,MMP25-00602,Assigned,,Emboss,i3-3,4,tbc,HDMI,LAN,Zerolution,Left - 1,286,TF Batu Caves MEP-BM 1 - Demo TV (Zerolution),BM,1150289349,cl1ck1x123,,Demo TV,,,azam,TF Batu Caves,,MEP,Central,Selangor,Selayang,Mall,Shop,,,
493,,,,,1,1,MVD25-00597,tbc,,,MMP25-00601,Assigned,,Lenovo,i5-9,8,1200,DP-HDMI,Wifi - Dongle,,Single,546,Sandakan Labok MEP-EN,EN,1453352308,cl1ck1x123,,P1,,,azam,Sandakan Balok,,MEP,Sabah,Sabah,Sandakan,High Street,Shop,,,
607,,,,,,,MVD25-00598,Philips,"50""",1080x1920,MMP25-00598,Assigned,,Lenovo,i5-9,8,1200,DP-HDMI,LAN,Store Front,Right -1 ,1,TF Batu Caves MEP-BM 2 - SF,BM,1259392603,cl1ck1x123,,P1,,,azam,TF Batu Caves,,MEP,Central,Selangor,Selayang,Mall,Shop,,,
608,,,,,,,MVD25-00598,Philips,"50""",1080x1920,MMP25-00603,Disposed,,GIgabyte,i3-3,4,500,HDMI,LAN,Store Front,Right -1 ,1,TF Batu Caves MEP-BM 2 - SF,BM,1556551138,cl1ck1x123,,P1,,,azam,TF Batu Caves,,MEP,Central,Selangor,Selayang,Mall,Shop,,,
671,,,,,,,tbc,tbc,tbc,tbc,MMP25-00610,Broken,,HP,,,,,,,,,,,,,,,,,,,,,,,,,,,,
474,,,,,,,MVD25-00600,Phillips,"55""",1920X1080,MP2504-0009,Assigned,,Intel NUC,i3-13,8,250,HDMI,tbc,Postpaid,tbc,n/a,Publika MEP-EN,EN ,1149691621,cl1ck1x123,,,,,,Publika,,,,,,,,,,
538,,,,,,,MVD25-00601,Honor/Sharp,"50""",3000x1920,MMP25-00627,Assigned,,Lenovo,i5-9,8,1200,DP-HDMI,tbc,tbc,tbc,n/a,ST Rosyam Mall MEP-BM P1,BM,1658109912,cl1ck1x123,,P1,,,adam,ST Rosyam Mall,,,,,,,,,,
276,,,,,,,MVD25-00602,Sharp,"55""",1920x1080,MP2505-0028,Assigned,,Intel NUC,i3-13,8,250,HDMI,wifi,postpaid,,601,KL East Mall MEP Lite-EN 1 - (Postpaid),,1706395703,cl1ck1x123,,,,,,,,,,,,,,,,
352,,,,,,,MVD25-00603,Sharp,"55""",1920x1080,MP2505-0029,Assigned,,Intel NUC,i3-13,8,250,HDMI,wifi,postpaid,,603,Lotus Jitra MEP-BM P1,,1517478532,cl1ck1x123,,,,,adam,Lotus Jitra,,,,,,,,,,
676,,,,,,,MVD25-00608,Sharp,"40""",1920x1080,n/a,,,,,,,HDMI,,,tbc,,,,,,,,,,,MC Dungun,,,,,,,,,,
,,,,,,,MVD25-00609,LG,"55""",1920x1080,MP2512-0159,Assigned,,Intel NUC,,,,,,Brandwall,,,Econsave Hutan Melintang MEPLite-BM 01 - Brandwall,BM,162128933,cl1ck1x123,,,,,,,,MEP,,Perak,Hutan Melintang,,,,,
,,,,,,,MVD25-00610,LG,"55""",1920x1080,MP2512-0160,Assigned,,Intel NUC,,,,,,Brandwall,,,Econsave Pokok Sena MEPLite-BM 01 - Brandwall,BM,201988102,cl1ck1x123,,,,,,,,MEP,Northen,Kedah,Pokok Sena,,,,,
,,,,,,,MVD25-00644,Isonic,"42""",,,,,,,,,,,,,,,,,,,,,,,GIant Prima Kajang,,,,,,,,GIant Prima Kajang,,
,,,,,,,MVD25-00645,Sharp ,"42""",,,,,,,,,,,,,,,,,,,,,,,Rembau,,,,,,,,,,
,,,,,,,VD2512-0026,LG,"55""",1920x1080,MP2602-0028,Assigned,,NUC,Core 3 ,8,250,HDMI ,WiFi,Brandwall,,,"Chukai MEPL-BM 01, Brandwall",BM,1893041615,cl1ck1x123,,,,,Aiman,Chukai,,MEP Lite,East Coast,Terengganu,Chukai,High Street,,"Lot 27&3, Tingkat Bawah, Jalan Do'Amor, 24000, Cukai, Terengganu",,
,,,,,,,VD2512-0027,LG,"55""",1920x1080,MP2602-0027,Assigned,,NUC,Core 3 ,8,250,HDMI ,WiFi,Brandwall,,,"Suntech Penang Cybercity, MEPLite-BM 01 - Brandwall",BM,1943976937,cl1ck1x123,,,,,Naim,Penang,,MEP Lite,Northern,Penang,Bayan Baru,High Street,,"1-G-20 Suntech @ Cybercity, Lintang Mayang Pasir 3, 11950 Bayan Baru, Penang",,
,,,,,,,MVD25-00646,,,,MP2507-0065,Assigned,,Intel NUC,Core 3 ,8,250,HDMI,Wifi,SF-BIZ,SF-biz,51,IPC MC-EN 2 - SF,EN,1529886895,cl1ck1x123,481156089,,,,,IPC,MAXIS CENTRE IPC,MC,Central,Selangor,Petaling Jaya,Mall,,"L1.12A & 1.12B, Ikano Power Centre, 2 Jalan PJU 7/2, Mutiara Damansara 47800 Petaling Jaya, Selangor",,
,,,,,,,MVD25-00647,,,,MP2507-0066,Assigned,,Intel NUC,Core 3 ,8,250,HDMI,Wifi,MyGadgets,Gadgets ,50,IPC MC-EN 1 - MyGadgets,EN,1380084805,cl1ck1x123,480111041,,,,,IPC,MAXIS CENTRE IPC,MC,Central,Selangor,Petaling Jaya,Mall,,"L1.12A & 1.12B, Ikano Power Centre, 2 Jalan PJU 7/2, Mutiara Damansara 47800 Petaling Jaya, Selangor",,
,,,,,,,MVD25-00647,,,,MP2509-0127,Assigned,,Intel NUC,Core 3 ,8,250,HDMI,Wifi,MyGadgets,Gadgets ,50,IPC MC-EN 1 - MyGadgets,EN,833271099,cl1ck1x123,480111041,,,,,IPC,MAXIS CENTRE IPC,MC,Central,Selangor,Petaling Jaya,Mall,,"L1.12A & 1.12B, Ikano Power Centre, 2 Jalan PJU 7/2, Mutiara Damansara 47800 Petaling Jaya, Selangor",,
,,,,,,,MVD25-00648,,,,MP2507-0068,Assigned,,Intel NUC,COre 3 ,8,250,HDMI,Wifi,,,575,Kluang HS MEP-EN 01,EN,1758189300,cl1ck1x123,471454035,,,,,Kluang ,,MEP,,,,,,,,
,,,,,,,MVD25-00649,,,,MP2507-0076,Assigned,,Intel NUC,COre 3 ,8,250,HDMI,Wifi,,,53,IPC MC-EN 3 -BrandWall,EN,,cl1ck1x123,,,,,,IPC,MAXIS CENTRE IPC,MC,Central,Selangor,Petaling Jaya,Mall,,"L1.12A & 1.12B, Ikano Power Centre, 2 Jalan PJU 7/2, Mutiara Damansara 47800 Petaling Jaya, Selangor",,
,,,,,,,MVD25-00660,n/a,n/a,n/a,MP2512-0149,Assigned,,NUC,core 3,16,250,HDMI/CAT6,LAN,SF,,165,Aman Central MCP-BM 01 - SF,,569397971,cl1ck1x123,,,,,adam,Aman Central,MAXIS CENTRE AMAN CENTRAL,MC,Northern,Kedah,Alor Setar,Mall,,"Lot G-06, Ground Level Aman Central, Lebuhraya Darul Aman, 05150 Alor Setar",Moses,60124000048
,,,,,,,MVD25-00661,n/a,n/a,n/a,MP2512-0150,Assigned,,NUC,core 3,16,250,HDMI/CAT6,LAN,MyHome,,163,Aman Central MCP-BM 02 - MyHome,,1748150290,cl1ck1x123,,,,,adam,Aman Central,MAXIS CENTRE AMAN CENTRAL,MC,Northern,Kedah,Alor Setar,Mall,,"Lot G-06, Ground Level Aman Central, Lebuhraya Darul Aman, 05150 Alor Setar",Moses,60124000048
,,,,,,,MVD25-00662,n/a,n/a,n/a,MP2512-0152,Assigned,,NUC,core 3,16,250,HDMI/CAT6,LAN,Hotlink-MyBusiness,,166,Aman Central MCP-BM 03 - Hotlink-MyBusiness,,1533294397,cl1ck1x123,,,,,adam,Aman Central,MAXIS CENTRE AMAN CENTRAL,MC,Northern,Kedah,Alor Setar,Mall,,"Lot G-06, Ground Level Aman Central, Lebuhraya Darul Aman, 05150 Alor Setar",Moses,60124000048
,,,,,,,MVD25-00663,n/a,n/a,n/a,MP2512-0148,Assigned,,NUC,core 3,16,250,HDMI/CAT6,LAN,Brandwall,,162,Aman Central MCP-BM 04 - Brandwall,,1083567510,cl1ck1x123,,,,,adam,Aman Central,MAXIS CENTRE AMAN CENTRAL,MC,Northern,Kedah,Alor Setar,Mall,,"Lot G-06, Ground Level Aman Central, Lebuhraya Darul Aman, 05150 Alor Setar",Moses,60124000048
,,,,,,,MVD25-00664,n/a,n/a,n/a,MP2512-0151,Assigned,,NUC,core 3,16,250,HDMI/CAT6,LAN,MyGadgets,,164,Aman Central MCP-BM 05 - MyGadget,,1312506798,cl1ck1x123,,,,,adam,Aman Central,MAXIS CENTRE AMAN CENTRAL,MC,Northern,Kedah,Alor Setar,Mall,,"Lot G-06, Ground Level Aman Central, Lebuhraya Darul Aman, 05150 Alor Setar",Moses,60124000048
,,,,,,,MVD25-00665,n/a,n/a,n/a,,Assigned,,,,,,,,,,676,Aman Central MCP-BM 06 - DS01-DS02,,1202116851,cl1ck1x123,,,,,adam,Aman Central,MAXIS CENTRE AMAN CENTRAL,MC,Northern,Kedah,Alor Setar,Mall,,"Lot G-06, Ground Level Aman Central, Lebuhraya Darul Aman, 05150 Alor Setar",Moses,60124000048
,,,,,,,MVD25-00666,n/a,n/a,n/a,,Assigned,,,,,,,,,,677,Aman Central MCP-BM 07 - DS03-DS04,,1265222991,cl1ck1x123,,,,,adam,Aman Central,MAXIS CENTRE AMAN CENTRAL,MC,Northern,Kedah,Alor Setar,Mall,,"Lot G-06, Ground Level Aman Central, Lebuhraya Darul Aman, 05150 Alor Setar",Moses,60124000048
,,,,,,,MVD25-00667,n/a,n/a,n/a,n/a,Assigned,,,,,,,,,,686,Aman Central MCP-BM 16 - MyEnterprise 01,,1606615171,cl1ck1x123,,,,,adam,Aman Central,MAXIS CENTRE AMAN CENTRAL,MC,Northern,Kedah,Alor Setar,Mall,,"Lot G-06, Ground Level Aman Central, Lebuhraya Darul Aman, 05150 Alor Setar",Moses,60124000048
,,,,,,,MVD25-00668,n/a,n/a,n/a,n/a,Assigned,,,,,,,,,,687,Aman Central MCP-BM 17 - MyEnterprise 02,,1953670600,cl1ck1x123,,,,,adam,Aman Central,MAXIS CENTRE AMAN CENTRAL,MC,Northern,Kedah,Alor Setar,Mall,,"Lot G-06, Ground Level Aman Central, Lebuhraya Darul Aman, 05150 Alor Setar",Moses,60124000048
,,,,,,,MVD25-00669,n/a,n/a,,MMP2512-0155,Assigned,,NUC,Core 3,16,250,HDMI/CAT6,LAN,Transparent Screen,,688,Aman Central MCP-BM 18 - Transparent Screen,,1202116851,cl1ck1x123,,,,,adam,Aman Central,MAXIS CENTRE AMAN CENTRAL,MC,Northern,Kedah,Alor Setar,Mall,,"Lot G-06, Ground Level Aman Central, Lebuhraya Darul Aman, 05150 Alor Setar",Moses,60124000048
,,,,,,,MVD25-00670,,,,MP2507-0085,Assigned,,NUC,core 3,16,250,HDMI/CAT6,LAN,,,623,One Utama MCP-EN 01 - MyEnterprise 01,,826337372,1626002213,,,,,,,,,,,,,,,,
,,,,,,,MVD25-00671,n/a,n/a,n/a,MP2509-0136,Assigned,,NUC,core 3,16,250,HDMI/CAT6,LAN,,,626,One Utama MCP-EN 02 - MyGadget,,1085049366,,,,,,,,,,,,,,,,,
,,,,,,,MVD25-00672,n/a,n/a,n/a,MP2509-0119,Assigned,,NUC,core 3,16,250,HDMI/CAT6,LAN,,,627,One Utama MCP-EN 03 - Brandwall,,1115746946,,,,,,,,,,,,,,,,,
,,,,,,,MVD25-00673,n/a,n/a,n/a,MP2509-0133,Assigned,,NUC,core 3,16,250,HDMI/CAT6,LAN,,,628,One Utama MCP-EN 04 - MyHome,,1771204340,,,,,,,,,,,,,,,,,
,,,,,,,MVD25-00674,n/a,n/a,n/a,MP2509-0131,Assigned,,NUC,core 3,16,250,HDMI/CAT6,LAN,,,629,One Utama MCP-EN 05 - Hotlink-MyBusiness,,1839155579,1437115490,,,,,,,,,,,,,,,,
,,,,,,,MVD25-00675,n/a,n/a,n/a,MP2509-0137,Assigned,,NUC,core 3,16,250,HDMI/CAT6,LAN,,,630,One Utama MCP-EN 06 - SF,,1009517341,,,,,,,,,,,,,,,,,
,,,,,,,MVD25-00676,,,,,Assigned,,,,,,,,,,631,One Utama MCP-EN 07 - MyEnterprise 02,,1655641251,,,,,,,,,,,,,,,,,
,,,,,,,MVD25-00677,,,,,Assigned,,,,,,,,,,632,One Utama MCP-EN 08 - DS01-DS02,,305725112,,,,,,,,,,,,,,,,,
,,,,,,,MVD25-00678,,,,,Assigned,,,,,,,,,,633,One Utama MCP-EN 09 - DS03-DS04,,,,,,,,,,,,,,,,,,,
,,,,,,,MVD25-00679,n/a,n/a,n/a,MP2509-0143,Assigned,,NUC,Core 3,8,250,HDMI,Wifi,,,83,AEON Station 18 MEP-EN 02 - MyGadget-MyHome,,1818700780,,,,,,,,,,,,,,,,,
,,,,,,,MVD25-00680,n/a,n/a,n/a,MP2509-0142,Assigned,,NUC,core 3,8,250,HDMI,Wifi,,,200,AEON Station 18 MEP-EN 01 - SF-Brandwall,,1889089818,,,,,,,,,,,,,,,,,
,,,,,,,MVD25-00681,n/a,n/a,n/a,MP2508-0099,Assigned,,NUC,core 3,8,250,HDMI,Wifi,,,282,"Boulevard Mall, Bintulu MEPLite-EN 01 - Brandwall",,1345525016,,,,,,,,,,,,,,,,,
,,,,,,,MVD25-00682,n/a,n/a,n/a,MP2509-00140,Assigned,,NUC,core 3,8,250,HDMI,Wifi,,,641,"Tawau, Fajar Complex MEP-EN 01 - MyGadget",,1428546433,,,,,,,,,,,,,,,,,
,,,,,,,MVD25-00683,n/a,n/a,n/a,MP2509-00134,Assigned,,NUC,core 3,8,250,HDMI,wifi,,,642,"Tawau, Fajar Complex MEP-EN 02 - Brandwall-SF",,1034085616,,,,,,,,,,,,,,,,,
,,,,,,,MVD25-00684,n/a,n/a,n/a,MP2509-0123,Assigned,,NUC,core 3,8,250,HDMI,Wifi,,,646,AEON AU2 MEPLite-EN 01 - Brandwall-P1,,1398991139,,,,,,,,,,,,,,,,,
,,,,,,,MVD25-00685,n/a,n/a,n/a,MP25509-0122,Assigned,,NUC,core 3,8,250,HDMI,Wifi,,,63,"Benoni, Papar MEP-BM 01 - Brandwall ",,1037211662,,,,,,,,,,,,,,,,,
,,,,,,,MVD25-00686,n/a,n/a,n/a,MP2509-01200,Assigned,,NUC,Core 3,8,250,HDMI,Wifi,,,49,IPC MC-EN 4 - Hotlink-MyHome-MIRA,,510162083,,,,,,,,,,,,,,,,,
,,,,,,,MVD25-00689,n/a,n/a,n/a,MP2509-0118,Assigned,,NUC,core 3,8,250,HDMI,Wifi,,,173,"Benoni, Papar MEP-BM 03 - MyGadget-MyHome",,1999405604,,,,,,,,,,,,,,,,,
,,,,,,,MVD25-00690,n/a,n/a,n/a,MP2509-0115,Assigned,,NUC,core 3,8,250,HDMI,Wifi,,,285,"D Mall, Seri Iskandar MEPLite-BM 01 - Brandwall",,1972452482,,,,,,,,,,,,,,,,,
,,,,,,,MVD25-00691,n/a,n/a,n/a,MP2508-0106,Assigned,,NUC,core 3,8,250,HDMI,Wifi,,,508,Pasir Mas MEPLite-BM 01 - Brandwall,,1065396141,,,,,,,,,,,,,,,,,
,,,,,,,MVD25-00692,n/a,n/a,n/a,MP2508-0102,Assigned,,NUC,core 3,8,250,HDMI,Wifi,,,475,Guar Utama Mall MEPLite-BM 01 - Brandwall ,,1596140806,,,,,,,,,,,,,,,,,
,,,,,,,MVD25-00693,n/a,n/a,n/a,MP2508-0100,Assigned,,NUC,core 3,8,250,HDMI,Wifi,,,238,"Econsave Pandamaran, Klang MEPLite-BM 01 - Brandwall",,1570379225,,,,,,,,,,,,,,,,,
,,,,,,,MVD25-00694,n/a,n/a,n/a,MP2508-0098,Assigned,,NUC,core 3,8,250,HDMI,Wifi,,,293,"Saradise, Kuching MEPLite-EN 01 - Brandwall",,1604234594,,,,,,,,,,,,,,,,,
,,,,,,,MVD25-00695,n/a,n/a,n/a,MP2508-0097,Assigned,,NUC,core 3,8,250,HDMI,Wifi,,,292,Kapit MEPLite-BM 01 - Brandwall,,1035756334,,,,,,,,,,,,,,,,,
,,,,,,,MVD25-00696,n/a,n/a,n/a,MP2508-0096,Assigned,,NUC,Core 3,8,250,HDMI,Wifi,,,515,"Eastern Mall Kiosk, Siburan MEPLite-EN 01 - Brandwall",,1018779355,,,,,,,,,,,,,,,,,
,,,,,,,MVD25-00697,n/a,n/a,n/a,MP2508-0095,Assigned,,NUC,Core 3,8,250,HDMI,Wifi,,,544,"Batu Kawa, Kuching MEPLite-EN 01 - Brandwall",,1342302824,,,,,,,,,,,,,,,,,
,,,,,,,MVD25-00698,n/a,n/a,n/a,MP2508-0094,Assigned,,NUC,Core 3,8,250,HDMI,Wifi,,,520,Bandar Baru Bangi MEPLite-BM 01 - Brandwall,,1045960553,,,,,,,,,,,,,,,,,
,,,,,,,MVD25-00699,n/a,n/a,n/a,MP2508-0091,Assigned,,NUC,Core 3,8,250,HDMI,Wifi,,,296,NSK Kuchai Lama MEPLite-EN 01 - Brandwall,,1768868592,,,,,,,,,,,,,,,,,
505,,,,,,,MVD26-00001,Philips,"50""",1920x1080,MP2508-0113,Assigned,,NUC,Core 3 ,8,250,HDMI,LAN,Store Front,SF,257,Selayang Mall MEP-BM 4 - SF,BM,1119552885,cl1ck1x123,,P1,,,Aiman,Selayang Mall,ONE TO ONE COMMUNICATIONS SDN BHD,MEP,Central,Selangor,Batu Caves,Mall,Shop,"LOT G01, SELAYANG MALL, JALAN SU 9, TAMAN SELAYANG UTAMA, 68100 BATU CAVES, SELANGOR.",SAM,60123200032
399,,,,,,,n/a,n/a,n/a,n/a,MP2505-0048,Assigned,,Intel NUC,i3-13,8,250,HDMI,tbc,tbc,tbc,n/a,"Centre Point, KK MEP-BM",,1762010453,cl1ck1x123,,,,,,,,,,,,,,,,
27,,,,,,,new MVD x2,tbc,tbc,5760x2160,MP2505-0045,Assigned,,Intel NUC,i3-13,8,250,HDMI,LAN,MyGadgets-BrandWall,Right - Back,213,AEON Cheras Selatan MEP-EN 1 - MyGadgets-BrandWall,EN,1032386431,cl1ck1x123,,,,,,,,,,,,,,,,
28,,,,,,,new MVD x2,tbc,tbc,3000x1920,MP2505-0047,Assigned,,Intel NUC,i3-13,8,250,HDMI,LAN,SF-MyHome,Left - Front,214,AEON Cheras Selatan MEP-EN 2 - SF-MyHome,EN,1893342127,cl1ck1x123,,,,,,,,,,,,,,,,
,,,,,,,MVD26-00008,Panasonic,"40""",1920x1080,n/a,,,,,,,,,,,,Lotus Bertam MEP,,,,,,,,,,,,,,,,,,,
404,,,,,,,tbc,tbc,tbc,tbc,MMP25-00597,Disposed,,Lenovo,i5-9,8,1200,DP-HDMI,tbc,tbc,tbc,n/a,n/a,,1760627217,cl1ck1x123,,,,,,,,,,,,,,,,
668,,,,,,,tbc,tbc,tbc,tbc,MMP25-00607,Broken,,Emboos,tbc,tbc,tbc,tbc,tbc,tbc,tbc,,,,,,,,,,,,,,,,,,,,,
669,,,,,,,tbc,tbc,tbc,tbc,MMP25-00608,Broken,,tbc,,,,,,,,,,,,,,,,,,,,,,,,,,,,
,,,,,,,tbc,tbc,tbc,tbc,MMP25-00616,Broken,,HP,,,,,,,,,,,,,,,,,,,,,,,,,,,,
,,,,,,,tbc,tbc,tbc,tbc,MMP25-00621,Broken,,HP,,,,,,,,,,,,,,,,,,,,,,,,,,,,
672,,,,,,,tbc,tbc,tbc,tbc,MMP25-00611,Broken,,Intel NUC,broken,,,,,,,,,,,,,,,,,,,,,,,,,,,
673,,,,,,,tbc,tbc,tbc,tbc,MMP25-00612,Broken,,Intel NUC,broken,,,,,,,,,,,,,,,,,,,,,,,,,,,
674,,,,,,,tbc,tbc,tbc,tbc,MMP25-00613,,,Dell,tbc,,,,,,,,,,,,,,,,,,,,,,,,,,,
675,,,,,,,tbc,tbc,tbc,tbc,MMP25-00614,Broken,,Intel NUC,,,,,,,,,,,,,,,,,,,,,,,,,,,,
,,,,,,,tbc,tbc,tbc,tbc,MMP25-00615,Broken,,Emboss,,,,,,,,,,,,,,,,,,,,,,,,,,,,
105,150,421,4,15,2,2,MVD25-00421,Sharp,"40""",1920x1080,MP2602-0029,Assigned,,HP,i5-3,4,250,DP-HDMI,LAN,Postpaid,Right -1 ,483,Amanjaya Mall MEP-BM 2 - P2 (Postpaid),BM,1192768765,cl1ck1x123,,P2,,pc very slow,adam,"Amanjaya Mall, Sungai Petani",NORTHERN STREAM SDN BHD,MEP,Northern,Kedah,Sungai Petani,Mall,Shop,"GL5 GROUND FLOOR, AMANJAYA MALL, NO.1 JALAN JATI 1,  08000 SUNGAI PETANI, KEDAH.",GUNA,60125015813
,,,,,,,tbc,tbc,tbc,tbc,MMP25-00617,Broken,,Fujitsu,,,,,,,,,,,,,,,,,,,,,,,,,,,,
,,,,,,,tbc,tbc,tbc,tbc,MMP25-00618,Broken,,Fujitsu,,,,,,,,,,,,,,,,,,,,,,,,,,,,
,,,,,,,tbc,tbc,tbc,tbc,MMP25-00619,Broken,,Emboss,,,,,,,,,,,,,,,,,,,,,,,,,,,,
,,,,,,,tbc,tbc,tbc,tbc,MMP25-00620,Broken,,Emboss,,,,,,,,,,,,,,,,,,,,,,,,,,,,
15,116,330,3,14,6,6,MVD25-00330,Generic,"40""",1920x1080,MP2602-0031,Assigned,,HP,i5-4,4,500,DP-HDMI,LAN,,Back,322,AEON Bkt Mertajam MC-EN 6 - P1 (Back),EN,1364896486,cl1ck1x123,,P1,,,adam,Aeon Bkt Mertajam,MAXIS CENTRE BUKIT MERTAJAM,MC,Northern,Penang,Bukit Mertajam,Mall,Shop,"Lot S47 & S48, 2nd Floor, AEON Bukit Mertajam, Lot No. 30908, Jalan Rozhan Alma, 14000 Bukit Mertajam, Pulau Pinang",Sasha Kumaresen ,60175000464
,,,,,,,tbc,tbc,tbc,tbc,MMP25-00622,Broken,,Fujitsu,,,,,,,,,,,,,,,,,,,,,,,,,,,,
,,,,,,,tbc,tbc,tbc,tbc,MMP25-00623,Broken,,Dell,,,,,,,,,,,,,,,,,,,,,,,,,,,,
,,,,,,,tbc,tbc,tbc,tbc,MMP25-00624,Broken,,Fujitsu,,,,,,,,,,,,,,,,,,,,,,,,,,,,
,,,,,,,tbc,tbc,tbc,tbc,MMP25-00625,Broken,,Emboss,,,,,,,,,,,,,,,,,,,,,,,,,,,,
,,,,,,,,,,1920x1080,MP2505-0050,Assigned,,Intel NUC,i3-13,8,250,HDMI,WiFi ,postpaid,1 screen,,"Kubota, Tawau MEP-EN",EN,1535070471,cl1ck1x125,888190244,P1,,,,"Kubota, Tawau",CL ENTERPRISE,MEP,Sabah,Sabah,Tawau,Mall,Shop,"TB 15616, GROUND FLOOR, LOT 71, BLOCK D, KUBOTA SQAURE, JALAN KUBOTA, 91000 TAWAU, SABAH.",CHAN PUI YIENG,60128401199
,,,,,,,,,,,,,,,,,,,,,,,,,,,,,,,,,,,,,,,,,,
,,,,,,,,,,,,,,,,,,,,,,,,,,,,,,,,,,,,,,,,,,
,,,,,,,,,,,,,,,,,,,,,,,,,,,,,,,,,,,,,,,,,,
,,,,,,,,,,,,,,,,,,,,,,,,,,,,,,,,,,,,,,,,,,
,,,,,,,,,,,,,,,,,,,,,,,,,,,,,,,,,,,,,,,,,,
,,,,,,,,,,,,,,,,,,,,,,,,,,,,,,,,,,,,,,,,,,
,,,,,,,,,,,,,,,,,,,,,,,,,,,,,,,,,,,,,,,,,,
,,,,,,,,,,,,,,,,,,,,,,,,,,,,,,,,,,,,,,,,,,
,,,,,,,,,,,,,,,,,,,,,,,,,,,,,,,,,,,,,,,,,,
,,,,,,,,,,,,,,,,,,,,,,,,,,,,,,,,,,,,,,,,,,
,,,,,,,,,,,,,,,,,,,,,,,,,,,,,,,,,,,,,,,,,,
,,,,,,,,,,,,,,,,,,,,,,,,,,,,,,,,,,,,,,,,,,
,,,,,,,,,,,,,,,,,,,,,,,,,,,,,,,,,,,,,,,,,,
,,,,,,,,,,,,,,,,,,,,,,,,,,,,,,,,,,,,,,,,,,
,,,,,,,,,,,,,,,,,,,,,,,,,,,,,,,,,,,,,,,,,,
,,,,,,,,,,,,,,,,,,,,,,,,,,,,,,,,,,,,,,,,,,
,,,,,,,,,,,,,,,,,,,,,,,,,,,,,,,,,,,,,,,,,,
,,,,,,,,,,,,,,,,,,,,,,,,,,,,,,,,,,,,,,,,,,
,,,,,,,,,,,,,,,,,,,,,,,,,,,,,,,,,,,,,,,,,,
,,,,,,,,,,,,,,,,,,,,,,,,,,,,,,,,,,,,,,,,,,
,,,,,,,,,,,,,,,,,,,,,,,,,,,,,,,,,,,,,,,,,,
,,,,,,,,,,,,,,,,,,,,,,,,,,,,,,,,,,,,,,,,,,
,,,,,,,,,,,,,,,,,,,,,,,,,,,,,,,,,,,,,,,,,,
,,,,,,,,,,,,,,,,,,,,,,,,,,,,,,,,,,,,,,,,,,
,,,,,,,,,,,,,,,,,,,,,,,,,,,,,,,,,,,,,,,,,,
,,,,,,,,,,,,,,,,,,,,,,,,,,,,,,,,,,,,,,,,,,
,,,,,,,,,,,,,,,,,,,,,,,,,,,,,,,,,,,,,,,,,,
,,,,,,,,,,,,,,,,,,,,,,,,,,,,,,,,,,,,,,,,,,
,,,,,,,,,,,,,,,,,,,,,,,,,,,,,,,,,,,,,,,,,,
,,,,,,,,,,,,,,,,,,,,,,,,,,,,,,,,,,,,,,,,,,
,,,,,,,,,,,,,,,,,,,,,,,,,,,,,,,,,,,,,,,,,,
,,,,,,,,,,,,,,,,,,,,,,,,,,,,,,,,,,,,,,,,,,
,,,,,,,,,,,,,,,,,,,,,,,,,,,,,,,,,,,,,,,,,,
,,,,,,,,,,,,,,,,,,,,,,,,,,,,,,,,,,,,,,,,,,
,,,,,,,,,,,,,,,,,,,,,,,,,,,,,,,,,,,,,,,,,,
,,,,,,,,,,,,,,,,,,,,,,,,,,,,,,,,,,,,,,,,,,
,,,,,,,,,,,,,,,,,,,,,,,,,,,,,,,,,,,,,,,,,,
,,,,,,,,,,,,,,,,,,,,,,,,,,,,,,,,,,,,,,,,,,
,,,,,,,,,,,,,,,,,,,,,,,,,,,,,,,,,,,,,,,,,,
,,,,,,,,,,,,,,,,,,,,,,,,,,,,,,,,,,,,,,,,,,
,,,,,,,,,,,,,,,,,,,,,,,,,,,,,,,,,,,,,,,,,,
,,,,,,,,,, ,,,,,,,,,,,,,,,,,,,,,,,,,,,,,,,,
,,,,,,,,,,,,,,,,,,,,,,,,,,,,,,,,,,,,,,,,,,
